Found "C:\Users\razin\shopizer\sm-shop\.mvn\wrapper\maven-wrapper.jar"
[INFO] Scanning for projects...
[INFO] Inspecting build with total of 1 modules...
[INFO] Installing Nexus Staging features:
[INFO]   ... total of 1 executions of maven-deploy-plugin replaced with nexus-staging-maven-plugin
[INFO] 
[INFO] ------------------------------------------------------------------------
[INFO] Building sm-shop 3.2.5
[INFO] ------------------------------------------------------------------------
[INFO] 
[INFO] --- maven-clean-plugin:3.1.0:clean (default-clean) @ sm-shop ---
[INFO] Deleting C:\Users\razin\shopizer\sm-shop\target
[INFO] 
[INFO] --- maven-resources-plugin:3.2.0:resources (default-resources) @ sm-shop ---
[INFO] Using 'UTF-8' encoding to copy filtered resources.
[INFO] Using 'UTF-8' encoding to copy filtered properties files.
[INFO] Copying 1 resource
[INFO] Copying 23 resources
[INFO] 
[INFO] --- maven-compiler-plugin:3.8.1:compile (default-compile) @ sm-shop ---
[INFO] Changes detected - recompiling the module!
[INFO] Compiling 310 source files to C:\Users\razin\shopizer\sm-shop\target\classes
[INFO] /C:/Users/razin/shopizer/sm-shop/src/main/java/com/salesmanager/shop/populator/order/PersistableOrderPopulator.java: Some input files use or override a deprecated API.
[INFO] /C:/Users/razin/shopizer/sm-shop/src/main/java/com/salesmanager/shop/populator/order/PersistableOrderPopulator.java: Recompile with -Xlint:deprecation for details.
[INFO] /C:/Users/razin/shopizer/sm-shop/src/main/java/com/salesmanager/shop/store/controller/store/facade/StoreFacadeImpl.java: Some input files use or override a deprecated API that is marked for removal.
[INFO] /C:/Users/razin/shopizer/sm-shop/src/main/java/com/salesmanager/shop/store/controller/store/facade/StoreFacadeImpl.java: Recompile with -Xlint:removal for details.
[INFO] 
[INFO] --- maven-resources-plugin:3.2.0:testResources (default-testResources) @ sm-shop ---
[INFO] Using 'UTF-8' encoding to copy filtered resources.
[INFO] Using 'UTF-8' encoding to copy filtered properties files.
[INFO] Copying 5 resources
[INFO] 
[INFO] --- maven-compiler-plugin:3.8.1:testCompile (default-testCompile) @ sm-shop ---
[INFO] Changes detected - recompiling the module!
[INFO] Compiling 15 source files to C:\Users\razin\shopizer\sm-shop\target\test-classes
[INFO] /C:/Users/razin/shopizer/sm-shop/src/test/java/com/salesmanager/test/shop/common/ServicesTestSupport.java: Some input files use or override a deprecated API.
[INFO] /C:/Users/razin/shopizer/sm-shop/src/test/java/com/salesmanager/test/shop/common/ServicesTestSupport.java: Recompile with -Xlint:deprecation for details.
[INFO] 
[INFO] --- maven-surefire-plugin:2.22.2:test (default-test) @ sm-shop ---
[INFO] Tests are skipped.
[INFO] 
[INFO] --- maven-jar-plugin:3.2.2:jar (default-jar) @ sm-shop ---
[INFO] Building jar: C:\Users\razin\shopizer\sm-shop\target\shopizer.jar
[INFO] 
[INFO] --- maven-source-plugin:3.2.1:jar-no-fork (attach-sources) @ sm-shop ---
[INFO] Building jar: C:\Users\razin\shopizer\sm-shop\target\shopizer-sources.jar
[INFO] 
[INFO] --- spring-boot-maven-plugin:2.5.12:repackage (repackage) @ sm-shop ---
[INFO] Replacing main artifact with repackaged archive
[INFO] 
[INFO] --- maven-install-plugin:2.5.2:install (default-install) @ sm-shop ---
[INFO] Installing C:\Users\razin\shopizer\sm-shop\target\shopizer.jar to C:\Users\razin\.m2\repository\com\shopizer\sm-shop\3.2.5\sm-shop-3.2.5.jar
[INFO] Installing C:\Users\razin\shopizer\sm-shop\pom.xml to C:\Users\razin\.m2\repository\com\shopizer\sm-shop\3.2.5\sm-shop-3.2.5.pom
[INFO] Installing C:\Users\razin\shopizer\sm-shop\target\shopizer-sources.jar to C:\Users\razin\.m2\repository\com\shopizer\sm-shop\3.2.5\sm-shop-3.2.5-sources.jar
[INFO] ------------------------------------------------------------------------
[INFO] BUILD SUCCESS
[INFO] ------------------------------------------------------------------------
[INFO] Total time: 53.467 s
[INFO] Finished at: 2025-12-16T00:10:16+08:00
[INFO] Final Memory: 96M/348M
[INFO] ------------------------------------------------------------------------
Found "C:\Users\razin\shopizer\sm-shop\.mvn\wrapper\maven-wrapper.jar"
[INFO] Scanning for projects...
[INFO] Inspecting build with total of 1 modules...
[INFO] Installing Nexus Staging features:
[INFO]   ... total of 1 executions of maven-deploy-plugin replaced with nexus-staging-maven-plugin
[INFO] 
[INFO] ------------------------------------------------------------------------
[INFO] Building sm-shop 3.2.5
[INFO] ------------------------------------------------------------------------
[INFO] 
[INFO] >>> spring-boot-maven-plugin:2.5.12:run (default-cli) > test-compile @ sm-shop >>>
[INFO] 
[INFO] --- maven-resources-plugin:3.2.0:resources (default-resources) @ sm-shop ---
[INFO] Using 'UTF-8' encoding to copy filtered resources.
[INFO] Using 'UTF-8' encoding to copy filtered properties files.
[INFO] Copying 1 resource
[INFO] Copying 23 resources
[INFO] 
[INFO] --- maven-compiler-plugin:3.8.1:compile (default-compile) @ sm-shop ---
[INFO] Nothing to compile - all classes are up to date
[INFO] 
[INFO] --- maven-resources-plugin:3.2.0:testResources (default-testResources) @ sm-shop ---
[INFO] Using 'UTF-8' encoding to copy filtered resources.
[INFO] Using 'UTF-8' encoding to copy filtered properties files.
[INFO] Copying 5 resources
[INFO] 
[INFO] --- maven-compiler-plugin:3.8.1:testCompile (default-testCompile) @ sm-shop ---
[INFO] Nothing to compile - all classes are up to date
[INFO] 
[INFO] <<< spring-boot-maven-plugin:2.5.12:run (default-cli) < test-compile @ sm-shop <<<
[INFO] 
[INFO] 
[INFO] --- spring-boot-maven-plugin:2.5.12:run (default-cli) @ sm-shop ---
[INFO] Attaching agents: []
 _____  _                    _                  
/  ___|| |                  (_)                 
\ `--. | |__    ___   _ __   _  ____  ___  _ __ 
 `--. \| '_ \  / _ \ | '_ \ | ||_  / / _ \| '__|
/\__/ /| | | || (_) || |_) || | / / |  __/| |   
\____/ |_| |_| \___/ | .__/ |_|/___| \___||_|   
                     | |                        
                     |_|                        
Shopizer 3.2.5 [based on Spring Boot version 2.5.12]

2025-12-16 00:10:32.369  INFO 28064 --- [           main] c.s.shop.application.ShopApplication     : Starting ShopApplication using Java 21.0.9 on Razin with PID 28064 (C:\Users\razin\shopizer\sm-shop\target\classes started by razin in C:\Users\razin\shopizer\sm-shop)
2025-12-16 00:10:32.386 DEBUG 28064 --- [           main] c.s.shop.application.ShopApplication     : Running with Spring Boot v2.5.12, Spring v5.3.18
2025-12-16 00:10:32.387  INFO 28064 --- [           main] c.s.shop.application.ShopApplication     : No active profile set, falling back to 1 default profile: "default"
2025-12-16 00:10:35.463  INFO 28064 --- [           main] .s.d.r.c.RepositoryConfigurationDelegate : Bootstrapping Spring Data JPA repositories in DEFAULT mode.
2025-12-16 00:10:35.915  INFO 28064 --- [           main] .s.d.r.c.RepositoryConfigurationDelegate : Finished Spring Data repository scanning in 438 ms. Found 72 JPA repository interfaces.
2025-12-16 00:10:37.548  INFO 28064 --- [           main] trationDelegate$BeanPostProcessorChecker : Bean 'org.springframework.aop.support.DefaultBeanFactoryPointcutAdvisor#0' of type [org.springframework.aop.support.DefaultBeanFactoryPointcutAdvisor] is not eligible for getting processed by all BeanPostProcessors (for example: not eligible for auto-proxying)
2025-12-16 00:10:38.190  INFO 28064 --- [           main] trationDelegate$BeanPostProcessorChecker : Bean 'org.springframework.security.access.expression.method.DefaultMethodSecurityExpressionHandler@5a8656a2' of type [org.springframework.security.access.expression.method.DefaultMethodSecurityExpressionHandler] is not eligible for getting processed by all BeanPostProcessors (for example: not eligible for auto-proxying)
2025-12-16 00:10:38.194  INFO 28064 --- [           main] trationDelegate$BeanPostProcessorChecker : Bean 'methodSecurityConfig' of type [com.salesmanager.shop.application.config.MethodSecurityConfig$$EnhancerBySpringCGLIB$$55da6cf7] is not eligible for getting processed by all BeanPostProcessors (for example: not eligible for auto-proxying)
2025-12-16 00:10:38.222  INFO 28064 --- [           main] trationDelegate$BeanPostProcessorChecker : Bean 'methodSecurityMetadataSource' of type [org.springframework.security.access.method.DelegatingMethodSecurityMetadataSource] is not eligible for getting processed by all BeanPostProcessors (for example: not eligible for auto-proxying)
2025-12-16 00:10:38.979  INFO 28064 --- [           main] o.s.b.w.embedded.tomcat.TomcatWebServer  : Tomcat initialized with port(s): 8080 (http)
2025-12-16 00:10:38.998  INFO 28064 --- [           main] o.apache.catalina.core.StandardService   : Starting service [Tomcat]
2025-12-16 00:10:38.999  INFO 28064 --- [           main] org.apache.catalina.core.StandardEngine  : Starting Servlet engine: [Apache Tomcat/9.0.60]
2025-12-16 00:10:39.694  INFO 28064 --- [           main] org.apache.jasper.servlet.TldScanner     : At least one JAR was scanned for TLDs yet contained no TLDs. Enable debug logging for this logger for a complete list of JARs that were scanned but no TLDs were found in them. Skipping unneeded JARs during scanning can improve startup time and JSP compilation time.
2025-12-16 00:10:39.704  INFO 28064 --- [           main] o.a.c.c.C.[Tomcat].[localhost].[/]       : Initializing Spring embedded WebApplicationContext
2025-12-16 00:10:39.705  INFO 28064 --- [           main] w.s.c.ServletWebServerApplicationContext : Root WebApplicationContext: initialization completed in 7241 ms
2025-12-16 00:10:40.368  INFO 28064 --- [           main] o.hibernate.jpa.internal.util.LogHelper  : HHH000204: Processing PersistenceUnitInfo [name: default]
2025-12-16 00:10:40.512  INFO 28064 --- [           main] org.hibernate.Version                    : HHH000412: Hibernate ORM core version 5.4.33
2025-12-16 00:10:40.775  WARN 28064 --- [           main] org.hibernate.orm.deprecation            : HHH020100: The Ehcache second-level cache provider for Hibernate is deprecated.  See https://hibernate.atlassian.net/browse/HHH-12441 for details.
2025-12-16 00:10:40.813  INFO 28064 --- [           main] o.hibernate.annotations.common.Version   : HCANN000001: Hibernate Commons Annotations {5.1.2.Final}
2025-12-16 00:10:41.200  WARN 28064 --- [           main] com.zaxxer.hikari.HikariConfig           : HikariPool-1 - idleTimeout has been set but has no effect because the pool is operating as a fixed size pool.
2025-12-16 00:10:41.204  INFO 28064 --- [           main] com.zaxxer.hikari.HikariDataSource       : HikariPool-1 - Starting...
2025-12-16 00:10:42.822  INFO 28064 --- [           main] com.zaxxer.hikari.HikariDataSource       : HikariPool-1 - Start completed.
2025-12-16 00:10:42.858  INFO 28064 --- [           main] org.hibernate.dialect.Dialect            : HHH000400: Using dialect: org.hibernate.dialect.PostgreSQL10Dialect
2025-12-16 00:10:44.112  WARN 28064 --- [           main] org.hibernate.cfg.AnnotationBinder       : HHH000503: A class should not be annotated with both @Inheritance and @MappedSuperclass. @Inheritance will be ignored for: com.salesmanager.core.model.common.description.Description.
2025-12-16 00:10:44.282  WARN 28064 --- [           main] o.h.b.i.InFlightMetadataCollectorImpl    : HHH000069: Duplicate generator name TABLE_GEN
2025-12-16 00:10:44.289  WARN 28064 --- [           main] o.h.b.i.InFlightMetadataCollectorImpl    : HHH000069: Duplicate generator name description_gen
2025-12-16 00:10:44.297  WARN 28064 --- [           main] o.h.b.i.InFlightMetadataCollectorImpl    : HHH000069: Duplicate generator name TABLE_GEN
2025-12-16 00:10:44.299  WARN 28064 --- [           main] o.h.b.i.InFlightMetadataCollectorImpl    : HHH000069: Duplicate generator name TABLE_GEN
2025-12-16 00:10:44.303  WARN 28064 --- [           main] o.h.b.i.InFlightMetadataCollectorImpl    : HHH000069: Duplicate generator name TABLE_GEN
2025-12-16 00:10:44.308  WARN 28064 --- [           main] o.h.b.i.InFlightMetadataCollectorImpl    : HHH000069: Duplicate generator name TABLE_GEN
2025-12-16 00:10:44.311  WARN 28064 --- [           main] o.h.b.i.InFlightMetadataCollectorImpl    : HHH000069: Duplicate generator name description_gen
2025-12-16 00:10:44.314  WARN 28064 --- [           main] o.h.b.i.InFlightMetadataCollectorImpl    : HHH000069: Duplicate generator name TABLE_GEN
2025-12-16 00:10:44.317  WARN 28064 --- [           main] o.h.b.i.InFlightMetadataCollectorImpl    : HHH000069: Duplicate generator name TABLE_GEN
2025-12-16 00:10:44.324  WARN 28064 --- [           main] o.h.b.i.InFlightMetadataCollectorImpl    : HHH000069: Duplicate generator name TABLE_GEN
2025-12-16 00:10:44.330  WARN 28064 --- [           main] o.h.b.i.InFlightMetadataCollectorImpl    : HHH000069: Duplicate generator name TABLE_GEN
2025-12-16 00:10:44.333  WARN 28064 --- [           main] o.h.b.i.InFlightMetadataCollectorImpl    : HHH000069: Duplicate generator name description_gen
2025-12-16 00:10:44.336  WARN 28064 --- [           main] o.h.b.i.InFlightMetadataCollectorImpl    : HHH000069: Duplicate generator name description_gen
2025-12-16 00:10:44.348  WARN 28064 --- [           main] o.h.b.i.InFlightMetadataCollectorImpl    : HHH000069: Duplicate generator name TABLE_GEN
2025-12-16 00:10:44.358  WARN 28064 --- [           main] o.h.b.i.InFlightMetadataCollectorImpl    : HHH000069: Duplicate generator name TABLE_GEN
2025-12-16 00:10:44.361  WARN 28064 --- [           main] o.h.b.i.InFlightMetadataCollectorImpl    : HHH000069: Duplicate generator name TABLE_GEN
2025-12-16 00:10:44.364  WARN 28064 --- [           main] o.h.b.i.InFlightMetadataCollectorImpl    : HHH000069: Duplicate generator name TABLE_GEN
2025-12-16 00:10:44.369  WARN 28064 --- [           main] o.h.b.i.InFlightMetadataCollectorImpl    : HHH000069: Duplicate generator name TABLE_GEN
2025-12-16 00:10:44.371  WARN 28064 --- [           main] o.h.b.i.InFlightMetadataCollectorImpl    : HHH000069: Duplicate generator name description_gen
2025-12-16 00:10:44.375  WARN 28064 --- [           main] o.h.b.i.InFlightMetadataCollectorImpl    : HHH000069: Duplicate generator name TABLE_GEN
2025-12-16 00:10:44.378  WARN 28064 --- [           main] o.h.b.i.InFlightMetadataCollectorImpl    : HHH000069: Duplicate generator name TABLE_GEN
2025-12-16 00:10:44.382  WARN 28064 --- [           main] o.h.b.i.InFlightMetadataCollectorImpl    : HHH000069: Duplicate generator name TABLE_GEN
2025-12-16 00:10:44.391  WARN 28064 --- [           main] o.h.b.i.InFlightMetadataCollectorImpl    : HHH000069: Duplicate generator name TABLE_GEN
2025-12-16 00:10:44.394  WARN 28064 --- [           main] o.h.b.i.InFlightMetadataCollectorImpl    : HHH000069: Duplicate generator name description_gen
2025-12-16 00:10:44.397  WARN 28064 --- [           main] o.h.b.i.InFlightMetadataCollectorImpl    : HHH000069: Duplicate generator name description_gen
2025-12-16 00:10:44.398  WARN 28064 --- [           main] o.h.b.i.InFlightMetadataCollectorImpl    : HHH000069: Duplicate generator name description_gen
2025-12-16 00:10:44.402  WARN 28064 --- [           main] o.h.b.i.InFlightMetadataCollectorImpl    : HHH000069: Duplicate generator name TABLE_GEN
2025-12-16 00:10:44.404  WARN 28064 --- [           main] o.h.b.i.InFlightMetadataCollectorImpl    : HHH000069: Duplicate generator name TABLE_GEN
2025-12-16 00:10:44.406  WARN 28064 --- [           main] o.h.b.i.InFlightMetadataCollectorImpl    : HHH000069: Duplicate generator name description_gen
2025-12-16 00:10:44.410  WARN 28064 --- [           main] o.h.b.i.InFlightMetadataCollectorImpl    : HHH000069: Duplicate generator name TABLE_GEN
2025-12-16 00:10:44.413  WARN 28064 --- [           main] o.h.b.i.InFlightMetadataCollectorImpl    : HHH000069: Duplicate generator name TABLE_GEN
2025-12-16 00:10:44.415  WARN 28064 --- [           main] o.h.b.i.InFlightMetadataCollectorImpl    : HHH000069: Duplicate generator name description_gen
2025-12-16 00:10:44.420  WARN 28064 --- [           main] o.h.b.i.InFlightMetadataCollectorImpl    : HHH000069: Duplicate generator name TABLE_GEN
2025-12-16 00:10:44.426  WARN 28064 --- [           main] o.h.b.i.InFlightMetadataCollectorImpl    : HHH000069: Duplicate generator name TABLE_GEN
2025-12-16 00:10:44.431  WARN 28064 --- [           main] o.h.b.i.InFlightMetadataCollectorImpl    : HHH000069: Duplicate generator name TABLE_GEN
2025-12-16 00:10:44.432  WARN 28064 --- [           main] o.h.b.i.InFlightMetadataCollectorImpl    : HHH000069: Duplicate generator name description_gen
2025-12-16 00:10:44.436  WARN 28064 --- [           main] o.h.b.i.InFlightMetadataCollectorImpl    : HHH000069: Duplicate generator name TABLE_GEN
2025-12-16 00:10:44.443  WARN 28064 --- [           main] o.h.b.i.InFlightMetadataCollectorImpl    : HHH000069: Duplicate generator name TABLE_GEN
2025-12-16 00:10:44.451  WARN 28064 --- [           main] o.h.b.i.InFlightMetadataCollectorImpl    : HHH000069: Duplicate generator name TABLE_GEN
2025-12-16 00:10:44.454  WARN 28064 --- [           main] o.h.b.i.InFlightMetadataCollectorImpl    : HHH000069: Duplicate generator name TABLE_GEN
2025-12-16 00:10:44.459  WARN 28064 --- [           main] o.h.b.i.InFlightMetadataCollectorImpl    : HHH000069: Duplicate generator name TABLE_GEN
2025-12-16 00:10:44.463  WARN 28064 --- [           main] o.h.b.i.InFlightMetadataCollectorImpl    : HHH000069: Duplicate generator name TABLE_GEN
2025-12-16 00:10:44.466  WARN 28064 --- [           main] o.h.b.i.InFlightMetadataCollectorImpl    : HHH000069: Duplicate generator name TABLE_GEN
2025-12-16 00:10:44.468  WARN 28064 --- [           main] o.h.b.i.InFlightMetadataCollectorImpl    : HHH000069: Duplicate generator name TABLE_GEN
2025-12-16 00:10:44.471  WARN 28064 --- [           main] o.h.b.i.InFlightMetadataCollectorImpl    : HHH000069: Duplicate generator name TABLE_GEN
2025-12-16 00:10:44.473  WARN 28064 --- [           main] o.h.b.i.InFlightMetadataCollectorImpl    : HHH000069: Duplicate generator name TABLE_GEN
2025-12-16 00:10:44.474  WARN 28064 --- [           main] o.h.b.i.InFlightMetadataCollectorImpl    : HHH000069: Duplicate generator name description_gen
2025-12-16 00:10:44.476  WARN 28064 --- [           main] o.h.b.i.InFlightMetadataCollectorImpl    : HHH000069: Duplicate generator name TABLE_GEN
2025-12-16 00:10:44.477  WARN 28064 --- [           main] o.h.b.i.InFlightMetadataCollectorImpl    : HHH000069: Duplicate generator name description_gen
2025-12-16 00:10:44.478  WARN 28064 --- [           main] o.h.b.i.InFlightMetadataCollectorImpl    : HHH000069: Duplicate generator name TABLE_GEN
2025-12-16 00:10:44.481  WARN 28064 --- [           main] o.h.b.i.InFlightMetadataCollectorImpl    : HHH000069: Duplicate generator name TABLE_GEN
2025-12-16 00:10:44.484  WARN 28064 --- [           main] o.h.b.i.InFlightMetadataCollectorImpl    : HHH000069: Duplicate generator name TABLE_GEN
2025-12-16 00:10:44.485  WARN 28064 --- [           main] o.h.b.i.InFlightMetadataCollectorImpl    : HHH000069: Duplicate generator name TABLE_GEN
2025-12-16 00:10:44.488  WARN 28064 --- [           main] o.h.b.i.InFlightMetadataCollectorImpl    : HHH000069: Duplicate generator name TABLE_GEN
2025-12-16 00:10:44.490  WARN 28064 --- [           main] o.h.b.i.InFlightMetadataCollectorImpl    : HHH000069: Duplicate generator name TABLE_GEN
2025-12-16 00:10:44.491  WARN 28064 --- [           main] o.h.b.i.InFlightMetadataCollectorImpl    : HHH000069: Duplicate generator name description_gen
2025-12-16 00:10:44.496  WARN 28064 --- [           main] o.h.b.i.InFlightMetadataCollectorImpl    : HHH000069: Duplicate generator name TABLE_GEN
2025-12-16 00:10:44.502  WARN 28064 --- [           main] o.h.b.i.InFlightMetadataCollectorImpl    : HHH000069: Duplicate generator name TABLE_GEN
2025-12-16 00:10:44.505  WARN 28064 --- [           main] o.h.b.i.InFlightMetadataCollectorImpl    : HHH000069: Duplicate generator name TABLE_GEN
2025-12-16 00:10:44.506  WARN 28064 --- [           main] o.h.b.i.InFlightMetadataCollectorImpl    : HHH000069: Duplicate generator name description_gen
2025-12-16 00:10:44.508  WARN 28064 --- [           main] o.h.b.i.InFlightMetadataCollectorImpl    : HHH000069: Duplicate generator name TABLE_GEN
2025-12-16 00:10:44.510  WARN 28064 --- [           main] o.h.b.i.InFlightMetadataCollectorImpl    : HHH000069: Duplicate generator name TABLE_GEN
2025-12-16 00:10:44.513  WARN 28064 --- [           main] o.h.b.i.InFlightMetadataCollectorImpl    : HHH000069: Duplicate generator name TABLE_GEN
2025-12-16 00:10:44.515  WARN 28064 --- [           main] o.h.b.i.InFlightMetadataCollectorImpl    : HHH000069: Duplicate generator name TABLE_GEN
2025-12-16 00:10:44.519  WARN 28064 --- [           main] o.h.b.i.InFlightMetadataCollectorImpl    : HHH000069: Duplicate generator name TABLE_GEN
2025-12-16 00:10:44.523  WARN 28064 --- [           main] o.h.b.i.InFlightMetadataCollectorImpl    : HHH000069: Duplicate generator name TABLE_GEN
2025-12-16 00:10:44.524  WARN 28064 --- [           main] o.h.b.i.InFlightMetadataCollectorImpl    : HHH000069: Duplicate generator name TABLE_GEN
2025-12-16 00:10:44.526  WARN 28064 --- [           main] o.h.b.i.InFlightMetadataCollectorImpl    : HHH000069: Duplicate generator name TABLE_GEN
2025-12-16 00:10:44.528  WARN 28064 --- [           main] o.h.b.i.InFlightMetadataCollectorImpl    : HHH000069: Duplicate generator name TABLE_GEN
2025-12-16 00:10:44.534  WARN 28064 --- [           main] o.h.b.i.InFlightMetadataCollectorImpl    : HHH000069: Duplicate generator name TABLE_GEN
2025-12-16 00:10:44.536  WARN 28064 --- [           main] o.h.b.i.InFlightMetadataCollectorImpl    : HHH000069: Duplicate generator name TABLE_GEN
2025-12-16 00:10:44.539  WARN 28064 --- [           main] o.h.b.i.InFlightMetadataCollectorImpl    : HHH000069: Duplicate generator name TABLE_GEN
2025-12-16 00:10:44.541  WARN 28064 --- [           main] o.h.b.i.InFlightMetadataCollectorImpl    : HHH000069: Duplicate generator name description_gen
2025-12-16 00:10:44.541  WARN 28064 --- [           main] o.h.b.i.InFlightMetadataCollectorImpl    : HHH000069: Duplicate generator name description_gen
2025-12-16 00:10:44.544  WARN 28064 --- [           main] o.h.b.i.InFlightMetadataCollectorImpl    : HHH000069: Duplicate generator name TABLE_GEN
2025-12-16 00:10:44.545  WARN 28064 --- [           main] o.h.b.i.InFlightMetadataCollectorImpl    : HHH000069: Duplicate generator name TABLE_GEN
2025-12-16 00:10:44.546  WARN 28064 --- [           main] o.h.b.i.InFlightMetadataCollectorImpl    : HHH000069: Duplicate generator name TABLE_GEN
2025-12-16 00:10:44.548  WARN 28064 --- [           main] o.h.b.i.InFlightMetadataCollectorImpl    : HHH000069: Duplicate generator name TABLE_GEN
2025-12-16 00:10:44.829  INFO 28064 --- [           main] org.hibernate.orm.beans                  : HHH10005002: No explicit CDI BeanManager reference was passed to Hibernate, but CDI is available on the Hibernate ClassLoader.
2025-12-16 00:10:44.940  WARN 28064 --- [           main] n.s.ehcache.config.ConfigurationFactory  : No configuration found. Configuring ehcache from ehcache-failsafe.xml  found in the classpath: jar:file:/C:/Users/razin/.m2/repository/net/sf/ehcache/ehcache/2.10.9.2/ehcache-2.10.9.2.jar!/ehcache-failsafe.xml
2025-12-16 00:10:45.089  WARN 28064 --- [           main] org.hibernate.orm.cache                  : HHH90001006: Missing cache[default-update-timestamps-region] was created on-the-fly. The created cache will use a provider-specific default configuration: make sure you defined one. You can disable this warning by setting 'hibernate.cache.ehcache.missing_cache_strategy' to 'create'.
2025-12-16 00:10:45.212  WARN 28064 --- [           main] org.hibernate.orm.cache                  : HHH90001006: Missing cache[default-query-results-region] was created on-the-fly. The created cache will use a provider-specific default configuration: make sure you defined one. You can disable this warning by setting 'hibernate.cache.ehcache.missing_cache_strategy' to 'create'.
2025-12-16 00:10:46.451  INFO 28064 --- [           main] org.hibernate.tuple.PojoInstantiator     : HHH000182: No default (no-argument) constructor for class: com.salesmanager.core.model.system.MerchantLog (class must be instantiated by Interceptor)
2025-12-16 00:11:35.811  INFO 28064 --- [           main] o.h.e.t.j.p.i.JtaPlatformInitiator       : HHH000490: Using JtaPlatform implementation: [org.hibernate.engine.transaction.jta.platform.internal.NoJtaPlatform]
2025-12-16 00:11:35.834  INFO 28064 --- [           main] j.LocalContainerEntityManagerFactoryBean : Initialized JPA EntityManagerFactory for persistence unit 'default'
2025-12-16 00:11:38.896  INFO 28064 --- [           main] o.s.boot.web.servlet.RegistrationBean    : Filter xssFilter was not registered (possibly already registered?)
2025-12-16 00:11:38.925  INFO 28064 --- [           main] c.s.s.a.c.ShopServletContextListener     : ===context init===
2025-12-16 00:11:38.926 DEBUG 28064 --- [           main] c.s.s.a.c.ShopServletContextListener     : PATH:C:\Users\razin\bin;C:\Program Files\Git\mingw64\bin;C:\Program Files\Git\usr\local\bin;C:\Program Files\Git\usr\bin;C:\Program Files\Git\usr\bin;C:\Program Files\Git\mingw64\bin;C:\Program Files\Git\usr\bin;C:\Users\razin\bin;C:\Users\razin\AppData\Local\cloud-code\installer\google-cloud-sdk\bin;C:\Users\razin\AppData\Roaming\Code\User\globalStorage\github.copilot-chat\debugCommand;C:\Users\razin\AppData\Roaming\Code\User\globalStorage\github.copilot-chat\copilotCli;C:\Ruby34-x64\bin;C:\Python313\Scripts;C:\Python313;C:\Python312\Scripts;C:\Python312;C:\oraclexe\app\oracle\product\11.2.0\server\bin;C:\Program Files\Java\jdk-21\bin;C:\Program Files\Common Files\Oracle\Java\javapath;C:\Program Files (x86)\Common Files\Oracle\Java\java8path;C:\Program Files (x86)\Common Files\Oracle\Java\javapath;C:\Windows\system32;C:\Windows;C:\Windows\System32\Wbem;C:\Windows\System32\WindowsPowerShell\v1.0;C:\Windows\System32\OpenSSH;C:\Program Files (x86)\NVIDIA Corporation\PhysX\Common;C:\WINDOWS\system32;C:\WINDOWS;C:\WINDOWS\System32\Wbem;C:\WINDOWS\System32\WindowsPowerShell\v1.0;C:\WINDOWS\System32\OpenSSH;C:\Program Files\dotnet;C:\msys64\mingw64\bin;C:\Program Files\Cloudflare\Cloudflare WARP;C:\Program Files\Microsoft SQL Server\150\Tools\Binn;C:\Users\razin\AppData\Roaming\nvm;C:\nvm4w\nodejs;C:\ProgramData\chocolatey\bin;C:\Program Files\Git\cmd;C:\WINDOWS\system32\config\systemprofile\AppData\Local\Muse Hub\lib;C:\maven-mvnd-1.0.3-windows-amd64\mvn\bin;C:\Program Files\Docker\Docker\resources\bin;C:\Program Files\NVIDIA Corporation\NVIDIA App\NvDLISR;C:\Users\razin\AppData\Local\.meteor;C:\Users\razin\.console-ninja\.bin;C:\Users\razin\AppData\Local\Microsoft\WindowsApps;C:\Users\razin\AppData\Local\Programs\Microsoft VS Code\bin;C:\Users\razin\.dotnet\tools;C:\Users\razin\AppData\Roaming\nvm;C:\Users\razin\AppData\Local\GitHubDesktop\bin;C:\Users\razin\AppData\Local\Microsoft\WindowsApps;C:\Users\razin\AppData\Local\Google\Cloud SDK\google-cloud-sdk\bin;C:\Users\razin\AppData\Roaming\npm;C:\Users\razin\AppData\Local\.meteor;C:\Users\razin\AppData\Local\Muse Hub\lib;C:\Users\razin\OneDrive\Documents\maven-mvnd-1.0.3-windows-amd64\maven-mvnd-1.0.3-windows-amd64\bin;C:\Users\razin\AppData\Roaming\nvm;C:\nvm4w\nodejs;C:\Users\razin\.console-ninja\.bin;C:\Program Files\Git\usr\bin\vendor_perl;C:\Program Files\Git\usr\bin\core_perl
2025-12-16 00:11:38.926 DEBUG 28064 --- [           main] c.s.s.a.c.ShopServletContextListener     : PKG_CONFIG_PATH:C:\Program Files\Git\mingw64\lib\pkgconfig;C:\Program Files\Git\mingw64\share\pkgconfig
2025-12-16 00:11:38.927 DEBUG 28064 --- [           main] c.s.s.a.c.ShopServletContextListener     : NVM_SYMLINK:C:\nvm4w\nodejs
2025-12-16 00:11:38.927 DEBUG 28064 --- [           main] c.s.s.a.c.ShopServletContextListener     : CONFIG_SITE:C:/Program Files/Git/etc/config.site
2025-12-16 00:11:38.927 DEBUG 28064 --- [           main] c.s.s.a.c.ShopServletContextListener     : PYTHON_BASIC_REPL:1
2025-12-16 00:11:38.927 DEBUG 28064 --- [           main] c.s.s.a.c.ShopServletContextListener     : SESSIONNAME:Console
2025-12-16 00:11:38.927 DEBUG 28064 --- [           main] c.s.s.a.c.ShopServletContextListener     : ALLUSERSPROFILE:C:\ProgramData
2025-12-16 00:11:38.927 DEBUG 28064 --- [           main] c.s.s.a.c.ShopServletContextListener     : VSCODE_PYTHON_AUTOACTIVATE_GUARD:1
2025-12-16 00:11:38.927 DEBUG 28064 --- [           main] c.s.s.a.c.ShopServletContextListener     : =ExitCode:00000000
2025-12-16 00:11:38.928 DEBUG 28064 --- [           main] c.s.s.a.c.ShopServletContextListener     : COREPACK_ENABLE_AUTO_PIN:0
2025-12-16 00:11:38.928 DEBUG 28064 --- [           main] c.s.s.a.c.ShopServletContextListener     : ORIGINAL_TEMP:C:/Users/razin/AppData/Local/Temp
2025-12-16 00:11:38.928 DEBUG 28064 --- [           main] c.s.s.a.c.ShopServletContextListener     : PROGRAMFILES:C:\Program Files
2025-12-16 00:11:38.928 DEBUG 28064 --- [           main] c.s.s.a.c.ShopServletContextListener     : PT8HOME:C:\Program Files\Cisco Packet Tracer 8.2.1
2025-12-16 00:11:38.928 DEBUG 28064 --- [           main] c.s.s.a.c.ShopServletContextListener     : VSCODE_INJECTION:1
2025-12-16 00:11:38.929 DEBUG 28064 --- [           main] c.s.s.a.c.ShopServletContextListener     : COLORTERM:truecolor
2025-12-16 00:11:38.929 DEBUG 28064 --- [           main] c.s.s.a.c.ShopServletContextListener     : POSTGIS_ENABLE_OUTDB_RASTERS:1
2025-12-16 00:11:38.929 DEBUG 28064 --- [           main] c.s.s.a.c.ShopServletContextListener     : WRAPPER_LAUNCHER:org.apache.maven.wrapper.MavenWrapperMain
2025-12-16 00:11:38.929 DEBUG 28064 --- [           main] c.s.s.a.c.ShopServletContextListener     : USERNAME:razin
2025-12-16 00:11:38.929 DEBUG 28064 --- [           main] c.s.s.a.c.ShopServletContextListener     : VSCODE_GIT_ASKPASS_NODE:C:\Users\razin\AppData\Local\Programs\Microsoft VS Code\Code.exe
2025-12-16 00:11:38.930 DEBUG 28064 --- [           main] c.s.s.a.c.ShopServletContextListener     : PWD:C:/Users/razin/shopizer/sm-shop
2025-12-16 00:11:38.930 DEBUG 28064 --- [           main] c.s.s.a.c.ShopServletContextListener     : TERM_PROGRAM_VERSION:1.107.0
2025-12-16 00:11:38.930 DEBUG 28064 --- [           main] c.s.s.a.c.ShopServletContextListener     : ProgramFiles(x86):C:\Program Files (x86)
2025-12-16 00:11:38.930 DEBUG 28064 --- [           main] c.s.s.a.c.ShopServletContextListener     : ACSetupSvcPort:23210
2025-12-16 00:11:38.930 DEBUG 28064 --- [           main] c.s.s.a.c.ShopServletContextListener     : ENABLE_IDE_INTEGRATION:true
2025-12-16 00:11:38.931 DEBUG 28064 --- [           main] c.s.s.a.c.ShopServletContextListener     : FPS_BROWSER_USER_PROFILE_STRING:Default
2025-12-16 00:11:38.931 DEBUG 28064 --- [           main] c.s.s.a.c.ShopServletContextListener     : PATHEXT:.COM;.EXE;.BAT;.CMD;.VBS;.VBE;.JS;.JSE;.WSF;.WSH;.MSC;.PY;.PYW;.RB;.RBW;.CPL
2025-12-16 00:11:38.931 DEBUG 28064 --- [           main] c.s.s.a.c.ShopServletContextListener     : DriverData:C:\Windows\System32\Drivers\DriverData
2025-12-16 00:11:38.931 DEBUG 28064 --- [           main] c.s.s.a.c.ShopServletContextListener     : ORIGINAL_TMP:C:/Users/razin/AppData/Local/Temp
2025-12-16 00:11:38.931 DEBUG 28064 --- [           main] c.s.s.a.c.ShopServletContextListener     : NoDefaultCurrentDirectoryInExePath:1
2025-12-16 00:11:38.931 DEBUG 28064 --- [           main] c.s.s.a.c.ShopServletContextListener     : HOMEPATH:\Users\razin
2025-12-16 00:11:38.939 DEBUG 28064 --- [           main] c.s.s.a.c.ShopServletContextListener     : PROCESSOR_IDENTIFIER:AMD64 Family 25 Model 80 Stepping 0, AuthenticAMD
2025-12-16 00:11:38.939 DEBUG 28064 --- [           main] c.s.s.a.c.ShopServletContextListener     : PUBLIC:C:\Users\Public
2025-12-16 00:11:38.940 DEBUG 28064 --- [           main] c.s.s.a.c.ShopServletContextListener     : EXEPATH:C:\Program Files\Git\bin
2025-12-16 00:11:38.940 DEBUG 28064 --- [           main] c.s.s.a.c.ShopServletContextListener     : SHLVL:2
2025-12-16 00:11:38.940 DEBUG 28064 --- [           main] c.s.s.a.c.ShopServletContextListener     : OPENSSL_CONF:C:\Program Files\PostgreSQL\psqlODBC\etc\openssl.cnf
2025-12-16 00:11:38.940 DEBUG 28064 --- [           main] c.s.s.a.c.ShopServletContextListener     : ORIGINAL_PATH:C:\Program Files\Git\mingw64\bin;C:\Program Files\Git\usr\bin;C:\Users\razin\bin;C:\Users\razin\AppData\Local\cloud-code\installer\google-cloud-sdk\bin;C:\Users\razin\AppData\Roaming\Code\User\globalStorage\github.copilot-chat\debugCommand;C:\Users\razin\AppData\Roaming\Code\User\globalStorage\github.copilot-chat\copilotCli;C:\Ruby34-x64\bin;C:\Python313\Scripts;C:\Python313;C:\Python312\Scripts;C:\Python312;C:\oraclexe\app\oracle\product\11.2.0\server\bin;C:\Program Files\Java\jdk-21\bin;C:\Program Files\Common Files\Oracle\Java\javapath;C:\Program Files (x86)\Common Files\Oracle\Java\java8path;C:\Program Files (x86)\Common Files\Oracle\Java\javapath;C:\Windows\system32;C:\Windows;C:\Windows\System32\Wbem;C:\Windows\System32\WindowsPowerShell\v1.0;C:\Windows\System32\OpenSSH;C:\Program Files (x86)\NVIDIA Corporation\PhysX\Common;C:\WINDOWS\system32;C:\WINDOWS;C:\WINDOWS\System32\Wbem;C:\WINDOWS\System32\WindowsPowerShell\v1.0;C:\WINDOWS\System32\OpenSSH;C:\Program Files\dotnet;C:\msys64\mingw64\bin;C:\Program Files\Cloudflare\Cloudflare WARP;C:\Program Files\Microsoft SQL Server\150\Tools\Binn;C:\Users\razin\AppData\Roaming\nvm;C:\nvm4w\nodejs;C:\ProgramData\chocolatey\bin;C:\Program Files\Git\cmd;C:\WINDOWS\system32\config\systemprofile\AppData\Local\Muse Hub\lib;C:\maven-mvnd-1.0.3-windows-amd64\mvn\bin;C:\Program Files\Docker\Docker\resources\bin;C:\Program Files\NVIDIA Corporation\NVIDIA App\NvDLISR;C:\Users\razin\AppData\Local\.meteor;C:\Users\razin\.console-ninja\.bin;C:\Users\razin\AppData\Local\Microsoft\WindowsApps;C:\Users\razin\AppData\Local\Programs\Microsoft VS Code\bin;C:\Users\razin\.dotnet\tools;C:\Users\razin\AppData\Roaming\nvm;C:\Users\razin\AppData\Local\GitHubDesktop\bin;C:\Users\razin\AppData\Local\Microsoft\WindowsApps;C:\Users\razin\AppData\Local\Google\Cloud SDK\google-cloud-sdk\bin;C:\Users\razin\AppData\Roaming\npm;C:\Users\razin\AppData\Local\.meteor;C:\Users\razin\AppData\Local\Muse Hub\lib;C:\Users\razin\OneDrive\Documents\maven-mvnd-1.0.3-windows-amd64\maven-mvnd-1.0.3-windows-amd64\bin;C:\Users\razin\AppData\Roaming\nvm;C:\nvm4w\nodejs;C:\Users\razin\.console-ninja\.bin
2025-12-16 00:11:38.940 DEBUG 28064 --- [           main] c.s.s.a.c.ShopServletContextListener     : EFC_6008_1592913036:1
2025-12-16 00:11:38.940 DEBUG 28064 --- [           main] c.s.s.a.c.ShopServletContextListener     : FPS_BROWSER_APP_PROFILE_STRING:Internet Explorer
2025-12-16 00:11:38.940 DEBUG 28064 --- [           main] c.s.s.a.c.ShopServletContextListener     : JAVA_HOME:C:\Program Files\Java\jdk-21
2025-12-16 00:11:38.940 DEBUG 28064 --- [           main] c.s.s.a.c.ShopServletContextListener     : PROMPT:$P$G
2025-12-16 00:11:38.940 DEBUG 28064 --- [           main] c.s.s.a.c.ShopServletContextListener     : GIT_EDITOR:true
2025-12-16 00:11:38.940 DEBUG 28064 --- [           main] c.s.s.a.c.ShopServletContextListener     : TERM:xterm-256color
2025-12-16 00:11:38.940 DEBUG 28064 --- [           main] c.s.s.a.c.ShopServletContextListener     : RlsSvcPort:22112
2025-12-16 00:11:38.941 DEBUG 28064 --- [           main] c.s.s.a.c.ShopServletContextListener     : EFC_6008_2283032206:1
2025-12-16 00:11:38.941 DEBUG 28064 --- [           main] c.s.s.a.c.ShopServletContextListener     : MSYSTEM:MINGW64
2025-12-16 00:11:38.941 DEBUG 28064 --- [           main] c.s.s.a.c.ShopServletContextListener     : OneDrive:C:\Users\razin\OneDrive
2025-12-16 00:11:38.941 DEBUG 28064 --- [           main] c.s.s.a.c.ShopServletContextListener     : =C::C:\Users\razin\shopizer\sm-shop
2025-12-16 00:11:38.941 DEBUG 28064 --- [           main] c.s.s.a.c.ShopServletContextListener     : APPDATA:C:\Users\razin\AppData\Roaming
2025-12-16 00:11:38.941 DEBUG 28064 --- [           main] c.s.s.a.c.ShopServletContextListener     : DOWNLOAD_URL:"https://repo.maven.apache.org/maven2/io/takari/maven-wrapper/0.4.2/maven-wrapper-0.4.2.jar"
2025-12-16 00:11:38.941 DEBUG 28064 --- [           main] c.s.s.a.c.ShopServletContextListener     : ChocolateyInstall:C:\ProgramData\chocolatey
2025-12-16 00:11:38.941 DEBUG 28064 --- [           main] c.s.s.a.c.ShopServletContextListener     : _:C:\WINDOWS\system32\cmd.exe
2025-12-16 00:11:38.941 DEBUG 28064 --- [           main] c.s.s.a.c.ShopServletContextListener     : EFC_6008_1262719628:1
2025-12-16 00:11:38.941 DEBUG 28064 --- [           main] c.s.s.a.c.ShopServletContextListener     : TERM_PROGRAM:vscode
2025-12-16 00:11:38.941 DEBUG 28064 --- [           main] c.s.s.a.c.ShopServletContextListener     : COMPUTERNAME:RAZIN
2025-12-16 00:11:38.941 DEBUG 28064 --- [           main] c.s.s.a.c.ShopServletContextListener     : MAVEN_PROJECTBASEDIR:C:\Users\razin\shopizer\sm-shop
2025-12-16 00:11:38.942 DEBUG 28064 --- [           main] c.s.s.a.c.ShopServletContextListener     : ACLOCAL_PATH:C:\Program Files\Git\mingw64\share\aclocal;C:\Program Files\Git\usr\share\aclocal
2025-12-16 00:11:38.942 DEBUG 28064 --- [           main] c.s.s.a.c.ShopServletContextListener     : MSYSTEM_CARCH:x86_64
2025-12-16 00:11:38.942 DEBUG 28064 --- [           main] c.s.s.a.c.ShopServletContextListener     : WRAPPER_JAR:"C:\Users\razin\shopizer\sm-shop\.mvn\wrapper\maven-wrapper.jar"
2025-12-16 00:11:38.942 DEBUG 28064 --- [           main] c.s.s.a.c.ShopServletContextListener     : HOMEDRIVE:C:
2025-12-16 00:11:38.942 DEBUG 28064 --- [           main] c.s.s.a.c.ShopServletContextListener     : NUMBER_OF_PROCESSORS:16
2025-12-16 00:11:38.942 DEBUG 28064 --- [           main] c.s.s.a.c.ShopServletContextListener     : PKG_CONFIG_SYSTEM_LIBRARY_PATH:C:/Program Files/Git/mingw64/lib
2025-12-16 00:11:38.942 DEBUG 28064 --- [           main] c.s.s.a.c.ShopServletContextListener     : USERDOMAIN_ROAMINGPROFILE:RAZIN
2025-12-16 00:11:38.942 DEBUG 28064 --- [           main] c.s.s.a.c.ShopServletContextListener     : MSYSTEM_PREFIX:C:/Program Files/Git/mingw64
2025-12-16 00:11:38.942 DEBUG 28064 --- [           main] c.s.s.a.c.ShopServletContextListener     : PROCESSOR_LEVEL:25
2025-12-16 00:11:38.942 DEBUG 28064 --- [           main] c.s.s.a.c.ShopServletContextListener     : SYSTEMDRIVE:C:
2025-12-16 00:11:38.942 DEBUG 28064 --- [           main] c.s.s.a.c.ShopServletContextListener     : EFC_6008_3789132940:1
2025-12-16 00:11:38.943 DEBUG 28064 --- [           main] c.s.s.a.c.ShopServletContextListener     : OTEL_EXPORTER_OTLP_METRICS_TEMPORALITY_PREFERENCE:delta
2025-12-16 00:11:38.943 DEBUG 28064 --- [           main] c.s.s.a.c.ShopServletContextListener     : POSTGIS_GDAL_ENABLED_DRIVERS:GTiff PNG JPEG GIF XYZ DTED USGSDEM AAIGrid
2025-12-16 00:11:38.943 DEBUG 28064 --- [           main] c.s.s.a.c.ShopServletContextListener     : GDAL_DATA:C:\Program Files\PostgreSQL\18\gdal-data
2025-12-16 00:11:38.943 DEBUG 28064 --- [           main] c.s.s.a.c.ShopServletContextListener     : PROCESSOR_ARCHITECTURE:AMD64
2025-12-16 00:11:38.943 DEBUG 28064 --- [           main] c.s.s.a.c.ShopServletContextListener     : VSCODE_GIT_IPC_HANDLE:\\.\pipe\vscode-git-cdfd100c02-sock
2025-12-16 00:11:38.943 DEBUG 28064 --- [           main] c.s.s.a.c.ShopServletContextListener     : MSYSTEM_CHOST:x86_64-w64-mingw32
2025-12-16 00:11:38.943 DEBUG 28064 --- [           main] c.s.s.a.c.ShopServletContextListener     : PSModulePath:C:\Users\razin\Documents\WindowsPowerShell\Modules;C:\Users\razin\AppData\Local\Google\Cloud SDK\google-cloud-sdk\platform\PowerShell;C:\Program Files\WindowsPowerShell\Modules;C:\WINDOWS\system32\WindowsPowerShell\v1.0\Modules
2025-12-16 00:11:38.944 DEBUG 28064 --- [           main] c.s.s.a.c.ShopServletContextListener     : CLAUDE_CODE_ENTRYPOINT:cli
2025-12-16 00:11:38.944 DEBUG 28064 --- [           main] c.s.s.a.c.ShopServletContextListener     : ACSvcPort:17532
2025-12-16 00:11:38.944 DEBUG 28064 --- [           main] c.s.s.a.c.ShopServletContextListener     : CLAUDECODE:1
2025-12-16 00:11:38.944 DEBUG 28064 --- [           main] c.s.s.a.c.ShopServletContextListener     : GIT_ASKPASS:c:\Users\razin\AppData\Local\Programs\Microsoft VS Code\resources\app\extensions\git\dist\askpass.sh
2025-12-16 00:11:38.944 DEBUG 28064 --- [           main] c.s.s.a.c.ShopServletContextListener     : INFOPATH:C:\Program Files\Git\mingw64\local\info;C:\Program Files\Git\mingw64\share\info;C:\Program Files\Git\usr\local\info;C:\Program Files\Git\usr\share\info;C:\Program Files\Git\usr\info;C:\Program Files\Git\share\info
2025-12-16 00:11:38.944 DEBUG 28064 --- [           main] c.s.s.a.c.ShopServletContextListener     : WDIR:C:\Users\razin\shopizer\sm-shop
2025-12-16 00:11:38.944 DEBUG 28064 --- [           main] c.s.s.a.c.ShopServletContextListener     : CHROME_CRASHPAD_PIPE_NAME:\\.\pipe\crashpad_37832_TQQHDRBHGJQTAOVA
2025-12-16 00:11:38.944 DEBUG 28064 --- [           main] c.s.s.a.c.ShopServletContextListener     : PKG_CONFIG_SYSTEM_INCLUDE_PATH:C:/Program Files/Git/mingw64/include
2025-12-16 00:11:38.945 DEBUG 28064 --- [           main] c.s.s.a.c.ShopServletContextListener     : CURL_CA_BUNDLE:C:\Program Files\PostgreSQL\18\ssl\certs\ca-bundle.crt
2025-12-16 00:11:38.945 DEBUG 28064 --- [           main] c.s.s.a.c.ShopServletContextListener     : SHELL:C:\Program Files\Git\usr\bin\bash.exe
2025-12-16 00:11:38.945 DEBUG 28064 --- [           main] c.s.s.a.c.ShopServletContextListener     : OneDriveConsumer:C:\Users\razin\OneDrive
2025-12-16 00:11:38.945 DEBUG 28064 --- [           main] c.s.s.a.c.ShopServletContextListener     : PROJ_LIB:C:\Program Files\PostgreSQL\18\share\contrib\postgis-3.6\proj
2025-12-16 00:11:38.945 DEBUG 28064 --- [           main] c.s.s.a.c.ShopServletContextListener     : OLDPWD:C:/Users/razin/shopizer
2025-12-16 00:11:38.945 DEBUG 28064 --- [           main] c.s.s.a.c.ShopServletContextListener     : apache-maven-3.9.11:C:\Users\razin\OneDrive\Documents\maven-mvnd-1.0.3-windows-amd64\maven-mvnd-1.0.3-windows-amd64\bin
2025-12-16 00:11:38.945 DEBUG 28064 --- [           main] c.s.s.a.c.ShopServletContextListener     : CLAUDE_CODE_SSE_PORT:12008
2025-12-16 00:11:38.945 DEBUG 28064 --- [           main] c.s.s.a.c.ShopServletContextListener     : TMPDIR:C:\Users\razin\AppData\Local\Temp
2025-12-16 00:11:38.945 DEBUG 28064 --- [           main] c.s.s.a.c.ShopServletContextListener     : WINDIR:C:\WINDOWS
2025-12-16 00:11:38.945 DEBUG 28064 --- [           main] c.s.s.a.c.ShopServletContextListener     : ProgramData:C:\ProgramData
2025-12-16 00:11:38.945 DEBUG 28064 --- [           main] c.s.s.a.c.ShopServletContextListener     : ProgramW6432:C:\Program Files
2025-12-16 00:11:38.945 DEBUG 28064 --- [           main] c.s.s.a.c.ShopServletContextListener     : SSH_ASKPASS:C:/Program Files/Git/mingw64/bin/git-askpass.exe
2025-12-16 00:11:38.945 DEBUG 28064 --- [           main] c.s.s.a.c.ShopServletContextListener     : MAVEN_JAVA_EXE:"C:\Program Files\Java\jdk-21\bin\java.exe"
2025-12-16 00:11:38.945 DEBUG 28064 --- [           main] c.s.s.a.c.ShopServletContextListener     : MINGW_CHOST:x86_64-w64-mingw32
2025-12-16 00:11:38.945 DEBUG 28064 --- [           main] c.s.s.a.c.ShopServletContextListener     : LOCALAPPDATA:C:\Users\razin\AppData\Local
2025-12-16 00:11:38.945 DEBUG 28064 --- [           main] c.s.s.a.c.ShopServletContextListener     : ChocolateyLastPathUpdate:133541756624017166
2025-12-16 00:11:38.945 DEBUG 28064 --- [           main] c.s.s.a.c.ShopServletContextListener     : MANPATH:C:\Program Files\Git\mingw64\local\man;C:\Program Files\Git\mingw64\share\man;C:\Program Files\Git\usr\local\man;C:\Program Files\Git\usr\share\man;C:\Program Files\Git\usr\man;C:\Program Files\Git\share\man
2025-12-16 00:11:38.945 DEBUG 28064 --- [           main] c.s.s.a.c.ShopServletContextListener     : MINGW_PACKAGE_PREFIX:mingw-w64-x86_64
2025-12-16 00:11:38.945 DEBUG 28064 --- [           main] c.s.s.a.c.ShopServletContextListener     : USERDOMAIN:RAZIN
2025-12-16 00:11:38.945 DEBUG 28064 --- [           main] c.s.s.a.c.ShopServletContextListener     : LOGONSERVER:\\RAZIN
2025-12-16 00:11:38.945 DEBUG 28064 --- [           main] c.s.s.a.c.ShopServletContextListener     : PLINK_PROTOCOL:ssh
2025-12-16 00:11:38.945 DEBUG 28064 --- [           main] c.s.s.a.c.ShopServletContextListener     : LANG:en_US.UTF-8
2025-12-16 00:11:38.946 DEBUG 28064 --- [           main] c.s.s.a.c.ShopServletContextListener     : ERROR_CODE:0
2025-12-16 00:11:38.946 DEBUG 28064 --- [           main] c.s.s.a.c.ShopServletContextListener     : EXEC_DIR:C:\Users\razin\shopizer\sm-shop
2025-12-16 00:11:38.946 DEBUG 28064 --- [           main] c.s.s.a.c.ShopServletContextListener     : EFC_6008_2775293581:1
2025-12-16 00:11:38.946 DEBUG 28064 --- [           main] c.s.s.a.c.ShopServletContextListener     : MINGW_PREFIX:C:/Program Files/Git/mingw64
2025-12-16 00:11:38.946 DEBUG 28064 --- [           main] c.s.s.a.c.ShopServletContextListener     : VSCODE_GIT_ASKPASS_MAIN:c:\Users\razin\AppData\Local\Programs\Microsoft VS Code\resources\app\extensions\git\dist\askpass-main.js
2025-12-16 00:11:38.946 DEBUG 28064 --- [           main] c.s.s.a.c.ShopServletContextListener     : DISPLAY:needs-to-be-defined
2025-12-16 00:11:38.946 DEBUG 28064 --- [           main] c.s.s.a.c.ShopServletContextListener     : PYTHONSTARTUP:c:\Users\razin\AppData\Roaming\Code\User\workspaceStorage\647c0fe696d8e2dae5651b9657c0a67e\ms-python.python\pythonrc.py
2025-12-16 00:11:38.946 DEBUG 28064 --- [           main] c.s.s.a.c.ShopServletContextListener     : SYSTEMROOT:C:\WINDOWS
2025-12-16 00:11:38.947 DEBUG 28064 --- [           main] c.s.s.a.c.ShopServletContextListener     : VSCODE_GIT_ASKPASS_EXTRA_ARGS:
2025-12-16 00:11:38.947 DEBUG 28064 --- [           main] c.s.s.a.c.ShopServletContextListener     : Ruby:C:\Ruby34-x64\bin
2025-12-16 00:11:38.947 DEBUG 28064 --- [           main] c.s.s.a.c.ShopServletContextListener     : VBOX_MSI_INSTALL_PATH:C:\Program Files\Oracle\VirtualBox\
2025-12-16 00:11:38.947 DEBUG 28064 --- [           main] c.s.s.a.c.ShopServletContextListener     : OS:Windows_NT
2025-12-16 00:11:38.947 DEBUG 28064 --- [           main] c.s.s.a.c.ShopServletContextListener     : VSCODE_JDWP_ADAPTER_ENDPOINTS:c:\Users\razin\.vscode\extensions\vscjava.vscode-java-debug-0.58.4\.noConfigDebugAdapterEndpoints\endpoint-26d3a5eba4b08d59.txt
2025-12-16 00:11:38.947 DEBUG 28064 --- [           main] c.s.s.a.c.ShopServletContextListener     : COMMONPROGRAMFILES:C:\Program Files\Common Files
2025-12-16 00:11:38.947 DEBUG 28064 --- [           main] c.s.s.a.c.ShopServletContextListener     : COMSPEC:C:\WINDOWS\system32\cmd.exe
2025-12-16 00:11:38.947 DEBUG 28064 --- [           main] c.s.s.a.c.ShopServletContextListener     : NVM_HOME:C:\Users\razin\AppData\Roaming\nvm
2025-12-16 00:11:38.947 DEBUG 28064 --- [           main] c.s.s.a.c.ShopServletContextListener     : PROCESSOR_REVISION:5000
2025-12-16 00:11:38.947 DEBUG 28064 --- [           main] c.s.s.a.c.ShopServletContextListener     : CommonProgramW6432:C:\Program Files\Common Files
2025-12-16 00:11:38.947 DEBUG 28064 --- [           main] c.s.s.a.c.ShopServletContextListener     : TEMP:C:\Users\razin\AppData\Local\Temp
2025-12-16 00:11:38.947 DEBUG 28064 --- [           main] c.s.s.a.c.ShopServletContextListener     : HOSTNAME:Razin
2025-12-16 00:11:38.947 DEBUG 28064 --- [           main] c.s.s.a.c.ShopServletContextListener     : USERPROFILE:C:\Users\razin
2025-12-16 00:11:38.947 DEBUG 28064 --- [           main] c.s.s.a.c.ShopServletContextListener     : TMP:C:\Users\razin\AppData\Local\Temp
2025-12-16 00:11:38.947 DEBUG 28064 --- [           main] c.s.s.a.c.ShopServletContextListener     : CommonProgramFiles(x86):C:\Program Files (x86)\Common Files
2025-12-16 00:11:38.947 DEBUG 28064 --- [           main] c.s.s.a.c.ShopServletContextListener     : HOME:C:\Users\razin
2025-12-16 00:11:38.948 DEBUG 28064 --- [           main] c.s.s.a.c.ShopServletContextListener     : java.specification.version:21
2025-12-16 00:11:38.948 DEBUG 28064 --- [           main] c.s.s.a.c.ShopServletContextListener     : sun.cpu.isalist:amd64
2025-12-16 00:11:38.949 DEBUG 28064 --- [           main] c.s.s.a.c.ShopServletContextListener     : sun.jnu.encoding:Cp1252
2025-12-16 00:11:38.949 DEBUG 28064 --- [           main] c.s.s.a.c.ShopServletContextListener     : java.class.path:C:\Users\razin\shopizer\sm-shop\target\classes;C:\Users\razin\.m2\repository\com\github\spullara\mustache\java\compiler\0.9.10\compiler-0.9.10.jar;C:\Users\razin\.m2\repository\org\apache\maven\maven-repository-metadata\3.3.9\maven-repository-metadata-3.3.9.jar;C:\Users\razin\.m2\repository\org\slf4j\jcl-over-slf4j\1.7.36\jcl-over-slf4j-1.7.36.jar;C:\Users\razin\.m2\repository\com\shopizer\sm-shop-model\3.2.5\sm-shop-model-3.2.5.jar;C:\Users\razin\.m2\repository\org\apache\lucene\lucene-sandbox\9.3.0\lucene-sandbox-9.3.0.jar;C:\Users\razin\.m2\repository\org\drools\drools-ruleunit\7.32.0.Final\drools-ruleunit-7.32.0.Final.jar;C:\Users\razin\.m2\repository\org\kie\kie-dmn-feel\7.32.0.Final\kie-dmn-feel-7.32.0.Final.jar;C:\Users\razin\.m2\repository\com\google\http-client\google-http-client-apache\2.0.0\google-http-client-apache-2.0.0.jar;C:\Users\razin\.m2\repository\org\mapstruct\mapstruct\1.3.0.Final\mapstruct-1.3.0.Final.jar;C:\Users\razin\.m2\repository\com\shopizer\sm-core-model\3.2.5\sm-core-model-3.2.5.jar;C:\Users\razin\.m2\repository\org\kie\kie-dmn-api\7.32.0.Final\kie-dmn-api-7.32.0.Final.jar;C:\Users\razin\.m2\repository\com\google\auth\google-auth-library-oauth2-http\0.15.0\google-auth-library-oauth2-http-0.15.0.jar;C:\Users\razin\.m2\repository\org\springframework\spring-jdbc\5.3.18\spring-jdbc-5.3.18.jar;C:\Users\razin\.m2\repository\org\springframework\boot\spring-boot-autoconfigure\2.5.12\spring-boot-autoconfigure-2.5.12.jar;C:\Users\razin\.m2\repository\com\google\http-client\google-http-client-appengine\1.29.1\google-http-client-appengine-1.29.1.jar;C:\Users\razin\.m2\repository\ch\obermuhlner\big-math\2.0.1\big-math-2.0.1.jar;C:\Users\razin\.m2\repository\xml-apis\xml-apis-ext\1.3.04\xml-apis-ext-1.3.04.jar;C:\Users\razin\.m2\repository\com\fasterxml\jackson\dataformat\jackson-dataformat-yaml\2.12.6\jackson-dataformat-yaml-2.12.6.jar;C:\Users\razin\.m2\repository\org\javassist\javassist\3.27.0-GA\javassist-3.27.0-GA.jar;C:\Users\razin\.m2\repository\org\apache\commons\commons-rng-simple\1.3\commons-rng-simple-1.3.jar;C:\Users\razin\.m2\repository\org\apache\maven\wagon\wagon-http-shared\3.0.0\wagon-http-shared-3.0.0.jar;C:\Users\razin\.m2\repository\org\infinispan\infinispan-core\9.4.18.Final\infinispan-core-9.4.18.Final.jar;C:\Users\razin\.m2\repository\commons-codec\commons-codec\1.15\commons-codec-1.15.jar;C:\Users\razin\.m2\repository\org\apache\lucene\lucene-analysis-common\9.3.0\lucene-analysis-common-9.3.0.jar;C:\Users\razin\.m2\repository\org\kie\soup\kie-soup-project-datamodel-commons\7.32.0.Final\kie-soup-project-datamodel-commons-7.32.0.Final.jar;C:\Users\razin\.m2\repository\org\springframework\boot\spring-boot\2.5.12\spring-boot-2.5.12.jar;C:\Users\razin\.m2\repository\com\sun\jersey\jersey-core\1.19.4\jersey-core-1.19.4.jar;C:\Users\razin\.m2\repository\commons-beanutils\commons-beanutils\1.9.2\commons-beanutils-1.9.2.jar;C:\Users\razin\.m2\repository\io\jsonwebtoken\jjwt\0.8.0\jjwt-0.8.0.jar;C:\Users\razin\.m2\repository\org\apache\commons\commons-rng-core\1.3\commons-rng-core-1.3.jar;C:\Users\razin\.m2\repository\org\springframework\spring-web\5.3.18\spring-web-5.3.18.jar;C:\Users\razin\.m2\repository\org\opensearch\opensearch\2.2.0\opensearch-2.2.0.jar;C:\Users\razin\.m2\repository\com\carrotsearch\hppc\0.8.1\hppc-0.8.1.jar;C:\Users\razin\.m2\repository\org\jbpm\jbpm-flow\7.32.0.Final\jbpm-flow-7.32.0.Final.jar;C:\Users\razin\.m2\repository\com\shopizer\sm-core-modules\3.2.5\sm-core-modules-3.2.5.jar;C:\Users\razin\.m2\repository\joda-time\joda-time\2.4\joda-time-2.4.jar;C:\Users\razin\.m2\repository\javax\mail\mail\1.4.7\mail-1.4.7.jar;C:\Users\razin\.m2\repository\org\apache\maven\wagon\wagon-provider-api\3.0.0\wagon-provider-api-3.0.0.jar;C:\Users\razin\.m2\repository\org\eclipse\aether\aether-connector-basic\1.1.0\aether-connector-basic-1.1.0.jar;C:\Users\razin\.m2\repository\jakarta\xml\bind\jakarta.xml.bind-api\2.3.3\jakarta.xml.bind-api-2.3.3.jar;C:\Users\razin\.m2\repository\org\springframework\security\spring-security-core\5.5.5\spring-security-core-5.5.5.jar;C:\Users\razin\.m2\repository\com\shopizer\shopizer-search-opensearch-spring-boot-autoconfigure\1.0.3\shopizer-search-opensearch-spring-boot-autoconfigure-1.0.3.jar;C:\Users\razin\.m2\repository\org\springframework\spring-core\5.3.18\spring-core-5.3.18.jar;C:\Users\razin\.m2\repository\org\kie\kie-dmn-model\7.32.0.Final\kie-dmn-model-7.32.0.Final.jar;C:\Users\razin\.m2\repository\org\apache\poi\poi\3.17\poi-3.17.jar;C:\Users\razin\.m2\repository\com\google\errorprone\error_prone_annotations\2.2.0\error_prone_annotations-2.2.0.jar;C:\Users\razin\.m2\repository\org\apache\httpcomponents\httpclient\4.5.13\httpclient-4.5.13.jar;C:\Users\razin\.m2\repository\org\drools\drools-mvel-parser\7.32.0.Final\drools-mvel-parser-7.32.0.Final.jar;C:\Users\razin\.m2\repository\com\braintreepayments\gateway\braintree-java\2.73.0\braintree-java-2.73.0.jar;C:\Users\razin\.m2\repository\com\fasterxml\jackson\core\jackson-annotations\2.13.4\jackson-annotations-2.13.4.jar;C:\Users\razin\.m2\repository\org\apache\lucene\lucene-core\9.3.0\lucene-core-9.3.0.jar;C:\Users\razin\.m2\repository\com\stripe\stripe-java\19.5.0\stripe-java-19.5.0.jar;C:\Users\razin\.m2\repository\org\apache\lucene\lucene-spatial-extras\9.3.0\lucene-spatial-extras-9.3.0.jar;C:\Users\razin\.m2\repository\net\sf\jopt-simple\jopt-simple\5.0.4\jopt-simple-5.0.4.jar;C:\Users\razin\.m2\repository\org\aspectj\aspectjweaver\1.9.7\aspectjweaver-1.9.7.jar;C:\Users\razin\.m2\repository\javax\ws\rs\jsr311-api\1.1.1\jsr311-api-1.1.1.jar;C:\Users\razin\.m2\repository\com\google\api\gax\1.44.0\gax-1.44.0.jar;C:\Users\razin\.m2\repository\net\bytebuddy\byte-buddy\1.10.22\byte-buddy-1.10.22.jar;C:\Users\razin\.m2\repository\org\springframework\boot\spring-boot-actuator\2.5.12\spring-boot-actuator-2.5.12.jar;C:\Users\razin\.m2\repository\org\postgresql\postgresql\42.2.18\postgresql-42.2.18.jar;C:\Users\razin\.m2\repository\xerces\xercesImpl\2.12.2\xercesImpl-2.12.2.jar;C:\Users\razin\.m2\repository\org\kie\soup\kie-soup-maven-integration\7.32.0.Final\kie-soup-maven-integration-7.32.0.Final.jar;C:\Users\razin\.m2\repository\org\hamcrest\hamcrest-core\2.2\hamcrest-core-2.2.jar;C:\Users\razin\.m2\repository\com\shopizer\shopizer-commons\1.0.6\shopizer-commons-1.0.6.jar;C:\Users\razin\.m2\repository\org\eclipse\aether\aether-util\1.1.0\aether-util-1.1.0.jar;C:\Users\razin\.m2\repository\com\paypal\sdk\paypal-core\1.5.1\paypal-core-1.5.1.jar;C:\Users\razin\.m2\repository\com\shopizer\shipping-canadapost-spring-boot-autoconfigure\2.17.0\shipping-canadapost-spring-boot-autoconfigure-2.17.0.jar;C:\Users\razin\.m2\repository\com\shopizer\shopizer-search-opensearch-spring-boot-starter\1.0.3\shopizer-search-opensearch-spring-boot-starter-1.0.3.jar;C:\Users\razin\.m2\repository\org\kie\soup\kie-soup-maven-support\7.32.0.Final\kie-soup-maven-support-7.32.0.Final.jar;C:\Users\razin\.m2\repository\org\springframework\plugin\spring-plugin-core\1.2.0.RELEASE\spring-plugin-core-1.2.0.RELEASE.jar;C:\Users\razin\.m2\repository\org\opensearch\client\opensearch-rest-high-level-client\2.2.0\opensearch-rest-high-level-client-2.2.0.jar;C:\Users\razin\.m2\repository\org\freemarker\freemarker\2.3.31\freemarker-2.3.31.jar;C:\Users\razin\.m2\repository\org\apache\ant\ant-launcher\1.8.4\ant-launcher-1.8.4.jar;C:\Users\razin\.m2\repository\io\reactivex\rxjava2\rxjava\2.2.21\rxjava-2.2.21.jar;C:\Users\razin\.m2\repository\com\fasterxml\jackson\core\jackson-databind\2.13.4.1\jackson-databind-2.13.4.1.jar;C:\Users\razin\.m2\repository\org\apache\lucene\lucene-backward-codecs\9.3.0\lucene-backward-codecs-9.3.0.jar;C:\Users\razin\.m2\repository\commons-fileupload\commons-fileupload\1.3.3\commons-fileupload-1.3.3.jar;C:\Users\razin\.m2\repository\org\opensearch\opensearch-x-content\2.2.0\opensearch-x-content-2.2.0.jar;C:\Users\razin\.m2\repository\net\java\dev\jna\jna\5.5.0\jna-5.5.0.jar;C:\Users\razin\.m2\repository\com\google\guava\listenablefuture\9999.0-empty-to-avoid-conflict-with-guava\listenablefuture-9999.0-empty-to-avoid-conflict-with-guava.jar;C:\Users\razin\.m2\repository\org\apache\lucene\lucene-queryparser\9.3.0\lucene-queryparser-9.3.0.jar;C:\Users\razin\.m2\repository\com\sun\jersey\jersey-client\1.19.4\jersey-client-1.19.4.jar;C:\Users\razin\.m2\repository\org\reactivestreams\reactive-streams\1.0.3\reactive-streams-1.0.3.jar;C:\Users\razin\.m2\repository\org\springframework\security\spring-security-crypto\5.5.5\spring-security-crypto-5.5.5.jar;C:\Users\razin\.m2\repository\org\kie\kie-api\7.32.0.Final\kie-api-7.32.0.Final.jar;C:\Users\razin\.m2\repository\javax\validation\validation-api\2.0.1.Final\validation-api-2.0.1.Final.jar;C:\Users\razin\.m2\repository\org\apache\httpcomponents\client5\httpclient5\5.0.4\httpclient5-5.0.4.jar;C:\Users\razin\.m2\repository\antlr\antlr\2.7.7\antlr-2.7.7.jar;C:\Users\razin\.m2\repository\com\amazonaws\aws-java-sdk-s3\1.11.640\aws-java-sdk-s3-1.11.640.jar;C:\Users\razin\.m2\repository\com\google\auth\google-auth-library-credentials\0.15.0\google-auth-library-credentials-0.15.0.jar;C:\Users\razin\.m2\repository\org\apache\tomcat\embed\tomcat-embed-core\9.0.60\tomcat-embed-core-9.0.60.jar;C:\Users\razin\.m2\repository\org\jboss\marshalling\jboss-marshalling-osgi\2.0.6.Final\jboss-marshalling-osgi-2.0.6.Final.jar;C:\Users\razin\.m2\repository\com\sun\istack\istack-commons-runtime\3.0.12\istack-commons-runtime-3.0.12.jar;C:\Users\razin\.m2\repository\jakarta\activation\jakarta.activation-api\1.2.2\jakarta.activation-api-1.2.2.jar;C:\Users\razin\.m2\repository\org\apache\xmlgraphics\batik-shared-resources\1.14\batik-shared-resources-1.14.jar;C:\Users\razin\.m2\repository\org\codehaus\plexus\plexus-component-annotations\1.6\plexus-component-annotations-1.6.jar;C:\Users\razin\.m2\repository\org\springframework\spring-orm\5.3.18\spring-orm-5.3.18.jar;C:\Users\razin\.m2\repository\org\apache\maven\maven-core\3.3.9\maven-core-3.3.9.jar;C:\Users\razin\.m2\repository\com\google\guava\failureaccess\1.0.1\failureaccess-1.0.1.jar;C:\Users\razin\.m2\repository\org\springframework\plugin\spring-plugin-metadata\1.2.0.RELEASE\spring-plugin-metadata-1.2.0.RELEASE.jar;C:\Users\razin\.m2\repository\junit\junit\4.13.2\junit-4.13.2.jar;C:\Users\razin\.m2\repository\org\dom4j\dom4j\2.1.3\dom4j-2.1.3.jar;C:\Users\razin\.m2\repository\org\drools\drools-compiler\7.32.0.Final\drools-compiler-7.32.0.Final.jar;C:\Users\razin\.m2\repository\org\jpmml\pmml-agent\1.4.11\pmml-agent-1.4.11.jar;C:\Users\razin\.m2\repository\org\kie\kie-dmn-backend\7.32.0.Final\kie-dmn-backend-7.32.0.Final.jar;C:\Users\razin\.m2\repository\org\opensearch\opensearch-geo\2.2.0\opensearch-geo-2.2.0.jar;C:\Users\razin\.m2\repository\io\springfox\springfox-swagger-common\2.9.2\springfox-swagger-common-2.9.2.jar;C:\Users\razin\.m2\repository\com\paypal\sdk\merchantsdk\2.6.109\merchantsdk-2.6.109.jar;C:\Users\razin\.m2\repository\org\infinispan\infinispan-tree\9.4.18.Final\infinispan-tree-9.4.18.Final.jar;C:\Users\razin\.m2\repository\org\apache\xmlgraphics\xmlgraphics-commons\2.6\xmlgraphics-commons-2.6.jar;C:\Users\razin\.m2\repository\com\amazonaws\jmespath-java\1.11.640\jmespath-java-1.11.640.jar;C:\Users\razin\.m2\repository\org\kie\kie-dmn-core\7.32.0.Final\kie-dmn-core-7.32.0.Final.jar;C:\Users\razin\.m2\repository\org\apache\maven\maven-compat\3.3.9\maven-compat-3.3.9.jar;C:\Users\razin\.m2\repository\com\google\code\findbugs\jsr305\3.0.2\jsr305-3.0.2.jar;C:\Users\razin\.m2\repository\com\google\api\api-common\1.8.1\api-common-1.8.1.jar;C:\Users\razin\.m2\repository\com\google\cloud\google-cloud-core\1.74.0\google-cloud-core-1.74.0.jar;C:\Users\razin\.m2\repository\com\amazonaws\aws-java-sdk-core\1.11.640\aws-java-sdk-core-1.11.640.jar;C:\Users\razin\.m2\repository\mysql\mysql-connector-java\8.0.21\mysql-connector-java-8.0.21.jar;C:\Users\razin\.m2\repository\org\apache\lucene\lucene-queries\9.3.0\lucene-queries-9.3.0.jar;C:\Users\razin\.m2\repository\io\swagger\swagger-models\1.5.20\swagger-models-1.5.20.jar;C:\Users\razin\.m2\repository\org\osgi\org.osgi.core\4.2.0\org.osgi.core-4.2.0.jar;C:\Users\razin\.m2\repository\org\kie\kie-internal\7.32.0.Final\kie-internal-7.32.0.Final.jar;C:\Users\razin\.m2\repository\xpp3\xpp3_min\1.1.4c\xpp3_min-1.1.4c.jar;C:\Users\razin\.m2\repository\org\apache\maven\wagon\wagon-http\3.0.0\wagon-http-3.0.0.jar;C:\Users\razin\.m2\repository\com\google\apis\google-api-services-storage\v1-rev20190426-1.28.0\google-api-services-storage-v1-rev20190426-1.28.0.jar;C:\Users\razin\.m2\repository\com\google\code\gson\gson\2.8.9\gson-2.8.9.jar;C:\Users\razin\.m2\repository\org\jgroups\jgroups\4.0.21.Final\jgroups-4.0.21.Final.jar;C:\Users\razin\.m2\repository\com\squareup\okio\okio\1.0.0\okio-1.0.0.jar;C:\Users\razin\.m2\repository\org\apache\xmlbeans\xmlbeans\2.6.0\xmlbeans-2.6.0.jar;C:\Users\razin\.m2\repository\org\apache\lucene\lucene-grouping\9.3.0\lucene-grouping-9.3.0.jar;C:\Users\razin\.m2\repository\com\fasterxml\jackson\dataformat\jackson-dataformat-smile\2.12.6\jackson-dataformat-smile-2.12.6.jar;C:\Users\razin\.m2\repository\com\google\api\grpc\proto-google-common-protos\1.15.0\proto-google-common-protos-1.15.0.jar;C:\Users\razin\.m2\repository\com\squareup\okhttp\okhttp\2.0.0\okhttp-2.0.0.jar;C:\Users\razin\.m2\repository\org\opensearch\plugin\mapper-extras-client\2.2.0\mapper-extras-client-2.2.0.jar;C:\Users\razin\.m2\repository\org\apache\maven\maven-plugin-api\3.3.9\maven-plugin-api-3.3.9.jar;C:\Users\razin\.m2\repository\commons-digester\commons-digester\1.8.1\commons-digester-1.8.1.jar;C:\Users\razin\.m2\repository\commons-collections\commons-collections\3.2.2\commons-collections-3.2.2.jar;C:\Users\razin\.m2\repository\com\zaxxer\HikariCP\4.0.3\HikariCP-4.0.3.jar;C:\Users\razin\.m2\repository\org\hibernate\hibernate-core\5.4.33\hibernate-core-5.4.33.jar;C:\Users\razin\.m2\repository\org\hdrhistogram\HdrHistogram\2.1.12\HdrHistogram-2.1.12.jar;C:\Users\razin\.m2\repository\org\apache\ant\ant\1.8.4\ant-1.8.4.jar;C:\Users\razin\.m2\repository\com\fasterxml\jackson\datatype\jackson-datatype-jsr310\2.12.6\jackson-datatype-jsr310-2.12.6.jar;C:\Users\razin\.m2\repository\org\mvel\mvel2\2.4.4.Final\mvel2-2.4.4.Final.jar;C:\Users\razin\.m2\repository\org\eclipse\aether\aether-spi\1.1.0\aether-spi-1.1.0.jar;C:\Users\razin\.m2\repository\org\owasp\antisamy\antisamy\1.6.7\antisamy-1.6.7.jar;C:\Users\razin\.m2\repository\org\eclipse\jdt\ecj\3.18.0\ecj-3.18.0.jar;C:\Users\razin\.m2\repository\org\apache\httpcomponents\httpasyncclient\4.1.5\httpasyncclient-4.1.5.jar;C:\Users\razin\.m2\repository\org\opensearch\opensearch-cli\2.2.0\opensearch-cli-2.2.0.jar;C:\Users\razin\.m2\repository\org\eclipse\sisu\org.eclipse.sisu.plexus\0.3.2\org.eclipse.sisu.plexus-0.3.2.jar;C:\Users\razin\.m2\repository\org\drools\drools-mvel-compiler\7.32.0.Final\drools-mvel-compiler-7.32.0.Final.jar;C:\Users\razin\.m2\repository\com\github\ben-manes\caffeine\caffeine\2.9.3\caffeine-2.9.3.jar;C:\Users\razin\.m2\repository\com\github\javaparser\javaparser-core\3.13.10\javaparser-core-3.13.10.jar;C:\Users\razin\.m2\repository\org\drools\drools-canonical-model\7.32.0.Final\drools-canonical-model-7.32.0.Final.jar;C:\Users\razin\.m2\repository\org\springframework\spring-expression\5.3.18\spring-expression-5.3.18.jar;C:\Users\razin\.m2\repository\org\apache\maven\maven-builder-support\3.3.9\maven-builder-support-3.3.9.jar;C:\Users\razin\.m2\repository\org\eclipse\aether\aether-transport-wagon\1.1.0\aether-transport-wagon-1.1.0.jar;C:\Users\razin\.m2\repository\com\maxmind\geoip2\geoip2\2.7.0\geoip2-2.7.0.jar;C:\Users\razin\.m2\repository\org\springframework\spring-aop\5.3.18\spring-aop-5.3.18.jar;C:\Users\razin\.m2\repository\aopalliance\aopalliance\1.0\aopalliance-1.0.jar;C:\Users\razin\.m2\repository\org\opensearch\client\opensearch-rest-client\2.2.0\opensearch-rest-client-2.2.0.jar;C:\Users\razin\.m2\repository\org\eclipse\aether\aether-api\1.1.0\aether-api-1.1.0.jar;C:\Users\razin\.m2\repository\org\drools\drools-decisiontables\7.32.0.Final\drools-decisiontables-7.32.0.Final.jar;C:\Users\razin\.m2\repository\org\springframework\spring-beans\5.3.18\spring-beans-5.3.18.jar;C:\Users\razin\.m2\repository\org\drools\drools-core\7.32.0.Final\drools-core-7.32.0.Final.jar;C:\Users\razin\.m2\repository\io\micrometer\micrometer-core\1.7.10\micrometer-core-1.7.10.jar;C:\Users\razin\.m2\repository\org\drools\drools-model-compiler\7.32.0.Final\drools-model-compiler-7.32.0.Final.jar;C:\Users\razin\.m2\repository\org\jboss\spec\javax\transaction\jboss-transaction-api_1.2_spec\1.1.1.Final\jboss-transaction-api_1.2_spec-1.1.1.Final.jar;C:\Users\razin\.m2\repository\jakarta\persistence\jakarta.persistence-api\2.2.3\jakarta.persistence-api-2.2.3.jar;C:\Users\razin\.m2\repository\net\sf\ehcache\ehcache\2.10.9.2\ehcache-2.10.9.2.jar;C:\Users\razin\.m2\repository\org\opensearch\plugin\rank-eval-client\2.2.0\rank-eval-client-2.2.0.jar;C:\Users\razin\.m2\repository\org\codehaus\mojo\animal-sniffer-annotations\1.17\animal-sniffer-annotations-1.17.jar;C:\Users\razin\.m2\repository\xml-apis\xml-apis\1.4.01\xml-apis-1.4.01.jar;C:\Users\razin\.m2\repository\javax\enterprise\cdi-api\1.0\cdi-api-1.0.jar;C:\Users\razin\.m2\repository\org\hibernate\hibernate-ehcache\5.4.33\hibernate-ehcache-5.4.33.jar;C:\Users\razin\.m2\repository\com\amazonaws\aws-java-sdk-ses\1.11.640\aws-java-sdk-ses-1.11.640.jar;C:\Users\razin\.m2\repository\com\googlecode\json-simple\json-simple\1.1.1\json-simple-1.1.1.jar;C:\Users\razin\.m2\repository\org\apache\commons\commons-rng-client-api\1.3\commons-rng-client-api-1.3.jar;C:\Users\razin\.m2\repository\org\jsoup\jsoup\1.7.2\jsoup-1.7.2.jar;C:\Users\razin\.m2\repository\javax\annotation\javax.annotation-api\1.3.2\javax.annotation-api-1.3.2.jar;C:\Users\razin\.m2\repository\io\springfox\springfox-swagger-ui\2.9.2\springfox-swagger-ui-2.9.2.jar;C:\Users\razin\.m2\repository\org\jpmml\pmml-model\1.4.11\pmml-model-1.4.11.jar;C:\Users\razin\.m2\repository\org\apache\commons\commons-lang3\3.5\commons-lang3-3.5.jar;C:\Users\razin\.m2\repository\org\apache\maven\maven-model-builder\3.3.9\maven-model-builder-3.3.9.jar;C:\Users\razin\.m2\repository\org\glassfish\jaxb\jaxb-runtime\2.3.6\jaxb-runtime-2.3.6.jar;C:\Users\razin\.m2\repository\commons-logging\commons-logging\1.2\commons-logging-1.2.jar;C:\Users\razin\.m2\repository\org\apache\lucene\lucene-spatial3d\9.3.0\lucene-spatial3d-9.3.0.jar;C:\Users\razin\.m2\repository\org\checkerframework\checker-qual\2.5.2\checker-qual-2.5.2.jar;C:\Users\razin\.m2\repository\org\apache\httpcomponents\httpcore-nio\4.4.15\httpcore-nio-4.4.15.jar;C:\Users\razin\.m2\repository\org\apache\maven\maven-model\3.3.9\maven-model-3.3.9.jar;C:\Users\razin\.m2\repository\com\shopizer\shipping-canadapost-spring-boot-starter\2.17.0\shipping-canadapost-spring-boot-starter-2.17.0.jar;C:\Users\razin\.m2\repository\org\yaml\snakeyaml\1.28\snakeyaml-1.28.jar;C:\Users\razin\.m2\repository\org\springframework\security\spring-security-config\5.5.5\spring-security-config-5.5.5.jar;C:\Users\razin\.m2\repository\org\kie\kie-spring\7.32.0.Final\kie-spring-7.32.0.Final.jar;C:\Users\razin\.m2\repository\io\springfox\springfox-spring-web\2.9.2\springfox-spring-web-2.9.2.jar;C:\Users\razin\.m2\repository\org\apache\tomcat\embed\tomcat-embed-el\9.0.60\tomcat-embed-el-9.0.60.jar;C:\Users\razin\.m2\repository\org\apache\poi\poi-ooxml-schemas\3.17\poi-ooxml-schemas-3.17.jar;C:\Users\razin\.m2\repository\javax\mail\javax.mail-api\1.6.2\javax.mail-api-1.6.2.jar;C:\Users\razin\.m2\repository\org\sonatype\plexus\plexus-cipher\1.7\plexus-cipher-1.7.jar;C:\Users\razin\.m2\repository\com\shopizer\sm-core\3.2.5\sm-core-3.2.5.jar;C:\Users\razin\.m2\repository\org\drools\drools-templates\7.32.0.Final\drools-templates-7.32.0.Final.jar;C:\Users\razin\.m2\repository\org\antlr\antlr4-runtime\4.7.2\antlr4-runtime-4.7.2.jar;C:\Users\razin\.m2\repository\org\json\json\20211205\json-20211205.jar;C:\Users\razin\.m2\repository\com\tdunning\t-digest\3.2\t-digest-3.2.jar;C:\Users\razin\.m2\repository\org\springframework\spring-context-support\5.3.18\spring-context-support-5.3.18.jar;C:\Users\razin\.m2\repository\io\swagger\swagger-annotations\1.5.20\swagger-annotations-1.5.20.jar;C:\Users\razin\.m2\repository\javax\activation\activation\1.1\activation-1.1.jar;C:\Users\razin\.m2\repository\org\apache\xmlgraphics\batik-css\1.14\batik-css-1.14.jar;C:\Users\razin\.m2\repository\org\apache\commons\commons-collections4\4.1\commons-collections4-4.1.jar;C:\Users\razin\.m2\repository\com\google\cloud\google-cloud-storage\1.74.0\google-cloud-storage-1.74.0.jar;C:\Users\razin\.m2\repository\org\jboss\jandex\2.2.3.Final\jandex-2.2.3.Final.jar;C:\Users\razin\.m2\repository\org\eclipse\aether\aether-impl\1.1.0\aether-impl-1.1.0.jar;C:\Users\razin\.m2\repository\org\antlr\antlr-runtime\3.5.2\antlr-runtime-3.5.2.jar;C:\Users\razin\.m2\repository\org\hibernate\common\hibernate-commons-annotations\5.1.2.Final\hibernate-commons-annotations-5.1.2.Final.jar;C:\Users\razin\.m2\repository\org\opensearch\opensearch-secure-sm\2.2.0\opensearch-secure-sm-2.2.0.jar;C:\Users\razin\.m2\repository\org\hamcrest\hamcrest\2.2\hamcrest-2.2.jar;C:\Users\razin\.m2\repository\javax\inject\javax.inject\1\javax.inject-1.jar;C:\Users\razin\.m2\repository\com\google\protobuf\protobuf-java-util\3.7.1\protobuf-java-util-3.7.1.jar;C:\Users\razin\.m2\repository\org\apache\lucene\lucene-memory\9.3.0\lucene-memory-9.3.0.jar;C:\Users\razin\.m2\repository\org\springframework\spring-jcl\5.3.18\spring-jcl-5.3.18.jar;C:\Users\razin\.m2\repository\org\apache\logging\log4j\log4j-to-slf4j\2.17.2\log4j-to-slf4j-2.17.2.jar;C:\Users\razin\.m2\repository\javax\xml\stream\stax-api\1.0-2\stax-api-1.0-2.jar;C:\Users\razin\.m2\repository\org\kie\kie-ci\7.32.0.Final\kie-ci-7.32.0.Final.jar;C:\Users\razin\.m2\repository\org\drools\drools-core-reflective\7.32.0.Final\drools-core-reflective-7.32.0.Final.jar;C:\Users\razin\.m2\repository\org\opensearch\client\opensearch-rest-client-sniffer\2.2.0\opensearch-rest-client-sniffer-2.2.0.jar;C:\Users\razin\.m2\repository\org\opensearch\plugin\aggs-matrix-stats-client\2.2.0\aggs-matrix-stats-client-2.2.0.jar;C:\Users\razin\.m2\repository\org\opensearch\opensearch-core\2.2.0\opensearch-core-2.2.0.jar;C:\Users\razin\.m2\repository\org\apache\poi\poi-ooxml\3.17\poi-ooxml-3.17.jar;C:\Users\razin\.m2\repository\org\glassfish\jaxb\txw2\2.3.6\txw2-2.3.6.jar;C:\Users\razin\.m2\repository\com\google\oauth-client\google-oauth-client\1.28.0\google-oauth-client-1.28.0.jar;C:\Users\razin\.m2\repository\com\fasterxml\classmate\1.5.1\classmate-1.5.1.jar;C:\Users\razin\.m2\repository\org\apache\lucene\lucene-suggest\9.3.0\lucene-suggest-9.3.0.jar;C:\Users\razin\.m2\repository\org\springframework\boot\spring-boot-actuator-autoconfigure\2.5.12\spring-boot-actuator-autoconfigure-2.5.12.jar;C:\Users\razin\.m2\repository\org\threeten\threetenbp\1.3.3\threetenbp-1.3.3.jar;C:\Users\razin\.m2\repository\com\google\api-client\google-api-client\1.28.0\google-api-client-1.28.0.jar;C:\Users\razin\.m2\repository\org\apache\httpcomponents\core5\httpcore5\5.1.3\httpcore5-5.1.3.jar;C:\Users\razin\.m2\repository\com\google\protobuf\protobuf-java\3.11.4\protobuf-java-3.11.4.jar;C:\Users\razin\.m2\repository\com\google\inject\guice\4.0\guice-4.0-no_aop.jar;C:\Users\razin\.m2\repository\org\jboss\logging\jboss-logging\3.4.3.Final\jboss-logging-3.4.3.Final.jar;C:\Users\razin\.m2\repository\org\kie\soup\kie-soup-commons\7.32.0.Final\kie-soup-commons-7.32.0.Final.jar;C:\Users\razin\.m2\repository\org\infinispan\infinispan-commons\9.4.18.Final\infinispan-commons-9.4.18.Final.jar;C:\Users\razin\.m2\repository\org\slf4j\slf4j-api\1.7.36\slf4j-api-1.7.36.jar;C:\Users\razin\.m2\repository\org\apache\xmlgraphics\batik-util\1.14\batik-util-1.14.jar;C:\Users\razin\.m2\repository\org\apache\lucene\lucene-misc\9.3.0\lucene-misc-9.3.0.jar;C:\Users\razin\.m2\repository\org\eclipse\aether\aether-transport-http\1.1.0\aether-transport-http-1.1.0.jar;C:\Users\razin\.m2\repository\net\sourceforge\htmlunit\neko-htmlunit\2.60.0\neko-htmlunit-2.60.0.jar;C:\Users\razin\.m2\repository\com\amazonaws\aws-java-sdk-kms\1.11.640\aws-java-sdk-kms-1.11.640.jar;C:\Users\razin\.m2\repository\jakarta\annotation\jakarta.annotation-api\1.3.5\jakarta.annotation-api-1.3.5.jar;C:\Users\razin\.m2\repository\org\apache\lucene\lucene-join\9.3.0\lucene-join-9.3.0.jar;C:\Users\razin\.m2\repository\org\apache\maven\maven-artifact\3.3.9\maven-artifact-3.3.9.jar;C:\Users\razin\.m2\repository\org\apache\maven\maven-settings-builder\3.3.9\maven-settings-builder-3.3.9.jar;C:\Users\razin\.m2\repository\com\google\http-client\google-http-client-jackson2\1.29.0\google-http-client-jackson2-1.29.0.jar;C:\Users\razin\.m2\repository\com\github\virtuald\curvesapi\1.04\curvesapi-1.04.jar;C:\Users\razin\.m2\repository\io\grpc\grpc-context\1.18.0\grpc-context-1.18.0.jar;C:\Users\razin\.m2\repository\xmlpull\xmlpull\1.1.3.1\xmlpull-1.1.3.1.jar;C:\Users\razin\.m2\repository\ch\qos\logback\logback-core\1.2.11\logback-core-1.2.11.jar;C:\Users\razin\.m2\repository\com\google\api\grpc\proto-google-iam-v1\0.12.0\proto-google-iam-v1-0.12.0.jar;C:\Users\razin\.m2\repository\com\google\cloud\google-cloud-core-http\1.74.0\google-cloud-core-http-1.74.0.jar;C:\Users\razin\.m2\repository\org\opensearch\plugin\lang-mustache-client\2.2.0\lang-mustache-client-2.2.0.jar;C:\Users\razin\.m2\repository\io\springfox\springfox-schema\2.9.2\springfox-schema-2.9.2.jar;C:\Users\razin\.m2\repository\org\springframework\data\spring-data-jpa\2.5.10\spring-data-jpa-2.5.10.jar;C:\Users\razin\.m2\repository\commons-io\commons-io\2.7\commons-io-2.7.jar;C:\Users\razin\.m2\repository\ch\qos\logback\logback-classic\1.2.11\logback-classic-1.2.11.jar;C:\Users\razin\.m2\repository\org\codehaus\plexus\plexus-interpolation\1.21\plexus-interpolation-1.21.jar;C:\Users\razin\.m2\repository\io\opencensus\opencensus-api\0.19.2\opencensus-api-0.19.2.jar;C:\Users\razin\.m2\repository\org\apache\logging\log4j\log4j-api\2.17.2\log4j-api-2.17.2.jar;C:\Users\razin\.m2\repository\org\springframework\data\spring-data-commons\2.5.10\spring-data-commons-2.5.10.jar;C:\Users\razin\.m2\repository\com\maxmind\db\maxmind-db\1.2.1\maxmind-db-1.2.1.jar;C:\Users\razin\.m2\repository\org\apache\xmlgraphics\batik-constants\1.14\batik-constants-1.14.jar;C:\Users\razin\.m2\repository\io\springfox\springfox-core\2.9.2\springfox-core-2.9.2.jar;C:\Users\razin\.m2\repository\commons-validator\commons-validator\1.5.1\commons-validator-1.5.1.jar;C:\Users\razin\.m2\repository\com\sun\activation\jakarta.activation\1.2.2\jakarta.activation-1.2.2.jar;C:\Users\razin\.m2\repository\org\eclipse\aether\aether-transport-file\1.1.0\aether-transport-file-1.1.0.jar;C:\Users\razin\.m2\repository\jakarta\transaction\jakarta.transaction-api\1.3.3\jakarta.transaction-api-1.3.3.jar;C:\Users\razin\.m2\repository\org\springframework\spring-tx\5.3.18\spring-tx-5.3.18.jar;C:\Users\razin\.m2\repository\org\drools\drools-core-dynamic\7.32.0.Final\drools-core-dynamic-7.32.0.Final.jar;C:\Users\razin\.m2\repository\org\kie\soup\kie-soup-project-datamodel-api\7.32.0.Final\kie-soup-project-datamodel-api-7.32.0.Final.jar;C:\Users\razin\.m2\repository\com\google\j2objc\j2objc-annotations\1.1\j2objc-annotations-1.1.jar;C:\Users\razin\.m2\repository\org\springframework\security\spring-security-web\5.5.5\spring-security-web-5.5.5.jar;C:\Users\razin\.m2\repository\io\springfox\springfox-swagger2\2.9.2\springfox-swagger2-2.9.2.jar;C:\Users\razin\.m2\repository\org\apache\tomcat\embed\tomcat-embed-websocket\9.0.60\tomcat-embed-websocket-9.0.60.jar;C:\Users\razin\.m2\repository\com\fasterxml\jackson\core\jackson-core\2.13.4\jackson-core-2.13.4.jar;C:\Users\razin\.m2\repository\org\springframework\spring-webmvc\5.3.18\spring-webmvc-5.3.18.jar;C:\Users\razin\.m2\repository\org\springframework\spring-aspects\5.3.18\spring-aspects-5.3.18.jar;C:\Users\razin\.m2\repository\org\eclipse\sisu\org.eclipse.sisu.inject\0.3.2\org.eclipse.sisu.inject-0.3.2.jar;C:\Users\razin\.m2\repository\org\codehaus\plexus\plexus-classworlds\2.5.2\plexus-classworlds-2.5.2.jar;C:\Users\razin\.m2\repository\org\opensearch\plugin\parent-join-client\2.2.0\parent-join-client-2.2.0.jar;C:\Users\razin\.m2\repository\org\springframework\spring-context\5.3.18\spring-context-5.3.18.jar;C:\Users\razin\.m2\repository\org\slf4j\jul-to-slf4j\1.7.36\jul-to-slf4j-1.7.36.jar;C:\Users\razin\.m2\repository\com\h2database\h2\1.4.200\h2-1.4.200.jar;C:\Users\razin\.m2\repository\org\apache\tomcat\embed\tomcat-embed-jasper\9.0.60\tomcat-embed-jasper-9.0.60.jar;C:\Users\razin\.m2\repository\org\sonatype\plexus\plexus-sec-dispatcher\1.3\plexus-sec-dispatcher-1.3.jar;C:\Users\razin\.m2\repository\com\thoughtworks\xstream\xstream\1.4.11.1\xstream-1.4.11.1.jar;C:\Users\razin\.m2\repository\com\google\maps\google-maps-services\0.1.6\google-maps-services-0.1.6.jar;C:\Users\razin\.m2\repository\org\apache\maven\maven-settings\3.3.9\maven-settings-3.3.9.jar;C:\Users\razin\.m2\repository\org\apache\maven\maven-aether-provider\3.3.9\maven-aether-provider-3.3.9.jar;C:\Users\razin\.m2\repository\org\apache\lucene\lucene-highlighter\9.3.0\lucene-highlighter-9.3.0.jar;C:\Users\razin\.m2\repository\org\latencyutils\LatencyUtils\2.0.3\LatencyUtils-2.0.3.jar;C:\Users\razin\.m2\repository\org\apache\httpcomponents\httpcore\4.4.15\httpcore-4.4.15.jar;C:\Users\razin\.m2\repository\org\apache\httpcomponents\core5\httpcore5-h2\5.1.3\httpcore5-h2-5.1.3.jar;C:\Users\razin\.m2\repository\com\fasterxml\jackson\dataformat\jackson-dataformat-cbor\2.12.6\jackson-dataformat-cbor-2.12.6.jar;C:\Users\razin\.m2\repository\org\apache\xmlgraphics\batik-i18n\1.14\batik-i18n-1.14.jar;C:\Users\razin\.m2\repository\io\springfox\springfox-spi\2.9.2\springfox-spi-2.9.2.jar;C:\Users\razin\.m2\repository\software\amazon\ion\ion-java\1.0.2\ion-java-1.0.2.jar;C:\Users\razin\.m2\repository\io\opencensus\opencensus-contrib-http-util\0.19.2\opencensus-contrib-http-util-0.19.2.jar;C:\Users\razin\.m2\repository\com\google\http-client\google-http-client\1.21.0\google-http-client-1.21.0.jar;C:\Users\razin\.m2\repository\org\passay\passay\1.6.0\passay-1.6.0.jar;C:\Users\razin\.m2\repository\org\codehaus\plexus\plexus-utils\3.0.22\plexus-utils-3.0.22.jar;C:\Users\razin\.m2\repository\com\google\api\gax-httpjson\0.61.0\gax-httpjson-0.61.0.jar;C:\Users\razin\.m2\repository\com\google\guava\guava\27.1-jre\guava-27.1-jre.jar
2025-12-16 00:11:38.950 DEBUG 28064 --- [           main] c.s.s.a.c.ShopServletContextListener     : java.vm.vendor:Oracle Corporation
2025-12-16 00:11:38.950 DEBUG 28064 --- [           main] c.s.s.a.c.ShopServletContextListener     : sun.arch.data.model:64
2025-12-16 00:11:38.950 DEBUG 28064 --- [           main] c.s.s.a.c.ShopServletContextListener     : user.variant:
2025-12-16 00:11:38.950 DEBUG 28064 --- [           main] c.s.s.a.c.ShopServletContextListener     : java.vendor.url:https://java.oracle.com/
2025-12-16 00:11:38.950 DEBUG 28064 --- [           main] c.s.s.a.c.ShopServletContextListener     : catalina.useNaming:false
2025-12-16 00:11:38.950 DEBUG 28064 --- [           main] c.s.s.a.c.ShopServletContextListener     : user.timezone:Asia/Kuala_Lumpur
2025-12-16 00:11:38.950 DEBUG 28064 --- [           main] c.s.s.a.c.ShopServletContextListener     : java.vm.specification.version:21
2025-12-16 00:11:38.951 DEBUG 28064 --- [           main] c.s.s.a.c.ShopServletContextListener     : os.name:Windows 11
2025-12-16 00:11:38.951 DEBUG 28064 --- [           main] c.s.s.a.c.ShopServletContextListener     : sun.java.launcher:SUN_STANDARD
2025-12-16 00:11:38.951 DEBUG 28064 --- [           main] c.s.s.a.c.ShopServletContextListener     : user.country:MY
2025-12-16 00:11:38.951 DEBUG 28064 --- [           main] c.s.s.a.c.ShopServletContextListener     : sun.boot.library.path:C:\Program Files\Java\jdk-21\bin
2025-12-16 00:11:38.951 DEBUG 28064 --- [           main] c.s.s.a.c.ShopServletContextListener     : sun.java.command:com.salesmanager.shop.application.ShopApplication
2025-12-16 00:11:38.951 DEBUG 28064 --- [           main] c.s.s.a.c.ShopServletContextListener     : jdk.debug:release
2025-12-16 00:11:38.951 DEBUG 28064 --- [           main] c.s.s.a.c.ShopServletContextListener     : sun.cpu.endian:little
2025-12-16 00:11:38.952 DEBUG 28064 --- [           main] c.s.s.a.c.ShopServletContextListener     : user.home:C:\Users\razin
2025-12-16 00:11:38.952 DEBUG 28064 --- [           main] c.s.s.a.c.ShopServletContextListener     : user.language:en
2025-12-16 00:11:38.953 DEBUG 28064 --- [           main] c.s.s.a.c.ShopServletContextListener     : java.specification.vendor:Oracle Corporation
2025-12-16 00:11:38.953 DEBUG 28064 --- [           main] c.s.s.a.c.ShopServletContextListener     : java.version.date:2025-10-21
2025-12-16 00:11:38.953 DEBUG 28064 --- [           main] c.s.s.a.c.ShopServletContextListener     : java.home:C:\Program Files\Java\jdk-21
2025-12-16 00:11:38.953 DEBUG 28064 --- [           main] c.s.s.a.c.ShopServletContextListener     : file.separator:\
2025-12-16 00:11:38.953 DEBUG 28064 --- [           main] c.s.s.a.c.ShopServletContextListener     : java.vm.compressedOopsMode:Zero based
2025-12-16 00:11:38.953 DEBUG 28064 --- [           main] c.s.s.a.c.ShopServletContextListener     : line.separator:

2025-12-16 00:11:38.953 DEBUG 28064 --- [           main] c.s.s.a.c.ShopServletContextListener     : java.vm.specification.vendor:Oracle Corporation
2025-12-16 00:11:38.953 DEBUG 28064 --- [           main] c.s.s.a.c.ShopServletContextListener     : java.specification.name:Java Platform API Specification
2025-12-16 00:11:38.953 DEBUG 28064 --- [           main] c.s.s.a.c.ShopServletContextListener     : FILE_LOG_CHARSET:UTF-8
2025-12-16 00:11:38.953 DEBUG 28064 --- [           main] c.s.s.a.c.ShopServletContextListener     : java.awt.headless:true
2025-12-16 00:11:38.953 DEBUG 28064 --- [           main] c.s.s.a.c.ShopServletContextListener     : user.script:
2025-12-16 00:11:38.953 DEBUG 28064 --- [           main] c.s.s.a.c.ShopServletContextListener     : sun.management.compiler:HotSpot 64-Bit Tiered Compilers
2025-12-16 00:11:38.953 DEBUG 28064 --- [           main] c.s.s.a.c.ShopServletContextListener     : java.runtime.version:21.0.9+7-LTS-338
2025-12-16 00:11:38.953 DEBUG 28064 --- [           main] c.s.s.a.c.ShopServletContextListener     : user.name:razin
2025-12-16 00:11:38.953 DEBUG 28064 --- [           main] c.s.s.a.c.ShopServletContextListener     : stdout.encoding:Cp1252
2025-12-16 00:11:38.953 DEBUG 28064 --- [           main] c.s.s.a.c.ShopServletContextListener     : path.separator:;
2025-12-16 00:11:38.953 DEBUG 28064 --- [           main] c.s.s.a.c.ShopServletContextListener     : os.version:10.0
2025-12-16 00:11:38.953 DEBUG 28064 --- [           main] c.s.s.a.c.ShopServletContextListener     : java.runtime.name:Java(TM) SE Runtime Environment
2025-12-16 00:11:38.954 DEBUG 28064 --- [           main] c.s.s.a.c.ShopServletContextListener     : file.encoding:UTF-8
2025-12-16 00:11:38.954 DEBUG 28064 --- [           main] c.s.s.a.c.ShopServletContextListener     : spring.beaninfo.ignore:true
2025-12-16 00:11:38.954 DEBUG 28064 --- [           main] c.s.s.a.c.ShopServletContextListener     : java.vm.name:Java HotSpot(TM) 64-Bit Server VM
2025-12-16 00:11:38.954 DEBUG 28064 --- [           main] c.s.s.a.c.ShopServletContextListener     : LOG_FILE:shopizer.log
2025-12-16 00:11:38.954 DEBUG 28064 --- [           main] c.s.s.a.c.ShopServletContextListener     : java.vendor.url.bug:https://bugreport.java.com/bugreport/
2025-12-16 00:11:38.954 DEBUG 28064 --- [           main] c.s.s.a.c.ShopServletContextListener     : java.io.tmpdir:C:\Users\razin\AppData\Local\Temp\
2025-12-16 00:11:38.954 DEBUG 28064 --- [           main] c.s.s.a.c.ShopServletContextListener     : catalina.home:C:\Users\razin\AppData\Local\Temp\tomcat.8080.18066259964818475032
2025-12-16 00:11:38.954 DEBUG 28064 --- [           main] c.s.s.a.c.ShopServletContextListener     : com.zaxxer.hikari.pool_number:1
2025-12-16 00:11:38.954 DEBUG 28064 --- [           main] c.s.s.a.c.ShopServletContextListener     : java.version:21.0.9
2025-12-16 00:11:38.954 DEBUG 28064 --- [           main] c.s.s.a.c.ShopServletContextListener     : user.dir:C:\Users\razin\shopizer\sm-shop
2025-12-16 00:11:38.954 DEBUG 28064 --- [           main] c.s.s.a.c.ShopServletContextListener     : os.arch:amd64
2025-12-16 00:11:38.954 DEBUG 28064 --- [           main] c.s.s.a.c.ShopServletContextListener     : java.vm.specification.name:Java Virtual Machine Specification
2025-12-16 00:11:38.954 DEBUG 28064 --- [           main] c.s.s.a.c.ShopServletContextListener     : PID:28064
2025-12-16 00:11:38.954 DEBUG 28064 --- [           main] c.s.s.a.c.ShopServletContextListener     : sun.os.patch.level:
2025-12-16 00:11:38.954 DEBUG 28064 --- [           main] c.s.s.a.c.ShopServletContextListener     : CONSOLE_LOG_CHARSET:UTF-8
2025-12-16 00:11:38.954 DEBUG 28064 --- [           main] c.s.s.a.c.ShopServletContextListener     : catalina.base:C:\Users\razin\AppData\Local\Temp\tomcat.8080.18066259964818475032
2025-12-16 00:11:38.955 DEBUG 28064 --- [           main] c.s.s.a.c.ShopServletContextListener     : native.encoding:Cp1252
2025-12-16 00:11:38.955 DEBUG 28064 --- [           main] c.s.s.a.c.ShopServletContextListener     : java.library.path:C:\Program Files\Java\jdk-21\bin;C:\WINDOWS\Sun\Java\bin;C:\WINDOWS\system32;C:\WINDOWS;C:\Users\razin\bin;C:\Program Files\Git\mingw64\bin;C:\Program Files\Git\usr\local\bin;C:\Program Files\Git\usr\bin;C:\Program Files\Git\usr\bin;C:\Program Files\Git\mingw64\bin;C:\Program Files\Git\usr\bin;C:\Users\razin\bin;C:\Users\razin\AppData\Local\cloud-code\installer\google-cloud-sdk\bin;C:\Users\razin\AppData\Roaming\Code\User\globalStorage\github.copilot-chat\debugCommand;C:\Users\razin\AppData\Roaming\Code\User\globalStorage\github.copilot-chat\copilotCli;C:\Ruby34-x64\bin;C:\Python313\Scripts;C:\Python313;C:\Python312\Scripts;C:\Python312;C:\oraclexe\app\oracle\product\11.2.0\server\bin;C:\Program Files\Java\jdk-21\bin;C:\Program Files\Common Files\Oracle\Java\javapath;C:\Program Files (x86)\Common Files\Oracle\Java\java8path;C:\Program Files (x86)\Common Files\Oracle\Java\javapath;C:\Windows\system32;C:\Windows;C:\Windows\System32\Wbem;C:\Windows\System32\WindowsPowerShell\v1.0;C:\Windows\System32\OpenSSH;C:\Program Files (x86)\NVIDIA Corporation\PhysX\Common;C:\WINDOWS\system32;C:\WINDOWS;C:\WINDOWS\System32\Wbem;C:\WINDOWS\System32\WindowsPowerShell\v1.0;C:\WINDOWS\System32\OpenSSH;C:\Program Files\dotnet;C:\msys64\mingw64\bin;C:\Program Files\Cloudflare\Cloudflare WARP;C:\Program Files\Microsoft SQL Server\150\Tools\Binn;C:\Users\razin\AppData\Roaming\nvm;C:\nvm4w\nodejs;C:\ProgramData\chocolatey\bin;C:\Program Files\Git\cmd;C:\WINDOWS\system32\config\systemprofile\AppData\Local\Muse Hub\lib;C:\maven-mvnd-1.0.3-windows-amd64\mvn\bin;C:\Program Files\Docker\Docker\resources\bin;C:\Program Files\NVIDIA Corporation\NVIDIA App\NvDLISR;C:\Users\razin\AppData\Local\.meteor;C:\Users\razin\.console-ninja\.bin;C:\Users\razin\AppData\Local\Microsoft\WindowsApps;C:\Users\razin\AppData\Local\Programs\Microsoft VS Code\bin;C:\Users\razin\.dotnet\tools;C:\Users\razin\AppData\Roaming\nvm;C:\Users\razin\AppData\Local\GitHubDesktop\bin;C:\Users\razin\AppData\Local\Microsoft\WindowsApps;C:\Users\razin\AppData\Local\Google\Cloud SDK\google-cloud-sdk\bin;C:\Users\razin\AppData\Roaming\npm;C:\Users\razin\AppData\Local\.meteor;C:\Users\razin\AppData\Local\Muse Hub\lib;C:\Users\razin\OneDrive\Documents\maven-mvnd-1.0.3-windows-amd64\maven-mvnd-1.0.3-windows-amd64\bin;C:\Users\razin\AppData\Roaming\nvm;C:\nvm4w\nodejs;C:\Users\razin\.console-ninja\.bin;C:\Program Files\Git\usr\bin\vendor_perl;C:\Program Files\Git\usr\bin\core_perl;.
2025-12-16 00:11:38.955 DEBUG 28064 --- [           main] c.s.s.a.c.ShopServletContextListener     : java.vm.info:mixed mode, emulated-client, sharing
2025-12-16 00:11:38.955 DEBUG 28064 --- [           main] c.s.s.a.c.ShopServletContextListener     : stderr.encoding:Cp1252
2025-12-16 00:11:38.955 DEBUG 28064 --- [           main] c.s.s.a.c.ShopServletContextListener     : java.vendor:Oracle Corporation
2025-12-16 00:11:38.955 DEBUG 28064 --- [           main] c.s.s.a.c.ShopServletContextListener     : java.vm.version:21.0.9+7-LTS-338
2025-12-16 00:11:38.955 DEBUG 28064 --- [           main] c.s.s.a.c.ShopServletContextListener     : sun.io.unicode.encoding:UnicodeLittle
2025-12-16 00:11:38.955 DEBUG 28064 --- [           main] c.s.s.a.c.ShopServletContextListener     : java.class.version:65.0
2025-12-16 00:11:38.966 DEBUG 28064 --- [           main] c.s.s.s.s.AuthenticationTokenFilter      : Filter 'authenticationTokenFilter' configured for use
2025-12-16 00:11:38.966 DEBUG 28064 --- [           main] com.salesmanager.shop.filter.XssFilter   : (XssFilter) initialize
2025-12-16 00:11:40.349  INFO 28064 --- [           main] o.i.factories.GlobalComponentRegistry    : ISPN000128: Infinispan version: Infinispan 'Infinity Minus ONE +2' 9.4.18.Final
2025-12-16 00:11:41.262  WARN 28064 --- [           main] o.i.t.l.GenericTransactionManagerLookup  : ISPN000104: Falling back to EmbeddedTransactionManager from Infinispan
2025-12-16 00:11:41.399 DEBUG 28064 --- [           main] c.s.c.b.m.cms.impl.CacheManagerImpl      : CMS started
2025-12-16 00:11:41.411  INFO 28064 --- [           main] .m.c.c.i.CmsStaticContentFileManagerImpl : init com.salesmanager.core.business.modules.cms.content.infinispan.CmsStaticContentFileManagerImpl setting rootstore-merchant
2025-12-16 00:11:42.310  WARN 28064 --- [           main] JpaBaseConfiguration$JpaWebConfiguration : spring.jpa.open-in-view is enabled by default. Therefore, database queries may be performed during view rendering. Explicitly configure spring.jpa.open-in-view to disable this warning
2025-12-16 00:11:43.676  INFO 28064 --- [           main] o.s.b.a.e.web.EndpointLinksResolver      : Exposing 14 endpoint(s) beneath base path '/actuator'
2025-12-16 00:11:44.070 DEBUG 28064 --- [           main] c.s.c.b.m.cms.impl.CacheManagerImpl      : CMS started
2025-12-16 00:11:44.081  INFO 28064 --- [           main] c.s.c.b.m.c.p.i.CmsImageFileManagerImpl  : init com.salesmanager.core.business.modules.cms.product.infinispan.CmsImageFileManagerImpl setting rootproduct-merchant
2025-12-16 00:11:44.955 DEBUG 28064 --- [           main] org.hibernate.SQL                        : select count(*) as col_0_0_ from SALESMANAGER.LANGUAGE language0_
2025-12-16 00:11:47.141  INFO 28064 --- [           main] c.s.m.s.c.a.CanadaPostAutoConfiguration  : instantiate [CanadaPostQuoteModule]
2025-12-16 00:11:47.144  INFO 28064 --- [           main] c.s.m.s.c.a.CanadaPostAutoConfiguration  : autoconfigure [com.shopizer.modules.shipping.canadapost.autoconfigure.CanadaPostAutoConfiguration$$EnhancerBySpringCGLIB$$50f0216c]
2025-12-16 00:11:49.326 DEBUG 28064 --- [           main] c.s.c.b.m.cms.impl.CacheManagerImpl      : CMS started
2025-12-16 00:11:49.328  INFO 28064 --- [           main] .m.c.c.i.CmsStaticContentFileManagerImpl : init com.salesmanager.core.business.modules.cms.content.infinispan.CmsStaticContentFileManagerImpl setting rootproduct-file
2025-12-16 00:11:50.109  INFO 28064 --- [           main] pertySourcedRequestMappingHandlerMapping : Mapped URL path [/v2/api-docs] onto method [springfox.documentation.swagger2.web.Swagger2Controller#getDocumentation(String, HttpServletRequest)]
2025-12-16 00:11:50.367  WARN 28064 --- [           main] o.s.s.c.a.web.builders.WebSecurity       : You are asking Spring Security to ignore Ant [pattern='/']. This is not recommended -- please use permitAll via HttpSecurity#authorizeHttpRequests instead.
2025-12-16 00:11:50.368  INFO 28064 --- [           main] o.s.s.web.DefaultSecurityFilterChain     : Will secure Ant [pattern='/'] with []
2025-12-16 00:11:50.369  WARN 28064 --- [           main] o.s.s.c.a.web.builders.WebSecurity       : You are asking Spring Security to ignore Ant [pattern='/error']. This is not recommended -- please use permitAll via HttpSecurity#authorizeHttpRequests instead.
2025-12-16 00:11:50.369  INFO 28064 --- [           main] o.s.s.web.DefaultSecurityFilterChain     : Will secure Ant [pattern='/error'] with []
2025-12-16 00:11:50.369  WARN 28064 --- [           main] o.s.s.c.a.web.builders.WebSecurity       : You are asking Spring Security to ignore Ant [pattern='/resources/**']. This is not recommended -- please use permitAll via HttpSecurity#authorizeHttpRequests instead.
2025-12-16 00:11:50.369  INFO 28064 --- [           main] o.s.s.web.DefaultSecurityFilterChain     : Will secure Ant [pattern='/resources/**'] with []
2025-12-16 00:11:50.370  WARN 28064 --- [           main] o.s.s.c.a.web.builders.WebSecurity       : You are asking Spring Security to ignore Ant [pattern='/static/**']. This is not recommended -- please use permitAll via HttpSecurity#authorizeHttpRequests instead.
2025-12-16 00:11:50.370  INFO 28064 --- [           main] o.s.s.web.DefaultSecurityFilterChain     : Will secure Ant [pattern='/static/**'] with []
2025-12-16 00:11:50.370  WARN 28064 --- [           main] o.s.s.c.a.web.builders.WebSecurity       : You are asking Spring Security to ignore Ant [pattern='/services/public/**']. This is not recommended -- please use permitAll via HttpSecurity#authorizeHttpRequests instead.
2025-12-16 00:11:50.370  INFO 28064 --- [           main] o.s.s.web.DefaultSecurityFilterChain     : Will secure Ant [pattern='/services/public/**'] with []
2025-12-16 00:11:50.370  WARN 28064 --- [           main] o.s.s.c.a.web.builders.WebSecurity       : You are asking Spring Security to ignore Ant [pattern='/swagger-ui.html']. This is not recommended -- please use permitAll via HttpSecurity#authorizeHttpRequests instead.
2025-12-16 00:11:50.370  INFO 28064 --- [           main] o.s.s.web.DefaultSecurityFilterChain     : Will secure Ant [pattern='/swagger-ui.html'] with []
2025-12-16 00:11:50.456  INFO 28064 --- [           main] o.s.s.web.DefaultSecurityFilterChain     : Will not secure Ant [pattern='/shop/**']
2025-12-16 00:11:50.483  INFO 28064 --- [           main] o.s.s.web.DefaultSecurityFilterChain     : Will not secure Ant [pattern='/services/**']
2025-12-16 00:11:50.490  INFO 28064 --- [           main] o.s.s.web.DefaultSecurityFilterChain     : Will not secure Ant [pattern='/api/v*/private/**']
2025-12-16 00:11:50.496  INFO 28064 --- [           main] o.s.s.web.DefaultSecurityFilterChain     : Will not secure Ant [pattern='/api/v*/auth/**']
2025-12-16 00:11:50.547  INFO 28064 --- [           main] c.s.c.b.m.c.p.l.CmsImageFileManagerImpl  : init com.salesmanager.core.business.modules.cms.product.local.CmsImageFileManagerImpl setting root
2025-12-16 00:11:50.558  INFO 28064 --- [           main] .m.c.c.l.CmsStaticContentFileManagerImpl : init com.salesmanager.core.business.modules.cms.content.local.CmsStaticContentFileManagerImpl setting root
2025-12-16 00:11:50.564  INFO 28064 --- [           main] .m.c.c.l.CmsStaticContentFileManagerImpl : init com.salesmanager.core.business.modules.cms.content.local.CmsStaticContentFileManagerImpl setting root
2025-12-16 00:11:51.836  INFO 28064 --- [           main] o.s.b.w.embedded.tomcat.TomcatWebServer  : Tomcat started on port(s): 8080 (http) with context path ''
2025-12-16 00:11:51.838  INFO 28064 --- [           main] d.s.w.p.DocumentationPluginsBootstrapper : Context refreshed
2025-12-16 00:11:51.866  INFO 28064 --- [           main] d.s.w.p.DocumentationPluginsBootstrapper : Found 1 custom documentation plugin(s)
2025-12-16 00:11:52.072  INFO 28064 --- [           main] s.d.s.w.s.ApiListingReferenceScanner     : Scanning for api listing references
2025-12-16 00:11:52.335  INFO 28064 --- [           main] .d.s.w.r.o.CachingOperationNameGenerator : Generating unique operation named: authenticateUsingPOST_1
2025-12-16 00:11:52.459  INFO 28064 --- [           main] .d.s.w.r.o.CachingOperationNameGenerator : Generating unique operation named: existsUsingGET_1
2025-12-16 00:11:52.475  INFO 28064 --- [           main] .d.s.w.r.o.CachingOperationNameGenerator : Generating unique operation named: listUsingGET_1
2025-12-16 00:11:52.483  INFO 28064 --- [           main] .d.s.w.r.o.CachingOperationNameGenerator : Generating unique operation named: createUsingPOST_1
2025-12-16 00:11:52.507  INFO 28064 --- [           main] .d.s.w.r.o.CachingOperationNameGenerator : Generating unique operation named: listUsingGET_2
2025-12-16 00:11:52.530  INFO 28064 --- [           main] .d.s.w.r.o.CachingOperationNameGenerator : Generating unique operation named: boxesUsingGET_1
2025-12-16 00:11:52.597  INFO 28064 --- [           main] .d.s.w.r.o.CachingOperationNameGenerator : Generating unique operation named: pagesUsingGET_1
2025-12-16 00:11:52.610  INFO 28064 --- [           main] .d.s.w.r.o.CachingOperationNameGenerator : Generating unique operation named: updatePageUsingPUT_1
2025-12-16 00:11:52.612  INFO 28064 --- [           main] .d.s.w.r.o.CachingOperationNameGenerator : Generating unique operation named: uploadUsingPOST_1
2025-12-16 00:11:52.632  INFO 28064 --- [           main] .d.s.w.r.o.CachingOperationNameGenerator : Generating unique operation named: createUsingPOST_2
2025-12-16 00:11:52.634  INFO 28064 --- [           main] .d.s.w.r.o.CachingOperationNameGenerator : Generating unique operation named: deleteUsingDELETE_1
2025-12-16 00:11:52.637  INFO 28064 --- [           main] .d.s.w.r.o.CachingOperationNameGenerator : Generating unique operation named: deleteUsingDELETE_2
2025-12-16 00:11:52.641  INFO 28064 --- [           main] .d.s.w.r.o.CachingOperationNameGenerator : Generating unique operation named: getUsingGET_1
2025-12-16 00:11:52.643  INFO 28064 --- [           main] .d.s.w.r.o.CachingOperationNameGenerator : Generating unique operation named: getAuthUserUsingGET_1
2025-12-16 00:11:52.649  INFO 28064 --- [           main] .d.s.w.r.o.CachingOperationNameGenerator : Generating unique operation named: listUsingGET_3
2025-12-16 00:11:52.664  INFO 28064 --- [           main] .d.s.w.r.o.CachingOperationNameGenerator : Generating unique operation named: updateUsingPUT_1
2025-12-16 00:11:52.675  INFO 28064 --- [           main] .d.s.w.r.o.CachingOperationNameGenerator : Generating unique operation named: createUsingPOST_3
2025-12-16 00:11:52.677  INFO 28064 --- [           main] .d.s.w.r.o.CachingOperationNameGenerator : Generating unique operation named: deleteUsingDELETE_3
2025-12-16 00:11:52.679  INFO 28064 --- [           main] .d.s.w.r.o.CachingOperationNameGenerator : Generating unique operation named: updateUsingPUT_2
2025-12-16 00:11:52.688  INFO 28064 --- [           main] .d.s.w.r.o.CachingOperationNameGenerator : Generating unique operation named: createUsingPOST_4
2025-12-16 00:11:52.690  INFO 28064 --- [           main] .d.s.w.r.o.CachingOperationNameGenerator : Generating unique operation named: deleteUsingDELETE_4
2025-12-16 00:11:52.696  INFO 28064 --- [           main] .d.s.w.r.o.CachingOperationNameGenerator : Generating unique operation named: updateUsingPUT_3
2025-12-16 00:11:52.724  INFO 28064 --- [           main] .d.s.w.r.o.CachingOperationNameGenerator : Generating unique operation named: createUsingPOST_5
2025-12-16 00:11:52.727  INFO 28064 --- [           main] .d.s.w.r.o.CachingOperationNameGenerator : Generating unique operation named: deleteUsingDELETE_5
2025-12-16 00:11:52.730  INFO 28064 --- [           main] .d.s.w.r.o.CachingOperationNameGenerator : Generating unique operation named: existsUsingGET_2
2025-12-16 00:11:52.731  INFO 28064 --- [           main] .d.s.w.r.o.CachingOperationNameGenerator : Generating unique operation named: existsUsingGET_3
2025-12-16 00:11:52.736  INFO 28064 --- [           main] .d.s.w.r.o.CachingOperationNameGenerator : Generating unique operation named: getUsingGET_2
2025-12-16 00:11:52.744  INFO 28064 --- [           main] .d.s.w.r.o.CachingOperationNameGenerator : Generating unique operation named: listUsingGET_4
2025-12-16 00:11:52.748  INFO 28064 --- [           main] .d.s.w.r.o.CachingOperationNameGenerator : Generating unique operation named: listUsingGET_5
2025-12-16 00:11:52.765  INFO 28064 --- [           main] .d.s.w.r.o.CachingOperationNameGenerator : Generating unique operation named: updateUsingPUT_4
2025-12-16 00:11:52.770  INFO 28064 --- [           main] .d.s.w.r.o.CachingOperationNameGenerator : Generating unique operation named: createUsingPOST_6
2025-12-16 00:11:52.836  INFO 28064 --- [           main] .d.s.w.r.o.CachingOperationNameGenerator : Generating unique operation named: checkoutUsingPOST_1
2025-12-16 00:11:52.866  INFO 28064 --- [           main] .d.s.w.r.o.CachingOperationNameGenerator : Generating unique operation named: getUsingGET_3
2025-12-16 00:11:52.886  INFO 28064 --- [           main] .d.s.w.r.o.CachingOperationNameGenerator : Generating unique operation named: listUsingGET_6
2025-12-16 00:11:52.893  INFO 28064 --- [           main] .d.s.w.r.o.CachingOperationNameGenerator : Generating unique operation named: listUsingGET_7
2025-12-16 00:11:52.901  INFO 28064 --- [           main] .d.s.w.r.o.CachingOperationNameGenerator : Generating unique operation named: listUsingGET_8
2025-12-16 00:11:52.918  INFO 28064 --- [           main] .d.s.w.r.o.CachingOperationNameGenerator : Generating unique operation named: initUsingPOST_1
2025-12-16 00:11:52.946  INFO 28064 --- [           main] .d.s.w.r.o.CachingOperationNameGenerator : Generating unique operation named: createUsingPOST_7
2025-12-16 00:11:52.948  INFO 28064 --- [           main] .d.s.w.r.o.CachingOperationNameGenerator : Generating unique operation named: listUsingGET_9
2025-12-16 00:11:52.969  INFO 28064 --- [           main] .d.s.w.r.o.CachingOperationNameGenerator : Generating unique operation named: changeProductOrderUsingPOST_1
2025-12-16 00:11:53.015  INFO 28064 --- [           main] .d.s.w.r.o.CachingOperationNameGenerator : Generating unique operation named: createUsingPOST_8
2025-12-16 00:11:53.017  INFO 28064 --- [           main] .d.s.w.r.o.CachingOperationNameGenerator : Generating unique operation named: createUsingPOST_9
2025-12-16 00:11:53.018  INFO 28064 --- [           main] .d.s.w.r.o.CachingOperationNameGenerator : Generating unique operation named: deleteUsingDELETE_6
2025-12-16 00:11:53.019  INFO 28064 --- [           main] .d.s.w.r.o.CachingOperationNameGenerator : Generating unique operation named: deleteUsingDELETE_7
2025-12-16 00:11:53.022  INFO 28064 --- [           main] .d.s.w.r.o.CachingOperationNameGenerator : Generating unique operation named: existsUsingGET_4
2025-12-16 00:11:53.029  INFO 28064 --- [           main] .d.s.w.r.o.CachingOperationNameGenerator : Generating unique operation named: getByfriendlyUrlUsingGET_1
2025-12-16 00:11:53.030  INFO 28064 --- [           main] .d.s.w.r.o.CachingOperationNameGenerator : Generating unique operation named: getByfriendlyUrlUsingGET_2
2025-12-16 00:11:53.040  INFO 28064 --- [           main] .d.s.w.r.o.CachingOperationNameGenerator : Generating unique operation named: listUsingGET_10
2025-12-16 00:11:53.058  INFO 28064 --- [           main] .d.s.w.r.o.CachingOperationNameGenerator : Generating unique operation named: updateUsingPUT_5
2025-12-16 00:11:53.060  INFO 28064 --- [           main] .d.s.w.r.o.CachingOperationNameGenerator : Generating unique operation named: updateUsingPUT_6
2025-12-16 00:11:53.063  INFO 28064 --- [           main] .d.s.w.r.o.CachingOperationNameGenerator : Generating unique operation named: updateUsingPATCH_1
2025-12-16 00:11:53.066  INFO 28064 --- [           main] .d.s.w.r.o.CachingOperationNameGenerator : Generating unique operation named: createUsingPOST_10
2025-12-16 00:11:53.074  INFO 28064 --- [           main] .d.s.w.r.o.CachingOperationNameGenerator : Generating unique operation named: getUsingGET_4
2025-12-16 00:11:53.076  INFO 28064 --- [           main] .d.s.w.r.o.CachingOperationNameGenerator : Generating unique operation named: getByfriendlyUrlUsingGET_3
2025-12-16 00:11:53.078  INFO 28064 --- [           main] .d.s.w.r.o.CachingOperationNameGenerator : Generating unique operation named: getByfriendlyUrlUsingGET_4
2025-12-16 00:11:53.086  INFO 28064 --- [           main] .d.s.w.r.o.CachingOperationNameGenerator : Generating unique operation named: listUsingGET_11
2025-12-16 00:11:53.103  INFO 28064 --- [           main] .d.s.w.r.o.CachingOperationNameGenerator : Generating unique operation named: listUsingGET_12
2025-12-16 00:11:53.104  INFO 28064 --- [           main] .d.s.w.r.o.CachingOperationNameGenerator : Generating unique operation named: updateUsingPATCH_2
2025-12-16 00:11:53.160  INFO 28064 --- [           main] .d.s.w.r.o.CachingOperationNameGenerator : Generating unique operation named: listUsingGET_13
2025-12-16 00:11:53.167  INFO 28064 --- [           main] .d.s.w.r.o.CachingOperationNameGenerator : Generating unique operation named: deleteImageUsingDELETE_1
2025-12-16 00:11:53.172  INFO 28064 --- [           main] .d.s.w.r.o.CachingOperationNameGenerator : Generating unique operation named: deleteImageUsingDELETE_2
2025-12-16 00:11:53.174  INFO 28064 --- [           main] .d.s.w.r.o.CachingOperationNameGenerator : Generating unique operation named: imageDetailsUsingPATCH_1
2025-12-16 00:11:53.176  INFO 28064 --- [           main] .d.s.w.r.o.CachingOperationNameGenerator : Generating unique operation named: imagesUsingGET_1
2025-12-16 00:11:53.179  INFO 28064 --- [           main] .d.s.w.r.o.CachingOperationNameGenerator : Generating unique operation named: uploadImageUsingPOST_1
2025-12-16 00:11:53.182  INFO 28064 --- [           main] .d.s.w.r.o.CachingOperationNameGenerator : Generating unique operation named: createUsingPOST_11
2025-12-16 00:11:53.185  INFO 28064 --- [           main] .d.s.w.r.o.CachingOperationNameGenerator : Generating unique operation named: deleteUsingDELETE_8
2025-12-16 00:11:53.191  INFO 28064 --- [           main] .d.s.w.r.o.CachingOperationNameGenerator : Generating unique operation named: updateUsingPUT_7
2025-12-16 00:11:53.195  INFO 28064 --- [           main] .d.s.w.r.o.CachingOperationNameGenerator : Generating unique operation named: createUsingPOST_12
2025-12-16 00:11:53.196  INFO 28064 --- [           main] .d.s.w.r.o.CachingOperationNameGenerator : Generating unique operation named: deleteUsingDELETE_9
2025-12-16 00:11:53.197  INFO 28064 --- [           main] .d.s.w.r.o.CachingOperationNameGenerator : Generating unique operation named: existsUsingGET_5
2025-12-16 00:11:53.199  INFO 28064 --- [           main] .d.s.w.r.o.CachingOperationNameGenerator : Generating unique operation named: getUsingGET_5
2025-12-16 00:11:53.201  INFO 28064 --- [           main] .d.s.w.r.o.CachingOperationNameGenerator : Generating unique operation named: listUsingGET_14
2025-12-16 00:11:53.204  INFO 28064 --- [           main] .d.s.w.r.o.CachingOperationNameGenerator : Generating unique operation named: listUsingGET_15
2025-12-16 00:11:53.207  INFO 28064 --- [           main] .d.s.w.r.o.CachingOperationNameGenerator : Generating unique operation named: updateUsingPUT_8
2025-12-16 00:11:53.208  INFO 28064 --- [           main] .d.s.w.r.o.CachingOperationNameGenerator : Generating unique operation named: deleteUsingDELETE_10
2025-12-16 00:11:53.211  INFO 28064 --- [           main] .d.s.w.r.o.CachingOperationNameGenerator : Generating unique operation named: getUsingGET_6
2025-12-16 00:11:53.212  INFO 28064 --- [           main] .d.s.w.r.o.CachingOperationNameGenerator : Generating unique operation named: listUsingGET_16
2025-12-16 00:11:53.214  INFO 28064 --- [           main] .d.s.w.r.o.CachingOperationNameGenerator : Generating unique operation named: listUsingGET_17
2025-12-16 00:11:53.217  INFO 28064 --- [           main] .d.s.w.r.o.CachingOperationNameGenerator : Generating unique operation named: saveUsingPOST_1
2025-12-16 00:11:53.220  INFO 28064 --- [           main] .d.s.w.r.o.CachingOperationNameGenerator : Generating unique operation named: createUsingPOST_13
2025-12-16 00:11:53.221  INFO 28064 --- [           main] .d.s.w.r.o.CachingOperationNameGenerator : Generating unique operation named: deleteUsingDELETE_11
2025-12-16 00:11:53.223  INFO 28064 --- [           main] .d.s.w.r.o.CachingOperationNameGenerator : Generating unique operation named: existsUsingGET_6
2025-12-16 00:11:53.225  INFO 28064 --- [           main] .d.s.w.r.o.CachingOperationNameGenerator : Generating unique operation named: getUsingGET_7
2025-12-16 00:11:53.227  INFO 28064 --- [           main] .d.s.w.r.o.CachingOperationNameGenerator : Generating unique operation named: listUsingGET_18
2025-12-16 00:11:53.228  INFO 28064 --- [           main] .d.s.w.r.o.CachingOperationNameGenerator : Generating unique operation named: updateUsingPUT_9
2025-12-16 00:11:53.233  INFO 28064 --- [           main] .d.s.w.r.o.CachingOperationNameGenerator : Generating unique operation named: getAllUsingGET_1
2025-12-16 00:11:53.236  INFO 28064 --- [           main] .d.s.w.r.o.CachingOperationNameGenerator : Generating unique operation named: createUsingPOST_14
2025-12-16 00:11:53.238  INFO 28064 --- [           main] .d.s.w.r.o.CachingOperationNameGenerator : Generating unique operation named: createUsingPOST_15
2025-12-16 00:11:53.239  INFO 28064 --- [           main] .d.s.w.r.o.CachingOperationNameGenerator : Generating unique operation named: deleteUsingDELETE_12
2025-12-16 00:11:53.239  INFO 28064 --- [           main] .d.s.w.r.o.CachingOperationNameGenerator : Generating unique operation named: deleteUsingDELETE_13
2025-12-16 00:11:53.242  INFO 28064 --- [           main] .d.s.w.r.o.CachingOperationNameGenerator : Generating unique operation named: getAllUsingGET_2
2025-12-16 00:11:53.243  INFO 28064 --- [           main] .d.s.w.r.o.CachingOperationNameGenerator : Generating unique operation named: updateUsingPUT_10
2025-12-16 00:11:53.244  INFO 28064 --- [           main] .d.s.w.r.o.CachingOperationNameGenerator : Generating unique operation named: updateUsingPUT_11
2025-12-16 00:11:53.248  INFO 28064 --- [           main] .d.s.w.r.o.CachingOperationNameGenerator : Generating unique operation named: createUsingPOST_16
2025-12-16 00:11:53.249  INFO 28064 --- [           main] .d.s.w.r.o.CachingOperationNameGenerator : Generating unique operation named: deleteUsingDELETE_14
2025-12-16 00:11:53.250  INFO 28064 --- [           main] .d.s.w.r.o.CachingOperationNameGenerator : Generating unique operation named: existsUsingGET_7
2025-12-16 00:11:53.252  INFO 28064 --- [           main] .d.s.w.r.o.CachingOperationNameGenerator : Generating unique operation named: getUsingGET_8
2025-12-16 00:11:53.254  INFO 28064 --- [           main] .d.s.w.r.o.CachingOperationNameGenerator : Generating unique operation named: listUsingGET_19
2025-12-16 00:11:53.255  INFO 28064 --- [           main] .d.s.w.r.o.CachingOperationNameGenerator : Generating unique operation named: updateUsingPUT_12
2025-12-16 00:11:53.257  INFO 28064 --- [           main] .d.s.w.r.o.CachingOperationNameGenerator : Generating unique operation named: createUsingPOST_17
2025-12-16 00:11:53.258  INFO 28064 --- [           main] .d.s.w.r.o.CachingOperationNameGenerator : Generating unique operation named: deleteUsingDELETE_15
2025-12-16 00:11:53.259  INFO 28064 --- [           main] .d.s.w.r.o.CachingOperationNameGenerator : Generating unique operation named: existsUsingGET_8
2025-12-16 00:11:53.262  INFO 28064 --- [           main] .d.s.w.r.o.CachingOperationNameGenerator : Generating unique operation named: getUsingGET_9
2025-12-16 00:11:53.267  INFO 28064 --- [           main] .d.s.w.r.o.CachingOperationNameGenerator : Generating unique operation named: listUsingGET_20
2025-12-16 00:11:53.270  INFO 28064 --- [           main] .d.s.w.r.o.CachingOperationNameGenerator : Generating unique operation named: updateUsingPUT_13
2025-12-16 00:11:53.276  INFO 28064 --- [           main] .d.s.w.r.o.CachingOperationNameGenerator : Generating unique operation named: createUsingPOST_18
2025-12-16 00:11:53.278  INFO 28064 --- [           main] .d.s.w.r.o.CachingOperationNameGenerator : Generating unique operation named: deleteUsingDELETE_16
2025-12-16 00:11:53.281  INFO 28064 --- [           main] .d.s.w.r.o.CachingOperationNameGenerator : Generating unique operation named: getUsingGET_10
2025-12-16 00:11:53.287  INFO 28064 --- [           main] .d.s.w.r.o.CachingOperationNameGenerator : Generating unique operation named: listUsingGET_21
2025-12-16 00:11:53.289  INFO 28064 --- [           main] .d.s.w.r.o.CachingOperationNameGenerator : Generating unique operation named: updateUsingPUT_14
2025-12-16 00:11:53.298  INFO 28064 --- [           main] .d.s.w.r.o.CachingOperationNameGenerator : Generating unique operation named: createUsingPOST_19
2025-12-16 00:11:53.299  INFO 28064 --- [           main] .d.s.w.r.o.CachingOperationNameGenerator : Generating unique operation named: deleteUsingDELETE_17
2025-12-16 00:11:53.300  INFO 28064 --- [           main] .d.s.w.r.o.CachingOperationNameGenerator : Generating unique operation named: existsUsingGET_9
2025-12-16 00:11:53.302  INFO 28064 --- [           main] .d.s.w.r.o.CachingOperationNameGenerator : Generating unique operation named: getUsingGET_11
2025-12-16 00:11:53.304  INFO 28064 --- [           main] .d.s.w.r.o.CachingOperationNameGenerator : Generating unique operation named: listUsingGET_22
2025-12-16 00:11:53.305  INFO 28064 --- [           main] .d.s.w.r.o.CachingOperationNameGenerator : Generating unique operation named: updateUsingPUT_15
2025-12-16 00:11:53.318  INFO 28064 --- [           main] .d.s.w.r.o.CachingOperationNameGenerator : Generating unique operation named: changePasswordUsingPOST_1
2025-12-16 00:11:53.325  INFO 28064 --- [           main] .d.s.w.r.o.CachingOperationNameGenerator : Generating unique operation named: changePasswordUsingPOST_2
2025-12-16 00:11:53.330  INFO 28064 --- [           main] .d.s.w.r.o.CachingOperationNameGenerator : Generating unique operation named: passwordResetRequestUsingPOST_1
2025-12-16 00:11:53.331  INFO 28064 --- [           main] .d.s.w.r.o.CachingOperationNameGenerator : Generating unique operation named: passwordResetVerifyUsingGET_1
2025-12-16 00:11:53.339  INFO 28064 --- [           main] .d.s.w.r.o.CachingOperationNameGenerator : Generating unique operation named: contactUsingPOST_1
2025-12-16 00:11:53.344  INFO 28064 --- [           main] .d.s.w.r.o.CachingOperationNameGenerator : Generating unique operation named: configureUsingPOST_1
2025-12-16 00:11:53.370  INFO 28064 --- [           main] .d.s.w.r.o.CachingOperationNameGenerator : Generating unique operation named: getCountryUsingGET_1
2025-12-16 00:11:53.403  INFO 28064 --- [           main] .d.s.w.r.o.CachingOperationNameGenerator : Generating unique operation named: addToCartUsingPOST_1
2025-12-16 00:11:53.415  INFO 28064 --- [           main] .d.s.w.r.o.CachingOperationNameGenerator : Generating unique operation named: getByCustomerUsingGET_1
2025-12-16 00:11:53.424  INFO 28064 --- [           main] .d.s.w.r.o.CachingOperationNameGenerator : Generating unique operation named: modifyCartUsingPOST_1
2025-12-16 00:11:53.432  INFO 28064 --- [           main] .d.s.w.r.o.CachingOperationNameGenerator : Generating unique operation named: createUsingPOST_20
2025-12-16 00:11:53.433  INFO 28064 --- [           main] .d.s.w.r.o.CachingOperationNameGenerator : Generating unique operation named: deleteUsingDELETE_18
2025-12-16 00:11:53.434  INFO 28064 --- [           main] .d.s.w.r.o.CachingOperationNameGenerator : Generating unique operation named: existsUsingGET_10
2025-12-16 00:11:53.436  INFO 28064 --- [           main] .d.s.w.r.o.CachingOperationNameGenerator : Generating unique operation named: getUsingGET_12
2025-12-16 00:11:53.438  INFO 28064 --- [           main] .d.s.w.r.o.CachingOperationNameGenerator : Generating unique operation named: listUsingGET_23
2025-12-16 00:11:53.440  INFO 28064 --- [           main] .d.s.w.r.o.CachingOperationNameGenerator : Generating unique operation named: updateUsingPUT_16
2025-12-16 00:11:53.445  INFO 28064 --- [           main] .d.s.w.r.o.CachingOperationNameGenerator : Generating unique operation named: createUsingPOST_21
2025-12-16 00:11:53.446  INFO 28064 --- [           main] .d.s.w.r.o.CachingOperationNameGenerator : Generating unique operation named: deleteUsingDELETE_19
2025-12-16 00:11:53.448  INFO 28064 --- [           main] .d.s.w.r.o.CachingOperationNameGenerator : Generating unique operation named: existsUsingGET_11
2025-12-16 00:11:53.451  INFO 28064 --- [           main] .d.s.w.r.o.CachingOperationNameGenerator : Generating unique operation named: getUsingGET_13
2025-12-16 00:11:53.454  INFO 28064 --- [           main] .d.s.w.r.o.CachingOperationNameGenerator : Generating unique operation named: listUsingGET_24
2025-12-16 00:11:53.455  INFO 28064 --- [           main] .d.s.w.r.o.CachingOperationNameGenerator : Generating unique operation named: updateUsingPUT_17
2025-12-16 00:11:53.460  INFO 28064 --- [           main] .d.s.w.r.o.CachingOperationNameGenerator : Generating unique operation named: createUsingPOST_22
2025-12-16 00:11:53.460  INFO 28064 --- [           main] .d.s.w.r.o.CachingOperationNameGenerator : Generating unique operation named: deleteUsingDELETE_20
2025-12-16 00:11:53.463  INFO 28064 --- [           main] .d.s.w.r.o.CachingOperationNameGenerator : Generating unique operation named: getUsingGET_14
2025-12-16 00:11:53.464  INFO 28064 --- [           main] .d.s.w.r.o.CachingOperationNameGenerator : Generating unique operation named: getAuthUserUsingGET_2
2025-12-16 00:11:53.466  INFO 28064 --- [           main] .d.s.w.r.o.CachingOperationNameGenerator : Generating unique operation named: listUsingGET_25
2025-12-16 00:11:53.469  INFO 28064 --- [           main] .d.s.w.r.o.CachingOperationNameGenerator : Generating unique operation named: updateUsingPUT_18
2025-12-16 00:11:53.497  INFO 28064 --- [           main] c.s.shop.application.ShopApplication     : Started ShopApplication in 81.985 seconds (JVM running for 83.148)
2025-12-16 00:11:53.506  INFO 28064 --- [TaskExecutor-52] c.s.c.b.s.p.PaymentModuleInitializer     : Initializing default payment modules...
2025-12-16 00:11:53.506  INFO 28064 --- [TaskExecutor-51] uration$$EnhancerBySpringCGLIB$$bff841d0 : Current working directory : C:\Users\razin\shopizer\sm-shop
2025-12-16 00:11:53.634 DEBUG 28064 --- [TaskExecutor-52] org.hibernate.SQL                        : select merchantst0_.MERCHANT_ID as merchant1_29_0_, merchantst1_.MERCHANT_ID as merchant1_29_1_, country2_.COUNTRY_ID as country_1_6_2_, currency3_.CURRENCY_ID as currency1_8_3_, zone4_.ZONE_ID as zone_id1_86_4_, language5_.LANGUAGE_ID as language1_23_5_, language7_.LANGUAGE_ID as language1_23_6_, merchantst0_.DATE_CREATED as date_cre2_29_0_, merchantst0_.DATE_MODIFIED as date_mod3_29_0_, merchantst0_.UPDT_ID as updt_id4_29_0_, merchantst0_.STORE_CODE as store_co5_29_0_, merchantst0_.CONTINUESHOPPINGURL as continue6_29_0_, merchantst0_.COUNTRY_ID as country25_29_0_, merchantst0_.CURRENCY_ID as currenc26_29_0_, merchantst0_.CURRENCY_FORMAT_NATIONAL as currency7_29_0_, merchantst0_.LANGUAGE_ID as languag27_29_0_, merchantst0_.DOMAIN_NAME as domain_n8_29_0_, merchantst0_.IN_BUSINESS_SINCE as in_busin9_29_0_, merchantst0_.INVOICE_TEMPLATE as invoice10_29_0_, merchantst0_.LINEAGE as lineage11_29_0_, merchantst0_.PARENT_ID as parent_28_29_0_, merchantst0_.IS_RETAILER as is_reta12_29_0_, merchantst0_.SEIZEUNITCODE as seizeun13_29_0_, merchantst0_.STORE_EMAIL as store_e14_29_0_, merchantst0_.STORE_LOGO as store_l15_29_0_, merchantst0_.STORE_TEMPLATE as store_t16_29_0_, merchantst0_.STORE_ADDRESS as store_a17_29_0_, merchantst0_.STORE_CITY as store_c18_29_0_, merchantst0_.STORE_NAME as store_n19_29_0_, merchantst0_.STORE_PHONE as store_p20_29_0_, merchantst0_.STORE_POSTAL_CODE as store_p21_29_0_, merchantst0_.STORE_STATE_PROV as store_s22_29_0_, merchantst0_.USE_CACHE as use_cac23_29_0_, merchantst0_.WEIGHTUNITCODE as weightu24_29_0_, merchantst0_.ZONE_ID as zone_id29_29_0_, merchantst1_.DATE_CREATED as date_cre2_29_1_, merchantst1_.DATE_MODIFIED as date_mod3_29_1_, merchantst1_.UPDT_ID as updt_id4_29_1_, merchantst1_.STORE_CODE as store_co5_29_1_, merchantst1_.CONTINUESHOPPINGURL as continue6_29_1_, merchantst1_.COUNTRY_ID as country25_29_1_, merchantst1_.CURRENCY_ID as currenc26_29_1_, merchantst1_.CURRENCY_FORMAT_NATIONAL as currency7_29_1_, merchantst1_.LANGUAGE_ID as languag27_29_1_, merchantst1_.DOMAIN_NAME as domain_n8_29_1_, merchantst1_.IN_BUSINESS_SINCE as in_busin9_29_1_, merchantst1_.INVOICE_TEMPLATE as invoice10_29_1_, merchantst1_.LINEAGE as lineage11_29_1_, merchantst1_.PARENT_ID as parent_28_29_1_, merchantst1_.IS_RETAILER as is_reta12_29_1_, merchantst1_.SEIZEUNITCODE as seizeun13_29_1_, merchantst1_.STORE_EMAIL as store_e14_29_1_, merchantst1_.STORE_LOGO as store_l15_29_1_, merchantst1_.STORE_TEMPLATE as store_t16_29_1_, merchantst1_.STORE_ADDRESS as store_a17_29_1_, merchantst1_.STORE_CITY as store_c18_29_1_, merchantst1_.STORE_NAME as store_n19_29_1_, merchantst1_.STORE_PHONE as store_p20_29_1_, merchantst1_.STORE_POSTAL_CODE as store_p21_29_1_, merchantst1_.STORE_STATE_PROV as store_s22_29_1_, merchantst1_.USE_CACHE as use_cac23_29_1_, merchantst1_.WEIGHTUNITCODE as weightu24_29_1_, merchantst1_.ZONE_ID as zone_id29_29_1_, country2_.GEOZONE_ID as geozone_4_6_2_, country2_.COUNTRY_ISOCODE as country_2_6_2_, country2_.COUNTRY_SUPPORTED as country_3_6_2_, currency3_.CURRENCY_CODE as currency2_8_3_, currency3_.CURRENCY_CURRENCY_CODE as currency3_8_3_, currency3_.CURRENCY_NAME as currency4_8_3_, currency3_.CURRENCY_SUPPORTED as currency5_8_3_, zone4_.ZONE_CODE as zone_cod2_86_4_, zone4_.COUNTRY_ID as country_3_86_4_, language5_.DATE_CREATED as date_cre2_23_5_, language5_.DATE_MODIFIED as date_mod3_23_5_, language5_.UPDT_ID as updt_id4_23_5_, language5_.CODE as code5_23_5_, language5_.SORT_ORDER as sort_ord6_23_5_, language7_.DATE_CREATED as date_cre2_23_6_, language7_.DATE_MODIFIED as date_mod3_23_6_, language7_.UPDT_ID as updt_id4_23_6_, language7_.CODE as code5_23_6_, language7_.SORT_ORDER as sort_ord6_23_6_, languages6_.stores_MERCHANT_ID as stores_m1_27_0__, languages6_.languages_LANGUAGE_ID as language2_27_0__ from SALESMANAGER.MERCHANT_STORE merchantst0_ left outer join SALESMANAGER.MERCHANT_STORE merchantst1_ on merchantst0_.PARENT_ID=merchantst1_.MERCHANT_ID inner join SALESMANAGER.COUNTRY country2_ on merchantst0_.COUNTRY_ID=country2_.COUNTRY_ID left outer join SALESMANAGER.CURRENCY currency3_ on merchantst0_.CURRENCY_ID=currency3_.CURRENCY_ID left outer join SALESMANAGER.ZONE zone4_ on merchantst0_.ZONE_ID=zone4_.ZONE_ID left outer join SALESMANAGER.LANGUAGE language5_ on merchantst0_.LANGUAGE_ID=language5_.LANGUAGE_ID left outer join SALESMANAGER.MERCHANT_LANGUAGE languages6_ on merchantst0_.MERCHANT_ID=languages6_.stores_MERCHANT_ID left outer join SALESMANAGER.LANGUAGE language7_ on languages6_.languages_LANGUAGE_ID=language7_.LANGUAGE_ID where merchantst0_.STORE_CODE=?
2025-12-16 00:11:53.911 DEBUG 28064 --- [TaskExecutor-52] org.hibernate.SQL                        : select merchantco0_.MERCHANT_CONFIG_ID as merchant1_26_0_, merchantst1_.MERCHANT_ID as merchant1_29_1_, merchantco0_.ACTIVE as active2_26_0_, merchantco0_.DATE_CREATED as date_cre3_26_0_, merchantco0_.DATE_MODIFIED as date_mod4_26_0_, merchantco0_.UPDT_ID as updt_id5_26_0_, merchantco0_.CONFIG_KEY as config_k6_26_0_, merchantco0_.TYPE as type7_26_0_, merchantco0_.MERCHANT_ID as merchant9_26_0_, merchantco0_.VALUE as value8_26_0_, merchantst1_.DATE_CREATED as date_cre2_29_1_, merchantst1_.DATE_MODIFIED as date_mod3_29_1_, merchantst1_.UPDT_ID as updt_id4_29_1_, merchantst1_.STORE_CODE as store_co5_29_1_, merchantst1_.CONTINUESHOPPINGURL as continue6_29_1_, merchantst1_.COUNTRY_ID as country25_29_1_, merchantst1_.CURRENCY_ID as currenc26_29_1_, merchantst1_.CURRENCY_FORMAT_NATIONAL as currency7_29_1_, merchantst1_.LANGUAGE_ID as languag27_29_1_, merchantst1_.DOMAIN_NAME as domain_n8_29_1_, merchantst1_.IN_BUSINESS_SINCE as in_busin9_29_1_, merchantst1_.INVOICE_TEMPLATE as invoice10_29_1_, merchantst1_.LINEAGE as lineage11_29_1_, merchantst1_.PARENT_ID as parent_28_29_1_, merchantst1_.IS_RETAILER as is_reta12_29_1_, merchantst1_.SEIZEUNITCODE as seizeun13_29_1_, merchantst1_.STORE_EMAIL as store_e14_29_1_, merchantst1_.STORE_LOGO as store_l15_29_1_, merchantst1_.STORE_TEMPLATE as store_t16_29_1_, merchantst1_.STORE_ADDRESS as store_a17_29_1_, merchantst1_.STORE_CITY as store_c18_29_1_, merchantst1_.STORE_NAME as store_n19_29_1_, merchantst1_.STORE_PHONE as store_p20_29_1_, merchantst1_.STORE_POSTAL_CODE as store_p21_29_1_, merchantst1_.STORE_STATE_PROV as store_s22_29_1_, merchantst1_.USE_CACHE as use_cac23_29_1_, merchantst1_.WEIGHTUNITCODE as weightu24_29_1_, merchantst1_.ZONE_ID as zone_id29_29_1_ from SALESMANAGER.MERCHANT_CONFIGURATION merchantco0_ inner join SALESMANAGER.MERCHANT_STORE merchantst1_ on merchantco0_.MERCHANT_ID=merchantst1_.MERCHANT_ID where merchantst1_.MERCHANT_ID=? and merchantco0_.CONFIG_KEY=?
2025-12-16 00:11:54.181  INFO 28064 --- [TaskExecutor-52] c.s.c.b.s.p.PaymentModuleInitializer     : COD payment module already configured
2025-12-16 00:11:54.181  INFO 28064 --- [TaskExecutor-52] c.s.c.b.s.p.PaymentModuleInitializer     : Money Order payment module already configured
2025-12-16 00:13:54.605  INFO 28064 --- [nio-8080-exec-1] o.a.c.c.C.[Tomcat].[localhost].[/]       : Initializing Spring DispatcherServlet 'dispatcherServlet'
2025-12-16 00:13:54.605  INFO 28064 --- [nio-8080-exec-1] o.s.web.servlet.DispatcherServlet        : Initializing Servlet 'dispatcherServlet'
2025-12-16 00:13:54.609  INFO 28064 --- [nio-8080-exec-1] o.s.web.servlet.DispatcherServlet        : Completed initialization in 4 ms
2025-12-16 00:13:54.632  INFO 28064 --- [nio-8080-exec-2] org.owasp.validator.html.Policy          : Attempting to load AntiSamy policy from an input stream.
2025-12-16 00:13:54.734  WARN 28064 --- [nio-8080-exec-2] org.owasp.validator.html.Policy          : The directive "noopenerAndNoreferrerAnchors" is not enabled by default. It is recommended to enable it to prevent reverse tabnabbing attacks.
2025-12-16 00:13:55.169 DEBUG 28064 --- [nio-8080-exec-3] org.hibernate.SQL                        : select merchantst0_.MERCHANT_ID as merchant1_29_0_, merchantst1_.MERCHANT_ID as merchant1_29_1_, country2_.COUNTRY_ID as country_1_6_2_, currency3_.CURRENCY_ID as currency1_8_3_, zone4_.ZONE_ID as zone_id1_86_4_, language5_.LANGUAGE_ID as language1_23_5_, language7_.LANGUAGE_ID as language1_23_6_, merchantst0_.DATE_CREATED as date_cre2_29_0_, merchantst0_.DATE_MODIFIED as date_mod3_29_0_, merchantst0_.UPDT_ID as updt_id4_29_0_, merchantst0_.STORE_CODE as store_co5_29_0_, merchantst0_.CONTINUESHOPPINGURL as continue6_29_0_, merchantst0_.COUNTRY_ID as country25_29_0_, merchantst0_.CURRENCY_ID as currenc26_29_0_, merchantst0_.CURRENCY_FORMAT_NATIONAL as currency7_29_0_, merchantst0_.LANGUAGE_ID as languag27_29_0_, merchantst0_.DOMAIN_NAME as domain_n8_29_0_, merchantst0_.IN_BUSINESS_SINCE as in_busin9_29_0_, merchantst0_.INVOICE_TEMPLATE as invoice10_29_0_, merchantst0_.LINEAGE as lineage11_29_0_, merchantst0_.PARENT_ID as parent_28_29_0_, merchantst0_.IS_RETAILER as is_reta12_29_0_, merchantst0_.SEIZEUNITCODE as seizeun13_29_0_, merchantst0_.STORE_EMAIL as store_e14_29_0_, merchantst0_.STORE_LOGO as store_l15_29_0_, merchantst0_.STORE_TEMPLATE as store_t16_29_0_, merchantst0_.STORE_ADDRESS as store_a17_29_0_, merchantst0_.STORE_CITY as store_c18_29_0_, merchantst0_.STORE_NAME as store_n19_29_0_, merchantst0_.STORE_PHONE as store_p20_29_0_, merchantst0_.STORE_POSTAL_CODE as store_p21_29_0_, merchantst0_.STORE_STATE_PROV as store_s22_29_0_, merchantst0_.USE_CACHE as use_cac23_29_0_, merchantst0_.WEIGHTUNITCODE as weightu24_29_0_, merchantst0_.ZONE_ID as zone_id29_29_0_, merchantst1_.DATE_CREATED as date_cre2_29_1_, merchantst1_.DATE_MODIFIED as date_mod3_29_1_, merchantst1_.UPDT_ID as updt_id4_29_1_, merchantst1_.STORE_CODE as store_co5_29_1_, merchantst1_.CONTINUESHOPPINGURL as continue6_29_1_, merchantst1_.COUNTRY_ID as country25_29_1_, merchantst1_.CURRENCY_ID as currenc26_29_1_, merchantst1_.CURRENCY_FORMAT_NATIONAL as currency7_29_1_, merchantst1_.LANGUAGE_ID as languag27_29_1_, merchantst1_.DOMAIN_NAME as domain_n8_29_1_, merchantst1_.IN_BUSINESS_SINCE as in_busin9_29_1_, merchantst1_.INVOICE_TEMPLATE as invoice10_29_1_, merchantst1_.LINEAGE as lineage11_29_1_, merchantst1_.PARENT_ID as parent_28_29_1_, merchantst1_.IS_RETAILER as is_reta12_29_1_, merchantst1_.SEIZEUNITCODE as seizeun13_29_1_, merchantst1_.STORE_EMAIL as store_e14_29_1_, merchantst1_.STORE_LOGO as store_l15_29_1_, merchantst1_.STORE_TEMPLATE as store_t16_29_1_, merchantst1_.STORE_ADDRESS as store_a17_29_1_, merchantst1_.STORE_CITY as store_c18_29_1_, merchantst1_.STORE_NAME as store_n19_29_1_, merchantst1_.STORE_PHONE as store_p20_29_1_, merchantst1_.STORE_POSTAL_CODE as store_p21_29_1_, merchantst1_.STORE_STATE_PROV as store_s22_29_1_, merchantst1_.USE_CACHE as use_cac23_29_1_, merchantst1_.WEIGHTUNITCODE as weightu24_29_1_, merchantst1_.ZONE_ID as zone_id29_29_1_, country2_.GEOZONE_ID as geozone_4_6_2_, country2_.COUNTRY_ISOCODE as country_2_6_2_, country2_.COUNTRY_SUPPORTED as country_3_6_2_, currency3_.CURRENCY_CODE as currency2_8_3_, currency3_.CURRENCY_CURRENCY_CODE as currency3_8_3_, currency3_.CURRENCY_NAME as currency4_8_3_, currency3_.CURRENCY_SUPPORTED as currency5_8_3_, zone4_.ZONE_CODE as zone_cod2_86_4_, zone4_.COUNTRY_ID as country_3_86_4_, language5_.DATE_CREATED as date_cre2_23_5_, language5_.DATE_MODIFIED as date_mod3_23_5_, language5_.UPDT_ID as updt_id4_23_5_, language5_.CODE as code5_23_5_, language5_.SORT_ORDER as sort_ord6_23_5_, language7_.DATE_CREATED as date_cre2_23_6_, language7_.DATE_MODIFIED as date_mod3_23_6_, language7_.UPDT_ID as updt_id4_23_6_, language7_.CODE as code5_23_6_, language7_.SORT_ORDER as sort_ord6_23_6_, languages6_.stores_MERCHANT_ID as stores_m1_27_0__, languages6_.languages_LANGUAGE_ID as language2_27_0__ from SALESMANAGER.MERCHANT_STORE merchantst0_ left outer join SALESMANAGER.MERCHANT_STORE merchantst1_ on merchantst0_.PARENT_ID=merchantst1_.MERCHANT_ID inner join SALESMANAGER.COUNTRY country2_ on merchantst0_.COUNTRY_ID=country2_.COUNTRY_ID left outer join SALESMANAGER.CURRENCY currency3_ on merchantst0_.CURRENCY_ID=currency3_.CURRENCY_ID left outer join SALESMANAGER.ZONE zone4_ on merchantst0_.ZONE_ID=zone4_.ZONE_ID left outer join SALESMANAGER.LANGUAGE language5_ on merchantst0_.LANGUAGE_ID=language5_.LANGUAGE_ID left outer join SALESMANAGER.MERCHANT_LANGUAGE languages6_ on merchantst0_.MERCHANT_ID=languages6_.stores_MERCHANT_ID left outer join SALESMANAGER.LANGUAGE language7_ on languages6_.languages_LANGUAGE_ID=language7_.LANGUAGE_ID where merchantst0_.STORE_CODE=?
2025-12-16 00:13:55.394 DEBUG 28064 --- [nio-8080-exec-3] c.s.s.a.c.MerchantStoreArgumentResolver  : is request authorized true for /api/v1/cart/95d7e431d91e4e0b8268580a953eab63 and store DEFAULT
2025-12-16 00:13:55.423 DEBUG 28064 --- [nio-8080-exec-3] org.hibernate.SQL                        : select language0_.LANGUAGE_ID as language1_23_, language0_.DATE_CREATED as date_cre2_23_, language0_.DATE_MODIFIED as date_mod3_23_, language0_.UPDT_ID as updt_id4_23_, language0_.CODE as code5_23_, language0_.SORT_ORDER as sort_ord6_23_ from SALESMANAGER.LANGUAGE language0_ where language0_.CODE=?
2025-12-16 00:13:55.671 DEBUG 28064 --- [nio-8080-exec-3] org.hibernate.SQL                        : select shoppingca0_.SHP_CART_ID as shp_cart1_73_0_, lineitems1_.SHP_CART_ITEM_ID as shp_cart1_75_1_, attributes2_.SHP_CART_ATTR_ITEM_ID as shp_cart1_74_2_, merchantst3_.MERCHANT_ID as merchant1_29_3_, shoppingca0_.DATE_CREATED as date_cre2_73_0_, shoppingca0_.DATE_MODIFIED as date_mod3_73_0_, shoppingca0_.UPDT_ID as updt_id4_73_0_, shoppingca0_.CUSTOMER_ID as customer5_73_0_, shoppingca0_.IP_ADDRESS as ip_addre6_73_0_, shoppingca0_.MERCHANT_ID as merchan11_73_0_, shoppingca0_.ORDER_ID as order_id7_73_0_, shoppingca0_.PROMO_ADDED as promo_ad8_73_0_, shoppingca0_.PROMO_CODE as promo_co9_73_0_, shoppingca0_.SHP_CART_CODE as shp_car10_73_0_, lineitems1_.DATE_CREATED as date_cre2_75_1_, lineitems1_.DATE_MODIFIED as date_mod3_75_1_, lineitems1_.UPDT_ID as updt_id4_75_1_, lineitems1_.PRODUCT_ID as product_5_75_1_, lineitems1_.QUANTITY as quantity6_75_1_, lineitems1_.SHP_CART_ID as shp_cart9_75_1_, lineitems1_.SKU as sku7_75_1_, lineitems1_.PRODUCT_VARIANT as product_8_75_1_, lineitems1_.SHP_CART_ID as shp_cart9_75_0__, lineitems1_.SHP_CART_ITEM_ID as shp_cart1_75_0__, attributes2_.DATE_CREATED as date_cre2_74_2_, attributes2_.DATE_MODIFIED as date_mod3_74_2_, attributes2_.UPDT_ID as updt_id4_74_2_, attributes2_.PRODUCT_ATTR_ID as product_5_74_2_, attributes2_.SHP_CART_ITEM_ID as shp_cart6_74_2_, attributes2_.SHP_CART_ITEM_ID as shp_cart6_74_1__, attributes2_.SHP_CART_ATTR_ITEM_ID as shp_cart1_74_1__, merchantst3_.DATE_CREATED as date_cre2_29_3_, merchantst3_.DATE_MODIFIED as date_mod3_29_3_, merchantst3_.UPDT_ID as updt_id4_29_3_, merchantst3_.STORE_CODE as store_co5_29_3_, merchantst3_.CONTINUESHOPPINGURL as continue6_29_3_, merchantst3_.COUNTRY_ID as country25_29_3_, merchantst3_.CURRENCY_ID as currenc26_29_3_, merchantst3_.CURRENCY_FORMAT_NATIONAL as currency7_29_3_, merchantst3_.LANGUAGE_ID as languag27_29_3_, merchantst3_.DOMAIN_NAME as domain_n8_29_3_, merchantst3_.IN_BUSINESS_SINCE as in_busin9_29_3_, merchantst3_.INVOICE_TEMPLATE as invoice10_29_3_, merchantst3_.LINEAGE as lineage11_29_3_, merchantst3_.PARENT_ID as parent_28_29_3_, merchantst3_.IS_RETAILER as is_reta12_29_3_, merchantst3_.SEIZEUNITCODE as seizeun13_29_3_, merchantst3_.STORE_EMAIL as store_e14_29_3_, merchantst3_.STORE_LOGO as store_l15_29_3_, merchantst3_.STORE_TEMPLATE as store_t16_29_3_, merchantst3_.STORE_ADDRESS as store_a17_29_3_, merchantst3_.STORE_CITY as store_c18_29_3_, merchantst3_.STORE_NAME as store_n19_29_3_, merchantst3_.STORE_PHONE as store_p20_29_3_, merchantst3_.STORE_POSTAL_CODE as store_p21_29_3_, merchantst3_.STORE_STATE_PROV as store_s22_29_3_, merchantst3_.USE_CACHE as use_cac23_29_3_, merchantst3_.WEIGHTUNITCODE as weightu24_29_3_, merchantst3_.ZONE_ID as zone_id29_29_3_ from SALESMANAGER.SHOPPING_CART shoppingca0_ left outer join SALESMANAGER.SHOPPING_CART_ITEM lineitems1_ on shoppingca0_.SHP_CART_ID=lineitems1_.SHP_CART_ID left outer join SALESMANAGER.SHOPPING_CART_ATTR_ITEM attributes2_ on lineitems1_.SHP_CART_ITEM_ID=attributes2_.SHP_CART_ITEM_ID inner join SALESMANAGER.MERCHANT_STORE merchantst3_ on shoppingca0_.MERCHANT_ID=merchantst3_.MERCHANT_ID where merchantst3_.MERCHANT_ID=? and shoppingca0_.SHP_CART_CODE=?
2025-12-16 00:13:55.783 DEBUG 28064 --- [nio-8080-exec-3] c.s.c.b.s.s.ShoppingCartServiceImpl      : Populate item 200
2025-12-16 00:13:55.831 DEBUG 28064 --- [nio-8080-exec-3] org.hibernate.SQL                        : select p.PRODUCT_ID from SALESMANAGER.PRODUCT p join SALESMANAGER.MERCHANT_STORE m ON p.MERCHANT_ID = m.MERCHANT_ID left join SALESMANAGER.PRODUCT_VARIANT i ON i.PRODUCT_ID = p.PRODUCT_ID where p.SKU=? or i.SKU=? and m.MERCHANT_ID=?
2025-12-16 00:13:56.063 DEBUG 28064 --- [nio-8080-exec-3] org.hibernate.SQL                        : select distinct product0_.PRODUCT_ID as product_1_44_0_, descriptio1_.DESCRIPTION_ID as descript1_48_1_, merchantst2_.MERCHANT_ID as merchant1_29_2_, availabili3_.PRODUCT_AVAIL_ID as product_1_46_3_, producttyp4_.PRODUCT_TYPE_ID as product_1_64_4_, prices5_.PRODUCT_PRICE_ID as product_1_59_5_, descriptio6_.DESCRIPTION_ID as descript1_60_6_, category8_.CATEGORY_ID as category1_2_7_, descriptio9_.DESCRIPTION_ID as descript1_3_8_, attributes10_.PRODUCT_ATTRIBUTE_ID as product_1_45_9_, productopt11_.PRODUCT_OPTION_ID as product_1_54_10_, descriptio12_.DESCRIPTION_ID as descript1_55_11_, productopt13_.PRODUCT_OPTION_VALUE_ID as product_1_57_12_, descriptio14_.DESCRIPTION_ID as descript1_58_13_, relationsh15_.PRODUCT_RELATIONSHIP_ID as product_1_61_14_, manufactur16_.MANUFACTURER_ID as manufact1_24_15_, descriptio17_.DESCRIPTION_ID as descript1_25_16_, variants19_.PRODUCT_VARIANT_ID as product_1_68_17_, productvar20_.PRODUCT_VARIATION_ID as product_1_70_18_, productopt21_.PRODUCT_OPTION_ID as product_1_54_19_, productopt22_.PRODUCT_OPTION_VALUE_ID as product_1_57_20_, descriptio23_.DESCRIPTION_ID as descript1_55_21_, descriptio24_.DESCRIPTION_ID as descript1_58_22_, productvar25_.PRODUCT_VARIATION_ID as product_1_70_23_, productopt26_.PRODUCT_OPTION_ID as product_1_54_24_, productopt27_.PRODUCT_OPTION_VALUE_ID as product_1_57_25_, descriptio28_.DESCRIPTION_ID as descript1_55_26_, descriptio29_.DESCRIPTION_ID as descript1_58_27_, availabili30_.PRODUCT_AVAIL_ID as product_1_46_28_, prices31_.PRODUCT_PRICE_ID as product_1_59_29_, descriptio32_.DESCRIPTION_ID as descript1_60_30_, productvar33_.PRODUCT_VARIANT_GROUP_ID as product_1_69_31_, images34_.PRODUCT_VAR_IMAGE_ID as product_1_66_32_, descriptio35_.DESCRIPTION_ID as descript1_67_33_, product0_.DATE_CREATED as date_cre2_44_0_, product0_.DATE_MODIFIED as date_mod3_44_0_, product0_.UPDT_ID as updt_id4_44_0_, product0_.AVAILABLE as availabl5_44_0_, product0_.COND as cond6_44_0_, product0_.DATE_AVAILABLE as date_ava7_44_0_, product0_.MANUFACTURER_ID as manufac25_44_0_, product0_.MERCHANT_ID as merchan26_44_0_, product0_.CUSTOMER_ID as custome27_44_0_, product0_.PREORDER as preorder8_44_0_, product0_.PRODUCT_HEIGHT as product_9_44_0_, product0_.PRODUCT_FREE as product10_44_0_, product0_.PRODUCT_LENGTH as product11_44_0_, product0_.QUANTITY_ORDERED as quantit12_44_0_, product0_.REVIEW_AVG as review_13_44_0_, product0_.REVIEW_COUNT as review_14_44_0_, product0_.PRODUCT_SHIP as product15_44_0_, product0_.PRODUCT_VIRTUAL as product16_44_0_, product0_.PRODUCT_WEIGHT as product17_44_0_, product0_.PRODUCT_WIDTH as product18_44_0_, product0_.REF_SKU as ref_sku19_44_0_, product0_.RENTAL_DURATION as rental_20_44_0_, product0_.RENTAL_PERIOD as rental_21_44_0_, product0_.RENTAL_STATUS as rental_22_44_0_, product0_.SKU as sku23_44_0_, product0_.SORT_ORDER as sort_or24_44_0_, product0_.TAX_CLASS_ID as tax_cla28_44_0_, product0_.PRODUCT_TYPE_ID as product29_44_0_, descriptio1_.DATE_CREATED as date_cre2_48_1_, descriptio1_.DATE_MODIFIED as date_mod3_48_1_, descriptio1_.UPDT_ID as updt_id4_48_1_, descriptio1_.DESCRIPTION as descript5_48_1_, descriptio1_.LANGUAGE_ID as languag14_48_1_, descriptio1_.NAME as name6_48_1_, descriptio1_.TITLE as title7_48_1_, descriptio1_.META_DESCRIPTION as meta_des8_48_1_, descriptio1_.META_KEYWORDS as meta_key9_48_1_, descriptio1_.META_TITLE as meta_ti10_48_1_, descriptio1_.PRODUCT_ID as product15_48_1_, descriptio1_.DOWNLOAD_LNK as downloa11_48_1_, descriptio1_.PRODUCT_HIGHLIGHT as product12_48_1_, descriptio1_.SEF_URL as sef_url13_48_1_, descriptio1_.PRODUCT_ID as product15_48_0__, descriptio1_.DESCRIPTION_ID as descript1_48_0__, merchantst2_.DATE_CREATED as date_cre2_29_2_, merchantst2_.DATE_MODIFIED as date_mod3_29_2_, merchantst2_.UPDT_ID as updt_id4_29_2_, merchantst2_.STORE_CODE as store_co5_29_2_, merchantst2_.CONTINUESHOPPINGURL as continue6_29_2_, merchantst2_.COUNTRY_ID as country25_29_2_, merchantst2_.CURRENCY_ID as currenc26_29_2_, merchantst2_.CURRENCY_FORMAT_NATIONAL as currency7_29_2_, merchantst2_.LANGUAGE_ID as languag27_29_2_, merchantst2_.DOMAIN_NAME as domain_n8_29_2_, merchantst2_.IN_BUSINESS_SINCE as in_busin9_29_2_, merchantst2_.INVOICE_TEMPLATE as invoice10_29_2_, merchantst2_.LINEAGE as lineage11_29_2_, merchantst2_.PARENT_ID as parent_28_29_2_, merchantst2_.IS_RETAILER as is_reta12_29_2_, merchantst2_.SEIZEUNITCODE as seizeun13_29_2_, merchantst2_.STORE_EMAIL as store_e14_29_2_, merchantst2_.STORE_LOGO as store_l15_29_2_, merchantst2_.STORE_TEMPLATE as store_t16_29_2_, merchantst2_.STORE_ADDRESS as store_a17_29_2_, merchantst2_.STORE_CITY as store_c18_29_2_, merchantst2_.STORE_NAME as store_n19_29_2_, merchantst2_.STORE_PHONE as store_p20_29_2_, merchantst2_.STORE_POSTAL_CODE as store_p21_29_2_, merchantst2_.STORE_STATE_PROV as store_s22_29_2_, merchantst2_.USE_CACHE as use_cac23_29_2_, merchantst2_.WEIGHTUNITCODE as weightu24_29_2_, merchantst2_.ZONE_ID as zone_id29_29_2_, availabili3_.DATE_CREATED as date_cre2_46_3_, availabili3_.DATE_MODIFIED as date_mod3_46_3_, availabili3_.UPDT_ID as updt_id4_46_3_, availabili3_.AVAILABLE as availabl5_46_3_, availabili3_.HEIGHT as height6_46_3_, availabili3_.LENGTH as length7_46_3_, availabili3_.WEIGHT as weight8_46_3_, availabili3_.WIDTH as width9_46_3_, availabili3_.MERCHANT_ID as merchan20_46_3_, availabili3_.OWNER as owner10_46_3_, availabili3_.PRODUCT_ID as product21_46_3_, availabili3_.DATE_AVAILABLE as date_av11_46_3_, availabili3_.FREE_SHIPPING as free_sh12_46_3_, availabili3_.QUANTITY as quantit13_46_3_, availabili3_.QUANTITY_ORD_MAX as quantit14_46_3_, availabili3_.QUANTITY_ORD_MIN as quantit15_46_3_, availabili3_.STATUS as status16_46_3_, availabili3_.PRODUCT_VARIANT as product22_46_3_, availabili3_.REGION as region17_46_3_, availabili3_.REGION_VARIANT as region_18_46_3_, availabili3_.SKU as sku19_46_3_, availabili3_.PRODUCT_ID as product21_46_1__, availabili3_.PRODUCT_AVAIL_ID as product_1_46_1__, producttyp4_.PRD_TYPE_ADD_TO_CART as prd_type2_64_4_, producttyp4_.DATE_CREATED as date_cre3_64_4_, producttyp4_.DATE_MODIFIED as date_mod4_64_4_, producttyp4_.UPDT_ID as updt_id5_64_4_, producttyp4_.PRD_TYPE_CODE as prd_type6_64_4_, producttyp4_.MERCHANT_ID as merchant8_64_4_, producttyp4_.PRD_TYPE_VISIBLE as prd_type7_64_4_, prices5_.PRODUCT_PRICE_CODE as product_2_59_5_, prices5_.DEFAULT_PRICE as default_3_59_5_, prices5_.PRODUCT_AVAIL_ID as product10_59_5_, prices5_.PRODUCT_IDENTIFIER_ID as product_4_59_5_, prices5_.PRODUCT_PRICE_AMOUNT as product_5_59_5_, prices5_.PRODUCT_PRICE_SPECIAL_AMOUNT as product_6_59_5_, prices5_.PRODUCT_PRICE_SPECIAL_END_DATE as product_7_59_5_, prices5_.PRODUCT_PRICE_SPECIAL_ST_DATE as product_8_59_5_, prices5_.PRODUCT_PRICE_TYPE as product_9_59_5_, prices5_.PRODUCT_AVAIL_ID as product10_59_2__, prices5_.PRODUCT_PRICE_ID as product_1_59_2__, descriptio6_.DATE_CREATED as date_cre2_60_6_, descriptio6_.DATE_MODIFIED as date_mod3_60_6_, descriptio6_.UPDT_ID as updt_id4_60_6_, descriptio6_.DESCRIPTION as descript5_60_6_, descriptio6_.LANGUAGE_ID as language9_60_6_, descriptio6_.NAME as name6_60_6_, descriptio6_.TITLE as title7_60_6_, descriptio6_.PRICE_APPENDER as price_ap8_60_6_, descriptio6_.PRODUCT_PRICE_ID as product10_60_6_, descriptio6_.PRODUCT_PRICE_ID as product10_60_3__, descriptio6_.DESCRIPTION_ID as descript1_60_3__, category8_.DATE_CREATED as date_cre2_2_7_, category8_.DATE_MODIFIED as date_mod3_2_7_, category8_.UPDT_ID as updt_id4_2_7_, category8_.CATEGORY_IMAGE as category5_2_7_, category8_.CATEGORY_STATUS as category6_2_7_, category8_.CODE as code7_2_7_, category8_.DEPTH as depth8_2_7_, category8_.FEATURED as featured9_2_7_, category8_.LINEAGE as lineage10_2_7_, category8_.MERCHANT_ID as merchan13_2_7_, category8_.PARENT_ID as parent_14_2_7_, category8_.SORT_ORDER as sort_or11_2_7_, category8_.VISIBLE as visible12_2_7_, categories7_.PRODUCT_ID as product_1_47_4__, categories7_.CATEGORY_ID as category2_47_4__, descriptio9_.DATE_CREATED as date_cre2_3_8_, descriptio9_.DATE_MODIFIED as date_mod3_3_8_, descriptio9_.UPDT_ID as updt_id4_3_8_, descriptio9_.DESCRIPTION as descript5_3_8_, descriptio9_.LANGUAGE_ID as languag13_3_8_, descriptio9_.NAME as name6_3_8_, descriptio9_.TITLE as title7_3_8_, descriptio9_.CATEGORY_ID as categor14_3_8_, descriptio9_.CATEGORY_HIGHLIGHT as category8_3_8_, descriptio9_.META_DESCRIPTION as meta_des9_3_8_, descriptio9_.META_KEYWORDS as meta_ke10_3_8_, descriptio9_.META_TITLE as meta_ti11_3_8_, descriptio9_.SEF_URL as sef_url12_3_8_, descriptio9_.CATEGORY_ID as categor14_3_5__, descriptio9_.DESCRIPTION_ID as descript1_3_5__, attributes10_.PRODUCT_ATTRIBUTE_DEFAULT as product_2_45_9_, attributes10_.PRODUCT_ATTRIBUTE_DISCOUNTED as product_3_45_9_, attributes10_.PRODUCT_ATTRIBUTE_FOR_DISP as product_4_45_9_, attributes10_.PRODUCT_ATTRIBUTE_REQUIRED as product_5_45_9_, attributes10_.PRODUCT_ID as product10_45_9_, attributes10_.PRODUCT_ATTRIBUTE_FREE as product_6_45_9_, attributes10_.PRODUCT_ATRIBUTE_PRICE as product_7_45_9_, attributes10_.PRODUCT_ATTRIBUTE_WEIGHT as product_8_45_9_, attributes10_.OPTION_ID as option_11_45_9_, attributes10_.PRODUCT_ATTRIBUTE_SORT_ORD as product_9_45_9_, attributes10_.OPTION_VALUE_ID as option_12_45_9_, attributes10_.PRODUCT_ID as product10_45_6__, attributes10_.PRODUCT_ATTRIBUTE_ID as product_1_45_6__, productopt11_.PRODUCT_OPTION_CODE as product_2_54_10_, productopt11_.MERCHANT_ID as merchant6_54_10_, productopt11_.PRODUCT_OPTION_SORT_ORD as product_3_54_10_, productopt11_.PRODUCT_OPTION_TYPE as product_4_54_10_, productopt11_.PRODUCT_OPTION_READ as product_5_54_10_, descriptio12_.DATE_CREATED as date_cre2_55_11_, descriptio12_.DATE_MODIFIED as date_mod3_55_11_, descriptio12_.UPDT_ID as updt_id4_55_11_, descriptio12_.DESCRIPTION as descript5_55_11_, descriptio12_.LANGUAGE_ID as language9_55_11_, descriptio12_.NAME as name6_55_11_, descriptio12_.TITLE as title7_55_11_, descriptio12_.PRODUCT_OPTION_ID as product10_55_11_, descriptio12_.PRODUCT_OPTION_COMMENT as product_8_55_11_, descriptio12_.PRODUCT_OPTION_ID as product10_55_7__, descriptio12_.DESCRIPTION_ID as descript1_55_7__, productopt13_.PRODUCT_OPTION_VAL_CODE as product_2_57_12_, productopt13_.MERCHANT_ID as merchant6_57_12_, productopt13_.PRODUCT_OPT_FOR_DISP as product_3_57_12_, productopt13_.PRODUCT_OPT_VAL_IMAGE as product_4_57_12_, productopt13_.PRODUCT_OPT_VAL_SORT_ORD as product_5_57_12_, descriptio14_.DATE_CREATED as date_cre2_58_13_, descriptio14_.DATE_MODIFIED as date_mod3_58_13_, descriptio14_.UPDT_ID as updt_id4_58_13_, descriptio14_.DESCRIPTION as descript5_58_13_, descriptio14_.LANGUAGE_ID as language8_58_13_, descriptio14_.NAME as name6_58_13_, descriptio14_.TITLE as title7_58_13_, descriptio14_.PRODUCT_OPTION_VALUE_ID as product_9_58_13_, descriptio14_.PRODUCT_OPTION_VALUE_ID as product_9_58_8__, descriptio14_.DESCRIPTION_ID as descript1_58_8__, relationsh15_.ACTIVE as active2_61_14_, relationsh15_.CODE as code3_61_14_, relationsh15_.PRODUCT_ID as product_4_61_14_, relationsh15_.RELATED_PRODUCT_ID as related_5_61_14_, relationsh15_.MERCHANT_ID as merchant6_61_14_, relationsh15_.PRODUCT_ID as product_4_61_9__, relationsh15_.PRODUCT_RELATIONSHIP_ID as product_1_61_9__, manufactur16_.DATE_CREATED as date_cre2_24_15_, manufactur16_.DATE_MODIFIED as date_mod3_24_15_, manufactur16_.UPDT_ID as updt_id4_24_15_, manufactur16_.CODE as code5_24_15_, manufactur16_.MANUFACTURER_IMAGE as manufact6_24_15_, manufactur16_.MERCHANT_ID as merchant8_24_15_, manufactur16_.SORT_ORDER as sort_ord7_24_15_, descriptio17_.DATE_CREATED as date_cre2_25_16_, descriptio17_.DATE_MODIFIED as date_mod3_25_16_, descriptio17_.UPDT_ID as updt_id4_25_16_, descriptio17_.DESCRIPTION as descript5_25_16_, descriptio17_.LANGUAGE_ID as languag11_25_16_, descriptio17_.NAME as name6_25_16_, descriptio17_.TITLE as title7_25_16_, descriptio17_.DATE_LAST_CLICK as date_las8_25_16_, descriptio17_.MANUFACTURER_ID as manufac12_25_16_, descriptio17_.MANUFACTURERS_URL as manufact9_25_16_, descriptio17_.URL_CLICKED as url_cli10_25_16_, descriptio17_.MANUFACTURER_ID as manufac12_25_10__, descriptio17_.DESCRIPTION_ID as descript1_25_10__, variants19_.DATE_CREATED as date_cre2_68_17_, variants19_.DATE_MODIFIED as date_mod3_68_17_, variants19_.UPDT_ID as updt_id4_68_17_, variants19_.AVAILABLE as availabl5_68_17_, variants19_.CODE as code6_68_17_, variants19_.DATE_AVAILABLE as date_ava7_68_17_, variants19_.DEFAULT_SELECTION as default_8_68_17_, variants19_.PRODUCT_ID as product11_68_17_, variants19_.PRODUCT_VARIANT_GROUP_ID as product12_68_17_, variants19_.SKU as sku9_68_17_, variants19_.SORT_ORDER as sort_or10_68_17_, variants19_.PRODUCT_VARIATION_ID as product13_68_17_, variants19_.PRODUCT_VARIATION_VALUE_ID as product14_68_17_, variants19_.PRODUCT_ID as product11_68_11__, variants19_.PRODUCT_VARIANT_ID as product_1_68_11__, productvar20_.DATE_CREATED as date_cre2_70_18_, productvar20_.DATE_MODIFIED as date_mod3_70_18_, productvar20_.UPDT_ID as updt_id4_70_18_, productvar20_.CODE as code5_70_18_, productvar20_.MERCHANT_ID as merchant8_70_18_, productvar20_.PRODUCT_OPTION_ID as product_9_70_18_, productvar20_.OPTION_VALUE_ID as option_10_70_18_, productvar20_.SORT_ORDER as sort_ord6_70_18_, productvar20_.VARIANT_DEFAULT as variant_7_70_18_, productopt21_.PRODUCT_OPTION_CODE as product_2_54_19_, productopt21_.MERCHANT_ID as merchant6_54_19_, productopt21_.PRODUCT_OPTION_SORT_ORD as product_3_54_19_, productopt21_.PRODUCT_OPTION_TYPE as product_4_54_19_, productopt21_.PRODUCT_OPTION_READ as product_5_54_19_, productopt22_.PRODUCT_OPTION_VAL_CODE as product_2_57_20_, productopt22_.MERCHANT_ID as merchant6_57_20_, productopt22_.PRODUCT_OPT_FOR_DISP as product_3_57_20_, productopt22_.PRODUCT_OPT_VAL_IMAGE as product_4_57_20_, productopt22_.PRODUCT_OPT_VAL_SORT_ORD as product_5_57_20_, descriptio23_.DATE_CREATED as date_cre2_55_21_, descriptio23_.DATE_MODIFIED as date_mod3_55_21_, descriptio23_.UPDT_ID as updt_id4_55_21_, descriptio23_.DESCRIPTION as descript5_55_21_, descriptio23_.LANGUAGE_ID as language9_55_21_, descriptio23_.NAME as name6_55_21_, descriptio23_.TITLE as title7_55_21_, descriptio23_.PRODUCT_OPTION_ID as product10_55_21_, descriptio23_.PRODUCT_OPTION_COMMENT as product_8_55_21_, descriptio23_.PRODUCT_OPTION_ID as product10_55_12__, descriptio23_.DESCRIPTION_ID as descript1_55_12__, descriptio24_.DATE_CREATED as date_cre2_58_22_, descriptio24_.DATE_MODIFIED as date_mod3_58_22_, descriptio24_.UPDT_ID as updt_id4_58_22_, descriptio24_.DESCRIPTION as descript5_58_22_, descriptio24_.LANGUAGE_ID as language8_58_22_, descriptio24_.NAME as name6_58_22_, descriptio24_.TITLE as title7_58_22_, descriptio24_.PRODUCT_OPTION_VALUE_ID as product_9_58_22_, descriptio24_.PRODUCT_OPTION_VALUE_ID as product_9_58_13__, descriptio24_.DESCRIPTION_ID as descript1_58_13__, productvar25_.DATE_CREATED as date_cre2_70_23_, productvar25_.DATE_MODIFIED as date_mod3_70_23_, productvar25_.UPDT_ID as updt_id4_70_23_, productvar25_.CODE as code5_70_23_, productvar25_.MERCHANT_ID as merchant8_70_23_, productvar25_.PRODUCT_OPTION_ID as product_9_70_23_, productvar25_.OPTION_VALUE_ID as option_10_70_23_, productvar25_.SORT_ORDER as sort_ord6_70_23_, productvar25_.VARIANT_DEFAULT as variant_7_70_23_, productopt26_.PRODUCT_OPTION_CODE as product_2_54_24_, productopt26_.MERCHANT_ID as merchant6_54_24_, productopt26_.PRODUCT_OPTION_SORT_ORD as product_3_54_24_, productopt26_.PRODUCT_OPTION_TYPE as product_4_54_24_, productopt26_.PRODUCT_OPTION_READ as product_5_54_24_, productopt27_.PRODUCT_OPTION_VAL_CODE as product_2_57_25_, productopt27_.MERCHANT_ID as merchant6_57_25_, productopt27_.PRODUCT_OPT_FOR_DISP as product_3_57_25_, productopt27_.PRODUCT_OPT_VAL_IMAGE as product_4_57_25_, productopt27_.PRODUCT_OPT_VAL_SORT_ORD as product_5_57_25_, descriptio28_.DATE_CREATED as date_cre2_55_26_, descriptio28_.DATE_MODIFIED as date_mod3_55_26_, descriptio28_.UPDT_ID as updt_id4_55_26_, descriptio28_.DESCRIPTION as descript5_55_26_, descriptio28_.LANGUAGE_ID as language9_55_26_, descriptio28_.NAME as name6_55_26_, descriptio28_.TITLE as title7_55_26_, descriptio28_.PRODUCT_OPTION_ID as product10_55_26_, descriptio28_.PRODUCT_OPTION_COMMENT as product_8_55_26_, descriptio28_.PRODUCT_OPTION_ID as product10_55_14__, descriptio28_.DESCRIPTION_ID as descript1_55_14__, descriptio29_.DATE_CREATED as date_cre2_58_27_, descriptio29_.DATE_MODIFIED as date_mod3_58_27_, descriptio29_.UPDT_ID as updt_id4_58_27_, descriptio29_.DESCRIPTION as descript5_58_27_, descriptio29_.LANGUAGE_ID as language8_58_27_, descriptio29_.NAME as name6_58_27_, descriptio29_.TITLE as title7_58_27_, descriptio29_.PRODUCT_OPTION_VALUE_ID as product_9_58_27_, descriptio29_.PRODUCT_OPTION_VALUE_ID as product_9_58_15__, descriptio29_.DESCRIPTION_ID as descript1_58_15__, availabili30_.DATE_CREATED as date_cre2_46_28_, availabili30_.DATE_MODIFIED as date_mod3_46_28_, availabili30_.UPDT_ID as updt_id4_46_28_, availabili30_.AVAILABLE as availabl5_46_28_, availabili30_.HEIGHT as height6_46_28_, availabili30_.LENGTH as length7_46_28_, availabili30_.WEIGHT as weight8_46_28_, availabili30_.WIDTH as width9_46_28_, availabili30_.MERCHANT_ID as merchan20_46_28_, availabili30_.OWNER as owner10_46_28_, availabili30_.PRODUCT_ID as product21_46_28_, availabili30_.DATE_AVAILABLE as date_av11_46_28_, availabili30_.FREE_SHIPPING as free_sh12_46_28_, availabili30_.QUANTITY as quantit13_46_28_, availabili30_.QUANTITY_ORD_MAX as quantit14_46_28_, availabili30_.QUANTITY_ORD_MIN as quantit15_46_28_, availabili30_.STATUS as status16_46_28_, availabili30_.PRODUCT_VARIANT as product22_46_28_, availabili30_.REGION as region17_46_28_, availabili30_.REGION_VARIANT as region_18_46_28_, availabili30_.SKU as sku19_46_28_, availabili30_.PRODUCT_VARIANT as product22_46_16__, availabili30_.PRODUCT_AVAIL_ID as product_1_46_16__, prices31_.PRODUCT_PRICE_CODE as product_2_59_29_, prices31_.DEFAULT_PRICE as default_3_59_29_, prices31_.PRODUCT_AVAIL_ID as product10_59_29_, prices31_.PRODUCT_IDENTIFIER_ID as product_4_59_29_, prices31_.PRODUCT_PRICE_AMOUNT as product_5_59_29_, prices31_.PRODUCT_PRICE_SPECIAL_AMOUNT as product_6_59_29_, prices31_.PRODUCT_PRICE_SPECIAL_END_DATE as product_7_59_29_, prices31_.PRODUCT_PRICE_SPECIAL_ST_DATE as product_8_59_29_, prices31_.PRODUCT_PRICE_TYPE as product_9_59_29_, prices31_.PRODUCT_AVAIL_ID as product10_59_17__, prices31_.PRODUCT_PRICE_ID as product_1_59_17__, descriptio32_.DATE_CREATED as date_cre2_60_30_, descriptio32_.DATE_MODIFIED as date_mod3_60_30_, descriptio32_.UPDT_ID as updt_id4_60_30_, descriptio32_.DESCRIPTION as descript5_60_30_, descriptio32_.LANGUAGE_ID as language9_60_30_, descriptio32_.NAME as name6_60_30_, descriptio32_.TITLE as title7_60_30_, descriptio32_.PRICE_APPENDER as price_ap8_60_30_, descriptio32_.PRODUCT_PRICE_ID as product10_60_30_, descriptio32_.PRODUCT_PRICE_ID as product10_60_18__, descriptio32_.DESCRIPTION_ID as descript1_60_18__, productvar33_.MERCHANT_ID as merchant2_69_31_, images34_.DEFAULT_IMAGE as default_2_66_32_, images34_.PRODUCT_IMAGE as product_3_66_32_, images34_.PRODUCT_VARIANT_GROUP_ID as product_4_66_32_, images34_.PRODUCT_VARIANT_GROUP_ID as product_4_66_19__, images34_.PRODUCT_VAR_IMAGE_ID as product_1_66_19__, descriptio35_.DATE_CREATED as date_cre2_67_33_, descriptio35_.DATE_MODIFIED as date_mod3_67_33_, descriptio35_.UPDT_ID as updt_id4_67_33_, descriptio35_.DESCRIPTION as descript5_67_33_, descriptio35_.LANGUAGE_ID as language9_67_33_, descriptio35_.NAME as name6_67_33_, descriptio35_.TITLE as title7_67_33_, descriptio35_.ALT_TAG as alt_tag8_67_33_, descriptio35_.PRODUCT_ID as product10_67_33_, descriptio35_.PRODUCT_VAR_IMAGE_ID as product11_67_33_, descriptio35_.PRODUCT_VAR_IMAGE_ID as product11_67_20__, descriptio35_.DESCRIPTION_ID as descript1_67_20__ from SALESMANAGER.PRODUCT product0_ inner join SALESMANAGER.PRODUCT_DESCRIPTION descriptio1_ on product0_.PRODUCT_ID=descriptio1_.PRODUCT_ID inner join SALESMANAGER.MERCHANT_STORE merchantst2_ on product0_.MERCHANT_ID=merchantst2_.MERCHANT_ID left outer join SALESMANAGER.PRODUCT_AVAILABILITY availabili3_ on product0_.PRODUCT_ID=availabili3_.PRODUCT_ID left outer join SALESMANAGER.PRODUCT_TYPE producttyp4_ on product0_.PRODUCT_TYPE_ID=producttyp4_.PRODUCT_TYPE_ID left outer join SALESMANAGER.PRODUCT_PRICE prices5_ on availabili3_.PRODUCT_AVAIL_ID=prices5_.PRODUCT_AVAIL_ID left outer join SALESMANAGER.PRODUCT_PRICE_DESCRIPTION descriptio6_ on prices5_.PRODUCT_PRICE_ID=descriptio6_.PRODUCT_PRICE_ID left outer join SALESMANAGER.PRODUCT_CATEGORY categories7_ on product0_.PRODUCT_ID=categories7_.PRODUCT_ID left outer join SALESMANAGER.CATEGORY category8_ on categories7_.CATEGORY_ID=category8_.CATEGORY_ID left outer join SALESMANAGER.CATEGORY_DESCRIPTION descriptio9_ on category8_.CATEGORY_ID=descriptio9_.CATEGORY_ID left outer join SALESMANAGER.PRODUCT_ATTRIBUTE attributes10_ on product0_.PRODUCT_ID=attributes10_.PRODUCT_ID left outer join SALESMANAGER.PRODUCT_OPTION productopt11_ on attributes10_.OPTION_ID=productopt11_.PRODUCT_OPTION_ID left outer join SALESMANAGER.PRODUCT_OPTION_DESC descriptio12_ on productopt11_.PRODUCT_OPTION_ID=descriptio12_.PRODUCT_OPTION_ID left outer join SALESMANAGER.PRODUCT_OPTION_VALUE productopt13_ on attributes10_.OPTION_VALUE_ID=productopt13_.PRODUCT_OPTION_VALUE_ID left outer join SALESMANAGER.PRODUCT_OPTION_VALUE_DESCRIPTION descriptio14_ on productopt13_.PRODUCT_OPTION_VALUE_ID=descriptio14_.PRODUCT_OPTION_VALUE_ID left outer join SALESMANAGER.PRODUCT_RELATIONSHIP relationsh15_ on product0_.PRODUCT_ID=relationsh15_.PRODUCT_ID left outer join SALESMANAGER.MANUFACTURER manufactur16_ on product0_.MANUFACTURER_ID=manufactur16_.MANUFACTURER_ID left outer join SALESMANAGER.MANUFACTURER_DESCRIPTION descriptio17_ on manufactur16_.MANUFACTURER_ID=descriptio17_.MANUFACTURER_ID left outer join SALESMANAGER.PRODUCT_VARIANT variants19_ on product0_.PRODUCT_ID=variants19_.PRODUCT_ID left outer join SALESMANAGER.PRODUCT_VARIATION productvar20_ on variants19_.PRODUCT_VARIATION_ID=productvar20_.PRODUCT_VARIATION_ID left outer join SALESMANAGER.PRODUCT_OPTION productopt21_ on productvar20_.PRODUCT_OPTION_ID=productopt21_.PRODUCT_OPTION_ID left outer join SALESMANAGER.PRODUCT_OPTION_VALUE productopt22_ on productvar20_.OPTION_VALUE_ID=productopt22_.PRODUCT_OPTION_VALUE_ID left outer join SALESMANAGER.PRODUCT_OPTION_DESC descriptio23_ on productopt21_.PRODUCT_OPTION_ID=descriptio23_.PRODUCT_OPTION_ID left outer join SALESMANAGER.PRODUCT_OPTION_VALUE_DESCRIPTION descriptio24_ on productopt22_.PRODUCT_OPTION_VALUE_ID=descriptio24_.PRODUCT_OPTION_VALUE_ID left outer join SALESMANAGER.PRODUCT_VARIATION productvar25_ on variants19_.PRODUCT_VARIATION_VALUE_ID=productvar25_.PRODUCT_VARIATION_ID left outer join SALESMANAGER.PRODUCT_OPTION productopt26_ on productvar25_.PRODUCT_OPTION_ID=productopt26_.PRODUCT_OPTION_ID left outer join SALESMANAGER.PRODUCT_OPTION_VALUE productopt27_ on productvar25_.OPTION_VALUE_ID=productopt27_.PRODUCT_OPTION_VALUE_ID left outer join SALESMANAGER.PRODUCT_OPTION_DESC descriptio28_ on productopt26_.PRODUCT_OPTION_ID=descriptio28_.PRODUCT_OPTION_ID left outer join SALESMANAGER.PRODUCT_OPTION_VALUE_DESCRIPTION descriptio29_ on productopt22_.PRODUCT_OPTION_VALUE_ID=descriptio29_.PRODUCT_OPTION_VALUE_ID left outer join SALESMANAGER.PRODUCT_AVAILABILITY availabili30_ on variants19_.PRODUCT_VARIANT_ID=availabili30_.PRODUCT_VARIANT left outer join SALESMANAGER.PRODUCT_PRICE prices31_ on availabili30_.PRODUCT_AVAIL_ID=prices31_.PRODUCT_AVAIL_ID left outer join SALESMANAGER.PRODUCT_PRICE_DESCRIPTION descriptio32_ on prices31_.PRODUCT_PRICE_ID=descriptio32_.PRODUCT_PRICE_ID left outer join SALESMANAGER.PRODUCT_VARIANT_GROUP productvar33_ on variants19_.PRODUCT_VARIANT_GROUP_ID=productvar33_.PRODUCT_VARIANT_GROUP_ID left outer join SALESMANAGER.PRODUCT_VAR_IMAGE images34_ on productvar33_.PRODUCT_VARIANT_GROUP_ID=images34_.PRODUCT_VARIANT_GROUP_ID left outer join SALESMANAGER.PRODUCT_VAR_IMAGE_DESCRIPTION descriptio35_ on images34_.PRODUCT_VAR_IMAGE_ID=descriptio35_.PRODUCT_VAR_IMAGE_ID where product0_.PRODUCT_ID=? and merchantst2_.MERCHANT_ID=?
2025-12-16 00:13:57.217 DEBUG 28064 --- [nio-8080-exec-3] c.s.c.b.s.s.ShoppingCartServiceImpl      : Obsolete item ? false
2025-12-16 00:13:57.408 DEBUG 28064 --- [nio-8080-exec-3] org.hibernate.SQL                        : select images0_.PRODUCT_ID as product_8_50_0_, images0_.PRODUCT_IMAGE_ID as product_1_50_0_, images0_.PRODUCT_IMAGE_ID as product_1_50_1_, images0_.DEFAULT_IMAGE as default_2_50_1_, images0_.IMAGE_CROP as image_cr3_50_1_, images0_.IMAGE_TYPE as image_ty4_50_1_, images0_.PRODUCT_ID as product_8_50_1_, images0_.PRODUCT_IMAGE as product_5_50_1_, images0_.PRODUCT_IMAGE_URL as product_6_50_1_, images0_.SORT_ORDER as sort_ord7_50_1_ from SALESMANAGER.PRODUCT_IMAGE images0_ where images0_.PRODUCT_ID=?
2025-12-16 00:13:57.535 DEBUG 28064 --- [nio-8080-exec-3] org.hibernate.SQL                        : select p.PRODUCT_ID from SALESMANAGER.PRODUCT p join SALESMANAGER.MERCHANT_STORE m ON p.MERCHANT_ID = m.MERCHANT_ID left join SALESMANAGER.PRODUCT_VARIANT i ON i.PRODUCT_ID = p.PRODUCT_ID where p.SKU=? or i.SKU=? and m.MERCHANT_ID=?
2025-12-16 00:13:57.643 DEBUG 28064 --- [nio-8080-exec-3] org.hibernate.SQL                        : select distinct product0_.PRODUCT_ID as product_1_44_0_, descriptio1_.DESCRIPTION_ID as descript1_48_1_, merchantst2_.MERCHANT_ID as merchant1_29_2_, availabili3_.PRODUCT_AVAIL_ID as product_1_46_3_, producttyp4_.PRODUCT_TYPE_ID as product_1_64_4_, prices5_.PRODUCT_PRICE_ID as product_1_59_5_, descriptio6_.DESCRIPTION_ID as descript1_60_6_, category8_.CATEGORY_ID as category1_2_7_, descriptio9_.DESCRIPTION_ID as descript1_3_8_, attributes10_.PRODUCT_ATTRIBUTE_ID as product_1_45_9_, productopt11_.PRODUCT_OPTION_ID as product_1_54_10_, descriptio12_.DESCRIPTION_ID as descript1_55_11_, productopt13_.PRODUCT_OPTION_VALUE_ID as product_1_57_12_, descriptio14_.DESCRIPTION_ID as descript1_58_13_, relationsh15_.PRODUCT_RELATIONSHIP_ID as product_1_61_14_, manufactur16_.MANUFACTURER_ID as manufact1_24_15_, descriptio17_.DESCRIPTION_ID as descript1_25_16_, variants19_.PRODUCT_VARIANT_ID as product_1_68_17_, productvar20_.PRODUCT_VARIATION_ID as product_1_70_18_, productopt21_.PRODUCT_OPTION_ID as product_1_54_19_, productopt22_.PRODUCT_OPTION_VALUE_ID as product_1_57_20_, descriptio23_.DESCRIPTION_ID as descript1_55_21_, descriptio24_.DESCRIPTION_ID as descript1_58_22_, productvar25_.PRODUCT_VARIATION_ID as product_1_70_23_, productopt26_.PRODUCT_OPTION_ID as product_1_54_24_, productopt27_.PRODUCT_OPTION_VALUE_ID as product_1_57_25_, descriptio28_.DESCRIPTION_ID as descript1_55_26_, descriptio29_.DESCRIPTION_ID as descript1_58_27_, availabili30_.PRODUCT_AVAIL_ID as product_1_46_28_, prices31_.PRODUCT_PRICE_ID as product_1_59_29_, descriptio32_.DESCRIPTION_ID as descript1_60_30_, productvar33_.PRODUCT_VARIANT_GROUP_ID as product_1_69_31_, images34_.PRODUCT_VAR_IMAGE_ID as product_1_66_32_, descriptio35_.DESCRIPTION_ID as descript1_67_33_, product0_.DATE_CREATED as date_cre2_44_0_, product0_.DATE_MODIFIED as date_mod3_44_0_, product0_.UPDT_ID as updt_id4_44_0_, product0_.AVAILABLE as availabl5_44_0_, product0_.COND as cond6_44_0_, product0_.DATE_AVAILABLE as date_ava7_44_0_, product0_.MANUFACTURER_ID as manufac25_44_0_, product0_.MERCHANT_ID as merchan26_44_0_, product0_.CUSTOMER_ID as custome27_44_0_, product0_.PREORDER as preorder8_44_0_, product0_.PRODUCT_HEIGHT as product_9_44_0_, product0_.PRODUCT_FREE as product10_44_0_, product0_.PRODUCT_LENGTH as product11_44_0_, product0_.QUANTITY_ORDERED as quantit12_44_0_, product0_.REVIEW_AVG as review_13_44_0_, product0_.REVIEW_COUNT as review_14_44_0_, product0_.PRODUCT_SHIP as product15_44_0_, product0_.PRODUCT_VIRTUAL as product16_44_0_, product0_.PRODUCT_WEIGHT as product17_44_0_, product0_.PRODUCT_WIDTH as product18_44_0_, product0_.REF_SKU as ref_sku19_44_0_, product0_.RENTAL_DURATION as rental_20_44_0_, product0_.RENTAL_PERIOD as rental_21_44_0_, product0_.RENTAL_STATUS as rental_22_44_0_, product0_.SKU as sku23_44_0_, product0_.SORT_ORDER as sort_or24_44_0_, product0_.TAX_CLASS_ID as tax_cla28_44_0_, product0_.PRODUCT_TYPE_ID as product29_44_0_, descriptio1_.DATE_CREATED as date_cre2_48_1_, descriptio1_.DATE_MODIFIED as date_mod3_48_1_, descriptio1_.UPDT_ID as updt_id4_48_1_, descriptio1_.DESCRIPTION as descript5_48_1_, descriptio1_.LANGUAGE_ID as languag14_48_1_, descriptio1_.NAME as name6_48_1_, descriptio1_.TITLE as title7_48_1_, descriptio1_.META_DESCRIPTION as meta_des8_48_1_, descriptio1_.META_KEYWORDS as meta_key9_48_1_, descriptio1_.META_TITLE as meta_ti10_48_1_, descriptio1_.PRODUCT_ID as product15_48_1_, descriptio1_.DOWNLOAD_LNK as downloa11_48_1_, descriptio1_.PRODUCT_HIGHLIGHT as product12_48_1_, descriptio1_.SEF_URL as sef_url13_48_1_, descriptio1_.PRODUCT_ID as product15_48_0__, descriptio1_.DESCRIPTION_ID as descript1_48_0__, merchantst2_.DATE_CREATED as date_cre2_29_2_, merchantst2_.DATE_MODIFIED as date_mod3_29_2_, merchantst2_.UPDT_ID as updt_id4_29_2_, merchantst2_.STORE_CODE as store_co5_29_2_, merchantst2_.CONTINUESHOPPINGURL as continue6_29_2_, merchantst2_.COUNTRY_ID as country25_29_2_, merchantst2_.CURRENCY_ID as currenc26_29_2_, merchantst2_.CURRENCY_FORMAT_NATIONAL as currency7_29_2_, merchantst2_.LANGUAGE_ID as languag27_29_2_, merchantst2_.DOMAIN_NAME as domain_n8_29_2_, merchantst2_.IN_BUSINESS_SINCE as in_busin9_29_2_, merchantst2_.INVOICE_TEMPLATE as invoice10_29_2_, merchantst2_.LINEAGE as lineage11_29_2_, merchantst2_.PARENT_ID as parent_28_29_2_, merchantst2_.IS_RETAILER as is_reta12_29_2_, merchantst2_.SEIZEUNITCODE as seizeun13_29_2_, merchantst2_.STORE_EMAIL as store_e14_29_2_, merchantst2_.STORE_LOGO as store_l15_29_2_, merchantst2_.STORE_TEMPLATE as store_t16_29_2_, merchantst2_.STORE_ADDRESS as store_a17_29_2_, merchantst2_.STORE_CITY as store_c18_29_2_, merchantst2_.STORE_NAME as store_n19_29_2_, merchantst2_.STORE_PHONE as store_p20_29_2_, merchantst2_.STORE_POSTAL_CODE as store_p21_29_2_, merchantst2_.STORE_STATE_PROV as store_s22_29_2_, merchantst2_.USE_CACHE as use_cac23_29_2_, merchantst2_.WEIGHTUNITCODE as weightu24_29_2_, merchantst2_.ZONE_ID as zone_id29_29_2_, availabili3_.DATE_CREATED as date_cre2_46_3_, availabili3_.DATE_MODIFIED as date_mod3_46_3_, availabili3_.UPDT_ID as updt_id4_46_3_, availabili3_.AVAILABLE as availabl5_46_3_, availabili3_.HEIGHT as height6_46_3_, availabili3_.LENGTH as length7_46_3_, availabili3_.WEIGHT as weight8_46_3_, availabili3_.WIDTH as width9_46_3_, availabili3_.MERCHANT_ID as merchan20_46_3_, availabili3_.OWNER as owner10_46_3_, availabili3_.PRODUCT_ID as product21_46_3_, availabili3_.DATE_AVAILABLE as date_av11_46_3_, availabili3_.FREE_SHIPPING as free_sh12_46_3_, availabili3_.QUANTITY as quantit13_46_3_, availabili3_.QUANTITY_ORD_MAX as quantit14_46_3_, availabili3_.QUANTITY_ORD_MIN as quantit15_46_3_, availabili3_.STATUS as status16_46_3_, availabili3_.PRODUCT_VARIANT as product22_46_3_, availabili3_.REGION as region17_46_3_, availabili3_.REGION_VARIANT as region_18_46_3_, availabili3_.SKU as sku19_46_3_, availabili3_.PRODUCT_ID as product21_46_1__, availabili3_.PRODUCT_AVAIL_ID as product_1_46_1__, producttyp4_.PRD_TYPE_ADD_TO_CART as prd_type2_64_4_, producttyp4_.DATE_CREATED as date_cre3_64_4_, producttyp4_.DATE_MODIFIED as date_mod4_64_4_, producttyp4_.UPDT_ID as updt_id5_64_4_, producttyp4_.PRD_TYPE_CODE as prd_type6_64_4_, producttyp4_.MERCHANT_ID as merchant8_64_4_, producttyp4_.PRD_TYPE_VISIBLE as prd_type7_64_4_, prices5_.PRODUCT_PRICE_CODE as product_2_59_5_, prices5_.DEFAULT_PRICE as default_3_59_5_, prices5_.PRODUCT_AVAIL_ID as product10_59_5_, prices5_.PRODUCT_IDENTIFIER_ID as product_4_59_5_, prices5_.PRODUCT_PRICE_AMOUNT as product_5_59_5_, prices5_.PRODUCT_PRICE_SPECIAL_AMOUNT as product_6_59_5_, prices5_.PRODUCT_PRICE_SPECIAL_END_DATE as product_7_59_5_, prices5_.PRODUCT_PRICE_SPECIAL_ST_DATE as product_8_59_5_, prices5_.PRODUCT_PRICE_TYPE as product_9_59_5_, prices5_.PRODUCT_AVAIL_ID as product10_59_2__, prices5_.PRODUCT_PRICE_ID as product_1_59_2__, descriptio6_.DATE_CREATED as date_cre2_60_6_, descriptio6_.DATE_MODIFIED as date_mod3_60_6_, descriptio6_.UPDT_ID as updt_id4_60_6_, descriptio6_.DESCRIPTION as descript5_60_6_, descriptio6_.LANGUAGE_ID as language9_60_6_, descriptio6_.NAME as name6_60_6_, descriptio6_.TITLE as title7_60_6_, descriptio6_.PRICE_APPENDER as price_ap8_60_6_, descriptio6_.PRODUCT_PRICE_ID as product10_60_6_, descriptio6_.PRODUCT_PRICE_ID as product10_60_3__, descriptio6_.DESCRIPTION_ID as descript1_60_3__, category8_.DATE_CREATED as date_cre2_2_7_, category8_.DATE_MODIFIED as date_mod3_2_7_, category8_.UPDT_ID as updt_id4_2_7_, category8_.CATEGORY_IMAGE as category5_2_7_, category8_.CATEGORY_STATUS as category6_2_7_, category8_.CODE as code7_2_7_, category8_.DEPTH as depth8_2_7_, category8_.FEATURED as featured9_2_7_, category8_.LINEAGE as lineage10_2_7_, category8_.MERCHANT_ID as merchan13_2_7_, category8_.PARENT_ID as parent_14_2_7_, category8_.SORT_ORDER as sort_or11_2_7_, category8_.VISIBLE as visible12_2_7_, categories7_.PRODUCT_ID as product_1_47_4__, categories7_.CATEGORY_ID as category2_47_4__, descriptio9_.DATE_CREATED as date_cre2_3_8_, descriptio9_.DATE_MODIFIED as date_mod3_3_8_, descriptio9_.UPDT_ID as updt_id4_3_8_, descriptio9_.DESCRIPTION as descript5_3_8_, descriptio9_.LANGUAGE_ID as languag13_3_8_, descriptio9_.NAME as name6_3_8_, descriptio9_.TITLE as title7_3_8_, descriptio9_.CATEGORY_ID as categor14_3_8_, descriptio9_.CATEGORY_HIGHLIGHT as category8_3_8_, descriptio9_.META_DESCRIPTION as meta_des9_3_8_, descriptio9_.META_KEYWORDS as meta_ke10_3_8_, descriptio9_.META_TITLE as meta_ti11_3_8_, descriptio9_.SEF_URL as sef_url12_3_8_, descriptio9_.CATEGORY_ID as categor14_3_5__, descriptio9_.DESCRIPTION_ID as descript1_3_5__, attributes10_.PRODUCT_ATTRIBUTE_DEFAULT as product_2_45_9_, attributes10_.PRODUCT_ATTRIBUTE_DISCOUNTED as product_3_45_9_, attributes10_.PRODUCT_ATTRIBUTE_FOR_DISP as product_4_45_9_, attributes10_.PRODUCT_ATTRIBUTE_REQUIRED as product_5_45_9_, attributes10_.PRODUCT_ID as product10_45_9_, attributes10_.PRODUCT_ATTRIBUTE_FREE as product_6_45_9_, attributes10_.PRODUCT_ATRIBUTE_PRICE as product_7_45_9_, attributes10_.PRODUCT_ATTRIBUTE_WEIGHT as product_8_45_9_, attributes10_.OPTION_ID as option_11_45_9_, attributes10_.PRODUCT_ATTRIBUTE_SORT_ORD as product_9_45_9_, attributes10_.OPTION_VALUE_ID as option_12_45_9_, attributes10_.PRODUCT_ID as product10_45_6__, attributes10_.PRODUCT_ATTRIBUTE_ID as product_1_45_6__, productopt11_.PRODUCT_OPTION_CODE as product_2_54_10_, productopt11_.MERCHANT_ID as merchant6_54_10_, productopt11_.PRODUCT_OPTION_SORT_ORD as product_3_54_10_, productopt11_.PRODUCT_OPTION_TYPE as product_4_54_10_, productopt11_.PRODUCT_OPTION_READ as product_5_54_10_, descriptio12_.DATE_CREATED as date_cre2_55_11_, descriptio12_.DATE_MODIFIED as date_mod3_55_11_, descriptio12_.UPDT_ID as updt_id4_55_11_, descriptio12_.DESCRIPTION as descript5_55_11_, descriptio12_.LANGUAGE_ID as language9_55_11_, descriptio12_.NAME as name6_55_11_, descriptio12_.TITLE as title7_55_11_, descriptio12_.PRODUCT_OPTION_ID as product10_55_11_, descriptio12_.PRODUCT_OPTION_COMMENT as product_8_55_11_, descriptio12_.PRODUCT_OPTION_ID as product10_55_7__, descriptio12_.DESCRIPTION_ID as descript1_55_7__, productopt13_.PRODUCT_OPTION_VAL_CODE as product_2_57_12_, productopt13_.MERCHANT_ID as merchant6_57_12_, productopt13_.PRODUCT_OPT_FOR_DISP as product_3_57_12_, productopt13_.PRODUCT_OPT_VAL_IMAGE as product_4_57_12_, productopt13_.PRODUCT_OPT_VAL_SORT_ORD as product_5_57_12_, descriptio14_.DATE_CREATED as date_cre2_58_13_, descriptio14_.DATE_MODIFIED as date_mod3_58_13_, descriptio14_.UPDT_ID as updt_id4_58_13_, descriptio14_.DESCRIPTION as descript5_58_13_, descriptio14_.LANGUAGE_ID as language8_58_13_, descriptio14_.NAME as name6_58_13_, descriptio14_.TITLE as title7_58_13_, descriptio14_.PRODUCT_OPTION_VALUE_ID as product_9_58_13_, descriptio14_.PRODUCT_OPTION_VALUE_ID as product_9_58_8__, descriptio14_.DESCRIPTION_ID as descript1_58_8__, relationsh15_.ACTIVE as active2_61_14_, relationsh15_.CODE as code3_61_14_, relationsh15_.PRODUCT_ID as product_4_61_14_, relationsh15_.RELATED_PRODUCT_ID as related_5_61_14_, relationsh15_.MERCHANT_ID as merchant6_61_14_, relationsh15_.PRODUCT_ID as product_4_61_9__, relationsh15_.PRODUCT_RELATIONSHIP_ID as product_1_61_9__, manufactur16_.DATE_CREATED as date_cre2_24_15_, manufactur16_.DATE_MODIFIED as date_mod3_24_15_, manufactur16_.UPDT_ID as updt_id4_24_15_, manufactur16_.CODE as code5_24_15_, manufactur16_.MANUFACTURER_IMAGE as manufact6_24_15_, manufactur16_.MERCHANT_ID as merchant8_24_15_, manufactur16_.SORT_ORDER as sort_ord7_24_15_, descriptio17_.DATE_CREATED as date_cre2_25_16_, descriptio17_.DATE_MODIFIED as date_mod3_25_16_, descriptio17_.UPDT_ID as updt_id4_25_16_, descriptio17_.DESCRIPTION as descript5_25_16_, descriptio17_.LANGUAGE_ID as languag11_25_16_, descriptio17_.NAME as name6_25_16_, descriptio17_.TITLE as title7_25_16_, descriptio17_.DATE_LAST_CLICK as date_las8_25_16_, descriptio17_.MANUFACTURER_ID as manufac12_25_16_, descriptio17_.MANUFACTURERS_URL as manufact9_25_16_, descriptio17_.URL_CLICKED as url_cli10_25_16_, descriptio17_.MANUFACTURER_ID as manufac12_25_10__, descriptio17_.DESCRIPTION_ID as descript1_25_10__, variants19_.DATE_CREATED as date_cre2_68_17_, variants19_.DATE_MODIFIED as date_mod3_68_17_, variants19_.UPDT_ID as updt_id4_68_17_, variants19_.AVAILABLE as availabl5_68_17_, variants19_.CODE as code6_68_17_, variants19_.DATE_AVAILABLE as date_ava7_68_17_, variants19_.DEFAULT_SELECTION as default_8_68_17_, variants19_.PRODUCT_ID as product11_68_17_, variants19_.PRODUCT_VARIANT_GROUP_ID as product12_68_17_, variants19_.SKU as sku9_68_17_, variants19_.SORT_ORDER as sort_or10_68_17_, variants19_.PRODUCT_VARIATION_ID as product13_68_17_, variants19_.PRODUCT_VARIATION_VALUE_ID as product14_68_17_, variants19_.PRODUCT_ID as product11_68_11__, variants19_.PRODUCT_VARIANT_ID as product_1_68_11__, productvar20_.DATE_CREATED as date_cre2_70_18_, productvar20_.DATE_MODIFIED as date_mod3_70_18_, productvar20_.UPDT_ID as updt_id4_70_18_, productvar20_.CODE as code5_70_18_, productvar20_.MERCHANT_ID as merchant8_70_18_, productvar20_.PRODUCT_OPTION_ID as product_9_70_18_, productvar20_.OPTION_VALUE_ID as option_10_70_18_, productvar20_.SORT_ORDER as sort_ord6_70_18_, productvar20_.VARIANT_DEFAULT as variant_7_70_18_, productopt21_.PRODUCT_OPTION_CODE as product_2_54_19_, productopt21_.MERCHANT_ID as merchant6_54_19_, productopt21_.PRODUCT_OPTION_SORT_ORD as product_3_54_19_, productopt21_.PRODUCT_OPTION_TYPE as product_4_54_19_, productopt21_.PRODUCT_OPTION_READ as product_5_54_19_, productopt22_.PRODUCT_OPTION_VAL_CODE as product_2_57_20_, productopt22_.MERCHANT_ID as merchant6_57_20_, productopt22_.PRODUCT_OPT_FOR_DISP as product_3_57_20_, productopt22_.PRODUCT_OPT_VAL_IMAGE as product_4_57_20_, productopt22_.PRODUCT_OPT_VAL_SORT_ORD as product_5_57_20_, descriptio23_.DATE_CREATED as date_cre2_55_21_, descriptio23_.DATE_MODIFIED as date_mod3_55_21_, descriptio23_.UPDT_ID as updt_id4_55_21_, descriptio23_.DESCRIPTION as descript5_55_21_, descriptio23_.LANGUAGE_ID as language9_55_21_, descriptio23_.NAME as name6_55_21_, descriptio23_.TITLE as title7_55_21_, descriptio23_.PRODUCT_OPTION_ID as product10_55_21_, descriptio23_.PRODUCT_OPTION_COMMENT as product_8_55_21_, descriptio23_.PRODUCT_OPTION_ID as product10_55_12__, descriptio23_.DESCRIPTION_ID as descript1_55_12__, descriptio24_.DATE_CREATED as date_cre2_58_22_, descriptio24_.DATE_MODIFIED as date_mod3_58_22_, descriptio24_.UPDT_ID as updt_id4_58_22_, descriptio24_.DESCRIPTION as descript5_58_22_, descriptio24_.LANGUAGE_ID as language8_58_22_, descriptio24_.NAME as name6_58_22_, descriptio24_.TITLE as title7_58_22_, descriptio24_.PRODUCT_OPTION_VALUE_ID as product_9_58_22_, descriptio24_.PRODUCT_OPTION_VALUE_ID as product_9_58_13__, descriptio24_.DESCRIPTION_ID as descript1_58_13__, productvar25_.DATE_CREATED as date_cre2_70_23_, productvar25_.DATE_MODIFIED as date_mod3_70_23_, productvar25_.UPDT_ID as updt_id4_70_23_, productvar25_.CODE as code5_70_23_, productvar25_.MERCHANT_ID as merchant8_70_23_, productvar25_.PRODUCT_OPTION_ID as product_9_70_23_, productvar25_.OPTION_VALUE_ID as option_10_70_23_, productvar25_.SORT_ORDER as sort_ord6_70_23_, productvar25_.VARIANT_DEFAULT as variant_7_70_23_, productopt26_.PRODUCT_OPTION_CODE as product_2_54_24_, productopt26_.MERCHANT_ID as merchant6_54_24_, productopt26_.PRODUCT_OPTION_SORT_ORD as product_3_54_24_, productopt26_.PRODUCT_OPTION_TYPE as product_4_54_24_, productopt26_.PRODUCT_OPTION_READ as product_5_54_24_, productopt27_.PRODUCT_OPTION_VAL_CODE as product_2_57_25_, productopt27_.MERCHANT_ID as merchant6_57_25_, productopt27_.PRODUCT_OPT_FOR_DISP as product_3_57_25_, productopt27_.PRODUCT_OPT_VAL_IMAGE as product_4_57_25_, productopt27_.PRODUCT_OPT_VAL_SORT_ORD as product_5_57_25_, descriptio28_.DATE_CREATED as date_cre2_55_26_, descriptio28_.DATE_MODIFIED as date_mod3_55_26_, descriptio28_.UPDT_ID as updt_id4_55_26_, descriptio28_.DESCRIPTION as descript5_55_26_, descriptio28_.LANGUAGE_ID as language9_55_26_, descriptio28_.NAME as name6_55_26_, descriptio28_.TITLE as title7_55_26_, descriptio28_.PRODUCT_OPTION_ID as product10_55_26_, descriptio28_.PRODUCT_OPTION_COMMENT as product_8_55_26_, descriptio28_.PRODUCT_OPTION_ID as product10_55_14__, descriptio28_.DESCRIPTION_ID as descript1_55_14__, descriptio29_.DATE_CREATED as date_cre2_58_27_, descriptio29_.DATE_MODIFIED as date_mod3_58_27_, descriptio29_.UPDT_ID as updt_id4_58_27_, descriptio29_.DESCRIPTION as descript5_58_27_, descriptio29_.LANGUAGE_ID as language8_58_27_, descriptio29_.NAME as name6_58_27_, descriptio29_.TITLE as title7_58_27_, descriptio29_.PRODUCT_OPTION_VALUE_ID as product_9_58_27_, descriptio29_.PRODUCT_OPTION_VALUE_ID as product_9_58_15__, descriptio29_.DESCRIPTION_ID as descript1_58_15__, availabili30_.DATE_CREATED as date_cre2_46_28_, availabili30_.DATE_MODIFIED as date_mod3_46_28_, availabili30_.UPDT_ID as updt_id4_46_28_, availabili30_.AVAILABLE as availabl5_46_28_, availabili30_.HEIGHT as height6_46_28_, availabili30_.LENGTH as length7_46_28_, availabili30_.WEIGHT as weight8_46_28_, availabili30_.WIDTH as width9_46_28_, availabili30_.MERCHANT_ID as merchan20_46_28_, availabili30_.OWNER as owner10_46_28_, availabili30_.PRODUCT_ID as product21_46_28_, availabili30_.DATE_AVAILABLE as date_av11_46_28_, availabili30_.FREE_SHIPPING as free_sh12_46_28_, availabili30_.QUANTITY as quantit13_46_28_, availabili30_.QUANTITY_ORD_MAX as quantit14_46_28_, availabili30_.QUANTITY_ORD_MIN as quantit15_46_28_, availabili30_.STATUS as status16_46_28_, availabili30_.PRODUCT_VARIANT as product22_46_28_, availabili30_.REGION as region17_46_28_, availabili30_.REGION_VARIANT as region_18_46_28_, availabili30_.SKU as sku19_46_28_, availabili30_.PRODUCT_VARIANT as product22_46_16__, availabili30_.PRODUCT_AVAIL_ID as product_1_46_16__, prices31_.PRODUCT_PRICE_CODE as product_2_59_29_, prices31_.DEFAULT_PRICE as default_3_59_29_, prices31_.PRODUCT_AVAIL_ID as product10_59_29_, prices31_.PRODUCT_IDENTIFIER_ID as product_4_59_29_, prices31_.PRODUCT_PRICE_AMOUNT as product_5_59_29_, prices31_.PRODUCT_PRICE_SPECIAL_AMOUNT as product_6_59_29_, prices31_.PRODUCT_PRICE_SPECIAL_END_DATE as product_7_59_29_, prices31_.PRODUCT_PRICE_SPECIAL_ST_DATE as product_8_59_29_, prices31_.PRODUCT_PRICE_TYPE as product_9_59_29_, prices31_.PRODUCT_AVAIL_ID as product10_59_17__, prices31_.PRODUCT_PRICE_ID as product_1_59_17__, descriptio32_.DATE_CREATED as date_cre2_60_30_, descriptio32_.DATE_MODIFIED as date_mod3_60_30_, descriptio32_.UPDT_ID as updt_id4_60_30_, descriptio32_.DESCRIPTION as descript5_60_30_, descriptio32_.LANGUAGE_ID as language9_60_30_, descriptio32_.NAME as name6_60_30_, descriptio32_.TITLE as title7_60_30_, descriptio32_.PRICE_APPENDER as price_ap8_60_30_, descriptio32_.PRODUCT_PRICE_ID as product10_60_30_, descriptio32_.PRODUCT_PRICE_ID as product10_60_18__, descriptio32_.DESCRIPTION_ID as descript1_60_18__, productvar33_.MERCHANT_ID as merchant2_69_31_, images34_.DEFAULT_IMAGE as default_2_66_32_, images34_.PRODUCT_IMAGE as product_3_66_32_, images34_.PRODUCT_VARIANT_GROUP_ID as product_4_66_32_, images34_.PRODUCT_VARIANT_GROUP_ID as product_4_66_19__, images34_.PRODUCT_VAR_IMAGE_ID as product_1_66_19__, descriptio35_.DATE_CREATED as date_cre2_67_33_, descriptio35_.DATE_MODIFIED as date_mod3_67_33_, descriptio35_.UPDT_ID as updt_id4_67_33_, descriptio35_.DESCRIPTION as descript5_67_33_, descriptio35_.LANGUAGE_ID as language9_67_33_, descriptio35_.NAME as name6_67_33_, descriptio35_.TITLE as title7_67_33_, descriptio35_.ALT_TAG as alt_tag8_67_33_, descriptio35_.PRODUCT_ID as product10_67_33_, descriptio35_.PRODUCT_VAR_IMAGE_ID as product11_67_33_, descriptio35_.PRODUCT_VAR_IMAGE_ID as product11_67_20__, descriptio35_.DESCRIPTION_ID as descript1_67_20__ from SALESMANAGER.PRODUCT product0_ inner join SALESMANAGER.PRODUCT_DESCRIPTION descriptio1_ on product0_.PRODUCT_ID=descriptio1_.PRODUCT_ID inner join SALESMANAGER.MERCHANT_STORE merchantst2_ on product0_.MERCHANT_ID=merchantst2_.MERCHANT_ID left outer join SALESMANAGER.PRODUCT_AVAILABILITY availabili3_ on product0_.PRODUCT_ID=availabili3_.PRODUCT_ID left outer join SALESMANAGER.PRODUCT_TYPE producttyp4_ on product0_.PRODUCT_TYPE_ID=producttyp4_.PRODUCT_TYPE_ID left outer join SALESMANAGER.PRODUCT_PRICE prices5_ on availabili3_.PRODUCT_AVAIL_ID=prices5_.PRODUCT_AVAIL_ID left outer join SALESMANAGER.PRODUCT_PRICE_DESCRIPTION descriptio6_ on prices5_.PRODUCT_PRICE_ID=descriptio6_.PRODUCT_PRICE_ID left outer join SALESMANAGER.PRODUCT_CATEGORY categories7_ on product0_.PRODUCT_ID=categories7_.PRODUCT_ID left outer join SALESMANAGER.CATEGORY category8_ on categories7_.CATEGORY_ID=category8_.CATEGORY_ID left outer join SALESMANAGER.CATEGORY_DESCRIPTION descriptio9_ on category8_.CATEGORY_ID=descriptio9_.CATEGORY_ID left outer join SALESMANAGER.PRODUCT_ATTRIBUTE attributes10_ on product0_.PRODUCT_ID=attributes10_.PRODUCT_ID left outer join SALESMANAGER.PRODUCT_OPTION productopt11_ on attributes10_.OPTION_ID=productopt11_.PRODUCT_OPTION_ID left outer join SALESMANAGER.PRODUCT_OPTION_DESC descriptio12_ on productopt11_.PRODUCT_OPTION_ID=descriptio12_.PRODUCT_OPTION_ID left outer join SALESMANAGER.PRODUCT_OPTION_VALUE productopt13_ on attributes10_.OPTION_VALUE_ID=productopt13_.PRODUCT_OPTION_VALUE_ID left outer join SALESMANAGER.PRODUCT_OPTION_VALUE_DESCRIPTION descriptio14_ on productopt13_.PRODUCT_OPTION_VALUE_ID=descriptio14_.PRODUCT_OPTION_VALUE_ID left outer join SALESMANAGER.PRODUCT_RELATIONSHIP relationsh15_ on product0_.PRODUCT_ID=relationsh15_.PRODUCT_ID left outer join SALESMANAGER.MANUFACTURER manufactur16_ on product0_.MANUFACTURER_ID=manufactur16_.MANUFACTURER_ID left outer join SALESMANAGER.MANUFACTURER_DESCRIPTION descriptio17_ on manufactur16_.MANUFACTURER_ID=descriptio17_.MANUFACTURER_ID left outer join SALESMANAGER.PRODUCT_VARIANT variants19_ on product0_.PRODUCT_ID=variants19_.PRODUCT_ID left outer join SALESMANAGER.PRODUCT_VARIATION productvar20_ on variants19_.PRODUCT_VARIATION_ID=productvar20_.PRODUCT_VARIATION_ID left outer join SALESMANAGER.PRODUCT_OPTION productopt21_ on productvar20_.PRODUCT_OPTION_ID=productopt21_.PRODUCT_OPTION_ID left outer join SALESMANAGER.PRODUCT_OPTION_VALUE productopt22_ on productvar20_.OPTION_VALUE_ID=productopt22_.PRODUCT_OPTION_VALUE_ID left outer join SALESMANAGER.PRODUCT_OPTION_DESC descriptio23_ on productopt21_.PRODUCT_OPTION_ID=descriptio23_.PRODUCT_OPTION_ID left outer join SALESMANAGER.PRODUCT_OPTION_VALUE_DESCRIPTION descriptio24_ on productopt22_.PRODUCT_OPTION_VALUE_ID=descriptio24_.PRODUCT_OPTION_VALUE_ID left outer join SALESMANAGER.PRODUCT_VARIATION productvar25_ on variants19_.PRODUCT_VARIATION_VALUE_ID=productvar25_.PRODUCT_VARIATION_ID left outer join SALESMANAGER.PRODUCT_OPTION productopt26_ on productvar25_.PRODUCT_OPTION_ID=productopt26_.PRODUCT_OPTION_ID left outer join SALESMANAGER.PRODUCT_OPTION_VALUE productopt27_ on productvar25_.OPTION_VALUE_ID=productopt27_.PRODUCT_OPTION_VALUE_ID left outer join SALESMANAGER.PRODUCT_OPTION_DESC descriptio28_ on productopt26_.PRODUCT_OPTION_ID=descriptio28_.PRODUCT_OPTION_ID left outer join SALESMANAGER.PRODUCT_OPTION_VALUE_DESCRIPTION descriptio29_ on productopt22_.PRODUCT_OPTION_VALUE_ID=descriptio29_.PRODUCT_OPTION_VALUE_ID left outer join SALESMANAGER.PRODUCT_AVAILABILITY availabili30_ on variants19_.PRODUCT_VARIANT_ID=availabili30_.PRODUCT_VARIANT left outer join SALESMANAGER.PRODUCT_PRICE prices31_ on availabili30_.PRODUCT_AVAIL_ID=prices31_.PRODUCT_AVAIL_ID left outer join SALESMANAGER.PRODUCT_PRICE_DESCRIPTION descriptio32_ on prices31_.PRODUCT_PRICE_ID=descriptio32_.PRODUCT_PRICE_ID left outer join SALESMANAGER.PRODUCT_VARIANT_GROUP productvar33_ on variants19_.PRODUCT_VARIANT_GROUP_ID=productvar33_.PRODUCT_VARIANT_GROUP_ID left outer join SALESMANAGER.PRODUCT_VAR_IMAGE images34_ on productvar33_.PRODUCT_VARIANT_GROUP_ID=images34_.PRODUCT_VARIANT_GROUP_ID left outer join SALESMANAGER.PRODUCT_VAR_IMAGE_DESCRIPTION descriptio35_ on images34_.PRODUCT_VAR_IMAGE_ID=descriptio35_.PRODUCT_VAR_IMAGE_ID where product0_.PRODUCT_ID=? and merchantst2_.MERCHANT_ID=?
2025-12-16 00:13:58.723 DEBUG 28064 --- [nio-8080-exec-6] org.hibernate.SQL                        : select merchantst0_.MERCHANT_ID as merchant1_29_0_, merchantst1_.MERCHANT_ID as merchant1_29_1_, country2_.COUNTRY_ID as country_1_6_2_, currency3_.CURRENCY_ID as currency1_8_3_, zone4_.ZONE_ID as zone_id1_86_4_, language5_.LANGUAGE_ID as language1_23_5_, language7_.LANGUAGE_ID as language1_23_6_, merchantst0_.DATE_CREATED as date_cre2_29_0_, merchantst0_.DATE_MODIFIED as date_mod3_29_0_, merchantst0_.UPDT_ID as updt_id4_29_0_, merchantst0_.STORE_CODE as store_co5_29_0_, merchantst0_.CONTINUESHOPPINGURL as continue6_29_0_, merchantst0_.COUNTRY_ID as country25_29_0_, merchantst0_.CURRENCY_ID as currenc26_29_0_, merchantst0_.CURRENCY_FORMAT_NATIONAL as currency7_29_0_, merchantst0_.LANGUAGE_ID as languag27_29_0_, merchantst0_.DOMAIN_NAME as domain_n8_29_0_, merchantst0_.IN_BUSINESS_SINCE as in_busin9_29_0_, merchantst0_.INVOICE_TEMPLATE as invoice10_29_0_, merchantst0_.LINEAGE as lineage11_29_0_, merchantst0_.PARENT_ID as parent_28_29_0_, merchantst0_.IS_RETAILER as is_reta12_29_0_, merchantst0_.SEIZEUNITCODE as seizeun13_29_0_, merchantst0_.STORE_EMAIL as store_e14_29_0_, merchantst0_.STORE_LOGO as store_l15_29_0_, merchantst0_.STORE_TEMPLATE as store_t16_29_0_, merchantst0_.STORE_ADDRESS as store_a17_29_0_, merchantst0_.STORE_CITY as store_c18_29_0_, merchantst0_.STORE_NAME as store_n19_29_0_, merchantst0_.STORE_PHONE as store_p20_29_0_, merchantst0_.STORE_POSTAL_CODE as store_p21_29_0_, merchantst0_.STORE_STATE_PROV as store_s22_29_0_, merchantst0_.USE_CACHE as use_cac23_29_0_, merchantst0_.WEIGHTUNITCODE as weightu24_29_0_, merchantst0_.ZONE_ID as zone_id29_29_0_, merchantst1_.DATE_CREATED as date_cre2_29_1_, merchantst1_.DATE_MODIFIED as date_mod3_29_1_, merchantst1_.UPDT_ID as updt_id4_29_1_, merchantst1_.STORE_CODE as store_co5_29_1_, merchantst1_.CONTINUESHOPPINGURL as continue6_29_1_, merchantst1_.COUNTRY_ID as country25_29_1_, merchantst1_.CURRENCY_ID as currenc26_29_1_, merchantst1_.CURRENCY_FORMAT_NATIONAL as currency7_29_1_, merchantst1_.LANGUAGE_ID as languag27_29_1_, merchantst1_.DOMAIN_NAME as domain_n8_29_1_, merchantst1_.IN_BUSINESS_SINCE as in_busin9_29_1_, merchantst1_.INVOICE_TEMPLATE as invoice10_29_1_, merchantst1_.LINEAGE as lineage11_29_1_, merchantst1_.PARENT_ID as parent_28_29_1_, merchantst1_.IS_RETAILER as is_reta12_29_1_, merchantst1_.SEIZEUNITCODE as seizeun13_29_1_, merchantst1_.STORE_EMAIL as store_e14_29_1_, merchantst1_.STORE_LOGO as store_l15_29_1_, merchantst1_.STORE_TEMPLATE as store_t16_29_1_, merchantst1_.STORE_ADDRESS as store_a17_29_1_, merchantst1_.STORE_CITY as store_c18_29_1_, merchantst1_.STORE_NAME as store_n19_29_1_, merchantst1_.STORE_PHONE as store_p20_29_1_, merchantst1_.STORE_POSTAL_CODE as store_p21_29_1_, merchantst1_.STORE_STATE_PROV as store_s22_29_1_, merchantst1_.USE_CACHE as use_cac23_29_1_, merchantst1_.WEIGHTUNITCODE as weightu24_29_1_, merchantst1_.ZONE_ID as zone_id29_29_1_, country2_.GEOZONE_ID as geozone_4_6_2_, country2_.COUNTRY_ISOCODE as country_2_6_2_, country2_.COUNTRY_SUPPORTED as country_3_6_2_, currency3_.CURRENCY_CODE as currency2_8_3_, currency3_.CURRENCY_CURRENCY_CODE as currency3_8_3_, currency3_.CURRENCY_NAME as currency4_8_3_, currency3_.CURRENCY_SUPPORTED as currency5_8_3_, zone4_.ZONE_CODE as zone_cod2_86_4_, zone4_.COUNTRY_ID as country_3_86_4_, language5_.DATE_CREATED as date_cre2_23_5_, language5_.DATE_MODIFIED as date_mod3_23_5_, language5_.UPDT_ID as updt_id4_23_5_, language5_.CODE as code5_23_5_, language5_.SORT_ORDER as sort_ord6_23_5_, language7_.DATE_CREATED as date_cre2_23_6_, language7_.DATE_MODIFIED as date_mod3_23_6_, language7_.UPDT_ID as updt_id4_23_6_, language7_.CODE as code5_23_6_, language7_.SORT_ORDER as sort_ord6_23_6_, languages6_.stores_MERCHANT_ID as stores_m1_27_0__, languages6_.languages_LANGUAGE_ID as language2_27_0__ from SALESMANAGER.MERCHANT_STORE merchantst0_ left outer join SALESMANAGER.MERCHANT_STORE merchantst1_ on merchantst0_.PARENT_ID=merchantst1_.MERCHANT_ID inner join SALESMANAGER.COUNTRY country2_ on merchantst0_.COUNTRY_ID=country2_.COUNTRY_ID left outer join SALESMANAGER.CURRENCY currency3_ on merchantst0_.CURRENCY_ID=currency3_.CURRENCY_ID left outer join SALESMANAGER.ZONE zone4_ on merchantst0_.ZONE_ID=zone4_.ZONE_ID left outer join SALESMANAGER.LANGUAGE language5_ on merchantst0_.LANGUAGE_ID=language5_.LANGUAGE_ID left outer join SALESMANAGER.MERCHANT_LANGUAGE languages6_ on merchantst0_.MERCHANT_ID=languages6_.stores_MERCHANT_ID left outer join SALESMANAGER.LANGUAGE language7_ on languages6_.languages_LANGUAGE_ID=language7_.LANGUAGE_ID where merchantst0_.STORE_CODE=?
2025-12-16 00:13:58.927 DEBUG 28064 --- [nio-8080-exec-7] org.hibernate.SQL                        : select merchantst0_.MERCHANT_ID as merchant1_29_0_, merchantst1_.MERCHANT_ID as merchant1_29_1_, country2_.COUNTRY_ID as country_1_6_2_, currency3_.CURRENCY_ID as currency1_8_3_, zone4_.ZONE_ID as zone_id1_86_4_, language5_.LANGUAGE_ID as language1_23_5_, language7_.LANGUAGE_ID as language1_23_6_, merchantst0_.DATE_CREATED as date_cre2_29_0_, merchantst0_.DATE_MODIFIED as date_mod3_29_0_, merchantst0_.UPDT_ID as updt_id4_29_0_, merchantst0_.STORE_CODE as store_co5_29_0_, merchantst0_.CONTINUESHOPPINGURL as continue6_29_0_, merchantst0_.COUNTRY_ID as country25_29_0_, merchantst0_.CURRENCY_ID as currenc26_29_0_, merchantst0_.CURRENCY_FORMAT_NATIONAL as currency7_29_0_, merchantst0_.LANGUAGE_ID as languag27_29_0_, merchantst0_.DOMAIN_NAME as domain_n8_29_0_, merchantst0_.IN_BUSINESS_SINCE as in_busin9_29_0_, merchantst0_.INVOICE_TEMPLATE as invoice10_29_0_, merchantst0_.LINEAGE as lineage11_29_0_, merchantst0_.PARENT_ID as parent_28_29_0_, merchantst0_.IS_RETAILER as is_reta12_29_0_, merchantst0_.SEIZEUNITCODE as seizeun13_29_0_, merchantst0_.STORE_EMAIL as store_e14_29_0_, merchantst0_.STORE_LOGO as store_l15_29_0_, merchantst0_.STORE_TEMPLATE as store_t16_29_0_, merchantst0_.STORE_ADDRESS as store_a17_29_0_, merchantst0_.STORE_CITY as store_c18_29_0_, merchantst0_.STORE_NAME as store_n19_29_0_, merchantst0_.STORE_PHONE as store_p20_29_0_, merchantst0_.STORE_POSTAL_CODE as store_p21_29_0_, merchantst0_.STORE_STATE_PROV as store_s22_29_0_, merchantst0_.USE_CACHE as use_cac23_29_0_, merchantst0_.WEIGHTUNITCODE as weightu24_29_0_, merchantst0_.ZONE_ID as zone_id29_29_0_, merchantst1_.DATE_CREATED as date_cre2_29_1_, merchantst1_.DATE_MODIFIED as date_mod3_29_1_, merchantst1_.UPDT_ID as updt_id4_29_1_, merchantst1_.STORE_CODE as store_co5_29_1_, merchantst1_.CONTINUESHOPPINGURL as continue6_29_1_, merchantst1_.COUNTRY_ID as country25_29_1_, merchantst1_.CURRENCY_ID as currenc26_29_1_, merchantst1_.CURRENCY_FORMAT_NATIONAL as currency7_29_1_, merchantst1_.LANGUAGE_ID as languag27_29_1_, merchantst1_.DOMAIN_NAME as domain_n8_29_1_, merchantst1_.IN_BUSINESS_SINCE as in_busin9_29_1_, merchantst1_.INVOICE_TEMPLATE as invoice10_29_1_, merchantst1_.LINEAGE as lineage11_29_1_, merchantst1_.PARENT_ID as parent_28_29_1_, merchantst1_.IS_RETAILER as is_reta12_29_1_, merchantst1_.SEIZEUNITCODE as seizeun13_29_1_, merchantst1_.STORE_EMAIL as store_e14_29_1_, merchantst1_.STORE_LOGO as store_l15_29_1_, merchantst1_.STORE_TEMPLATE as store_t16_29_1_, merchantst1_.STORE_ADDRESS as store_a17_29_1_, merchantst1_.STORE_CITY as store_c18_29_1_, merchantst1_.STORE_NAME as store_n19_29_1_, merchantst1_.STORE_PHONE as store_p20_29_1_, merchantst1_.STORE_POSTAL_CODE as store_p21_29_1_, merchantst1_.STORE_STATE_PROV as store_s22_29_1_, merchantst1_.USE_CACHE as use_cac23_29_1_, merchantst1_.WEIGHTUNITCODE as weightu24_29_1_, merchantst1_.ZONE_ID as zone_id29_29_1_, country2_.GEOZONE_ID as geozone_4_6_2_, country2_.COUNTRY_ISOCODE as country_2_6_2_, country2_.COUNTRY_SUPPORTED as country_3_6_2_, currency3_.CURRENCY_CODE as currency2_8_3_, currency3_.CURRENCY_CURRENCY_CODE as currency3_8_3_, currency3_.CURRENCY_NAME as currency4_8_3_, currency3_.CURRENCY_SUPPORTED as currency5_8_3_, zone4_.ZONE_CODE as zone_cod2_86_4_, zone4_.COUNTRY_ID as country_3_86_4_, language5_.DATE_CREATED as date_cre2_23_5_, language5_.DATE_MODIFIED as date_mod3_23_5_, language5_.UPDT_ID as updt_id4_23_5_, language5_.CODE as code5_23_5_, language5_.SORT_ORDER as sort_ord6_23_5_, language7_.DATE_CREATED as date_cre2_23_6_, language7_.DATE_MODIFIED as date_mod3_23_6_, language7_.UPDT_ID as updt_id4_23_6_, language7_.CODE as code5_23_6_, language7_.SORT_ORDER as sort_ord6_23_6_, languages6_.stores_MERCHANT_ID as stores_m1_27_0__, languages6_.languages_LANGUAGE_ID as language2_27_0__ from SALESMANAGER.MERCHANT_STORE merchantst0_ left outer join SALESMANAGER.MERCHANT_STORE merchantst1_ on merchantst0_.PARENT_ID=merchantst1_.MERCHANT_ID inner join SALESMANAGER.COUNTRY country2_ on merchantst0_.COUNTRY_ID=country2_.COUNTRY_ID left outer join SALESMANAGER.CURRENCY currency3_ on merchantst0_.CURRENCY_ID=currency3_.CURRENCY_ID left outer join SALESMANAGER.ZONE zone4_ on merchantst0_.ZONE_ID=zone4_.ZONE_ID left outer join SALESMANAGER.LANGUAGE language5_ on merchantst0_.LANGUAGE_ID=language5_.LANGUAGE_ID left outer join SALESMANAGER.MERCHANT_LANGUAGE languages6_ on merchantst0_.MERCHANT_ID=languages6_.stores_MERCHANT_ID left outer join SALESMANAGER.LANGUAGE language7_ on languages6_.languages_LANGUAGE_ID=language7_.LANGUAGE_ID where merchantst0_.STORE_CODE=?
2025-12-16 00:13:58.941 DEBUG 28064 --- [nio-8080-exec-6] c.s.s.a.c.MerchantStoreArgumentResolver  : is request authorized true for /api/v1/products and store DEFAULT
2025-12-16 00:13:58.954 DEBUG 28064 --- [nio-8080-exec-6] org.hibernate.SQL                        : select count(distinct product0_.PRODUCT_ID) as col_0_0_ from SALESMANAGER.PRODUCT product0_ inner join SALESMANAGER.PRODUCT_DESCRIPTION descriptio1_ on product0_.PRODUCT_ID=descriptio1_.PRODUCT_ID cross join SALESMANAGER.LANGUAGE language2_ where descriptio1_.LANGUAGE_ID=language2_.LANGUAGE_ID and product0_.MERCHANT_ID=? and language2_.CODE=? and product0_.AVAILABLE=true and product0_.DATE_AVAILABLE<=?
2025-12-16 00:13:59.105  WARN 28064 --- [nio-8080-exec-6] o.h.h.internal.ast.QueryTranslatorImpl   : HHH000104: firstResult/maxResults specified with collection fetch; applying in memory!
2025-12-16 00:13:59.105 DEBUG 28064 --- [nio-8080-exec-6] org.hibernate.SQL                        : select distinct product0_.PRODUCT_ID as product_1_44_0_, merchantst1_.MERCHANT_ID as merchant1_29_1_, availabili2_.PRODUCT_AVAIL_ID as product_1_46_2_, prices3_.PRODUCT_PRICE_ID as product_1_59_3_, descriptio4_.DESCRIPTION_ID as descript1_60_4_, descriptio5_.DESCRIPTION_ID as descript1_48_5_, category7_.CATEGORY_ID as category1_2_6_, descriptio8_.DESCRIPTION_ID as descript1_3_7_, images9_.PRODUCT_IMAGE_ID as product_1_50_8_, manufactur10_.MANUFACTURER_ID as manufact1_24_9_, descriptio11_.DESCRIPTION_ID as descript1_25_10_, producttyp12_.PRODUCT_TYPE_ID as product_1_64_11_, taxclass13_.TAX_CLASS_ID as tax_clas1_80_12_, attributes14_.PRODUCT_ATTRIBUTE_ID as product_1_45_13_, productopt15_.PRODUCT_OPTION_ID as product_1_54_14_, descriptio16_.DESCRIPTION_ID as descript1_55_15_, productopt17_.PRODUCT_OPTION_VALUE_ID as product_1_57_16_, descriptio18_.DESCRIPTION_ID as descript1_58_17_, variants19_.PRODUCT_VARIANT_ID as product_1_68_18_, productvar20_.PRODUCT_VARIATION_ID as product_1_70_19_, productopt21_.PRODUCT_OPTION_ID as product_1_54_20_, productopt22_.PRODUCT_OPTION_VALUE_ID as product_1_57_21_, descriptio23_.DESCRIPTION_ID as descript1_55_22_, descriptio24_.DESCRIPTION_ID as descript1_58_23_, productvar25_.PRODUCT_VARIATION_ID as product_1_70_24_, productopt26_.PRODUCT_OPTION_ID as product_1_54_25_, productopt27_.PRODUCT_OPTION_VALUE_ID as product_1_57_26_, descriptio28_.DESCRIPTION_ID as descript1_55_27_, descriptio29_.DESCRIPTION_ID as descript1_58_28_, availabili30_.PRODUCT_AVAIL_ID as product_1_46_29_, prices31_.PRODUCT_PRICE_ID as product_1_59_30_, descriptio32_.DESCRIPTION_ID as descript1_60_31_, productvar33_.PRODUCT_VARIANT_GROUP_ID as product_1_69_32_, images34_.PRODUCT_VAR_IMAGE_ID as product_1_66_33_, descriptio35_.DESCRIPTION_ID as descript1_67_34_, product0_.DATE_CREATED as date_cre2_44_0_, product0_.DATE_MODIFIED as date_mod3_44_0_, product0_.UPDT_ID as updt_id4_44_0_, product0_.AVAILABLE as availabl5_44_0_, product0_.COND as cond6_44_0_, product0_.DATE_AVAILABLE as date_ava7_44_0_, product0_.MANUFACTURER_ID as manufac25_44_0_, product0_.MERCHANT_ID as merchan26_44_0_, product0_.CUSTOMER_ID as custome27_44_0_, product0_.PREORDER as preorder8_44_0_, product0_.PRODUCT_HEIGHT as product_9_44_0_, product0_.PRODUCT_FREE as product10_44_0_, product0_.PRODUCT_LENGTH as product11_44_0_, product0_.QUANTITY_ORDERED as quantit12_44_0_, product0_.REVIEW_AVG as review_13_44_0_, product0_.REVIEW_COUNT as review_14_44_0_, product0_.PRODUCT_SHIP as product15_44_0_, product0_.PRODUCT_VIRTUAL as product16_44_0_, product0_.PRODUCT_WEIGHT as product17_44_0_, product0_.PRODUCT_WIDTH as product18_44_0_, product0_.REF_SKU as ref_sku19_44_0_, product0_.RENTAL_DURATION as rental_20_44_0_, product0_.RENTAL_PERIOD as rental_21_44_0_, product0_.RENTAL_STATUS as rental_22_44_0_, product0_.SKU as sku23_44_0_, product0_.SORT_ORDER as sort_or24_44_0_, product0_.TAX_CLASS_ID as tax_cla28_44_0_, product0_.PRODUCT_TYPE_ID as product29_44_0_, merchantst1_.DATE_CREATED as date_cre2_29_1_, merchantst1_.DATE_MODIFIED as date_mod3_29_1_, merchantst1_.UPDT_ID as updt_id4_29_1_, merchantst1_.STORE_CODE as store_co5_29_1_, merchantst1_.CONTINUESHOPPINGURL as continue6_29_1_, merchantst1_.COUNTRY_ID as country25_29_1_, merchantst1_.CURRENCY_ID as currenc26_29_1_, merchantst1_.CURRENCY_FORMAT_NATIONAL as currency7_29_1_, merchantst1_.LANGUAGE_ID as languag27_29_1_, merchantst1_.DOMAIN_NAME as domain_n8_29_1_, merchantst1_.IN_BUSINESS_SINCE as in_busin9_29_1_, merchantst1_.INVOICE_TEMPLATE as invoice10_29_1_, merchantst1_.LINEAGE as lineage11_29_1_, merchantst1_.PARENT_ID as parent_28_29_1_, merchantst1_.IS_RETAILER as is_reta12_29_1_, merchantst1_.SEIZEUNITCODE as seizeun13_29_1_, merchantst1_.STORE_EMAIL as store_e14_29_1_, merchantst1_.STORE_LOGO as store_l15_29_1_, merchantst1_.STORE_TEMPLATE as store_t16_29_1_, merchantst1_.STORE_ADDRESS as store_a17_29_1_, merchantst1_.STORE_CITY as store_c18_29_1_, merchantst1_.STORE_NAME as store_n19_29_1_, merchantst1_.STORE_PHONE as store_p20_29_1_, merchantst1_.STORE_POSTAL_CODE as store_p21_29_1_, merchantst1_.STORE_STATE_PROV as store_s22_29_1_, merchantst1_.USE_CACHE as use_cac23_29_1_, merchantst1_.WEIGHTUNITCODE as weightu24_29_1_, merchantst1_.ZONE_ID as zone_id29_29_1_, availabili2_.DATE_CREATED as date_cre2_46_2_, availabili2_.DATE_MODIFIED as date_mod3_46_2_, availabili2_.UPDT_ID as updt_id4_46_2_, availabili2_.AVAILABLE as availabl5_46_2_, availabili2_.HEIGHT as height6_46_2_, availabili2_.LENGTH as length7_46_2_, availabili2_.WEIGHT as weight8_46_2_, availabili2_.WIDTH as width9_46_2_, availabili2_.MERCHANT_ID as merchan20_46_2_, availabili2_.OWNER as owner10_46_2_, availabili2_.PRODUCT_ID as product21_46_2_, availabili2_.DATE_AVAILABLE as date_av11_46_2_, availabili2_.FREE_SHIPPING as free_sh12_46_2_, availabili2_.QUANTITY as quantit13_46_2_, availabili2_.QUANTITY_ORD_MAX as quantit14_46_2_, availabili2_.QUANTITY_ORD_MIN as quantit15_46_2_, availabili2_.STATUS as status16_46_2_, availabili2_.PRODUCT_VARIANT as product22_46_2_, availabili2_.REGION as region17_46_2_, availabili2_.REGION_VARIANT as region_18_46_2_, availabili2_.SKU as sku19_46_2_, availabili2_.PRODUCT_ID as product21_46_0__, availabili2_.PRODUCT_AVAIL_ID as product_1_46_0__, prices3_.PRODUCT_PRICE_CODE as product_2_59_3_, prices3_.DEFAULT_PRICE as default_3_59_3_, prices3_.PRODUCT_AVAIL_ID as product10_59_3_, prices3_.PRODUCT_IDENTIFIER_ID as product_4_59_3_, prices3_.PRODUCT_PRICE_AMOUNT as product_5_59_3_, prices3_.PRODUCT_PRICE_SPECIAL_AMOUNT as product_6_59_3_, prices3_.PRODUCT_PRICE_SPECIAL_END_DATE as product_7_59_3_, prices3_.PRODUCT_PRICE_SPECIAL_ST_DATE as product_8_59_3_, prices3_.PRODUCT_PRICE_TYPE as product_9_59_3_, prices3_.PRODUCT_AVAIL_ID as product10_59_1__, prices3_.PRODUCT_PRICE_ID as product_1_59_1__, descriptio4_.DATE_CREATED as date_cre2_60_4_, descriptio4_.DATE_MODIFIED as date_mod3_60_4_, descriptio4_.UPDT_ID as updt_id4_60_4_, descriptio4_.DESCRIPTION as descript5_60_4_, descriptio4_.LANGUAGE_ID as language9_60_4_, descriptio4_.NAME as name6_60_4_, descriptio4_.TITLE as title7_60_4_, descriptio4_.PRICE_APPENDER as price_ap8_60_4_, descriptio4_.PRODUCT_PRICE_ID as product10_60_4_, descriptio4_.PRODUCT_PRICE_ID as product10_60_2__, descriptio4_.DESCRIPTION_ID as descript1_60_2__, descriptio5_.DATE_CREATED as date_cre2_48_5_, descriptio5_.DATE_MODIFIED as date_mod3_48_5_, descriptio5_.UPDT_ID as updt_id4_48_5_, descriptio5_.DESCRIPTION as descript5_48_5_, descriptio5_.LANGUAGE_ID as languag14_48_5_, descriptio5_.NAME as name6_48_5_, descriptio5_.TITLE as title7_48_5_, descriptio5_.META_DESCRIPTION as meta_des8_48_5_, descriptio5_.META_KEYWORDS as meta_key9_48_5_, descriptio5_.META_TITLE as meta_ti10_48_5_, descriptio5_.PRODUCT_ID as product15_48_5_, descriptio5_.DOWNLOAD_LNK as downloa11_48_5_, descriptio5_.PRODUCT_HIGHLIGHT as product12_48_5_, descriptio5_.SEF_URL as sef_url13_48_5_, descriptio5_.PRODUCT_ID as product15_48_3__, descriptio5_.DESCRIPTION_ID as descript1_48_3__, category7_.DATE_CREATED as date_cre2_2_6_, category7_.DATE_MODIFIED as date_mod3_2_6_, category7_.UPDT_ID as updt_id4_2_6_, category7_.CATEGORY_IMAGE as category5_2_6_, category7_.CATEGORY_STATUS as category6_2_6_, category7_.CODE as code7_2_6_, category7_.DEPTH as depth8_2_6_, category7_.FEATURED as featured9_2_6_, category7_.LINEAGE as lineage10_2_6_, category7_.MERCHANT_ID as merchan13_2_6_, category7_.PARENT_ID as parent_14_2_6_, category7_.SORT_ORDER as sort_or11_2_6_, category7_.VISIBLE as visible12_2_6_, categories6_.PRODUCT_ID as product_1_47_4__, categories6_.CATEGORY_ID as category2_47_4__, descriptio8_.DATE_CREATED as date_cre2_3_7_, descriptio8_.DATE_MODIFIED as date_mod3_3_7_, descriptio8_.UPDT_ID as updt_id4_3_7_, descriptio8_.DESCRIPTION as descript5_3_7_, descriptio8_.LANGUAGE_ID as languag13_3_7_, descriptio8_.NAME as name6_3_7_, descriptio8_.TITLE as title7_3_7_, descriptio8_.CATEGORY_ID as categor14_3_7_, descriptio8_.CATEGORY_HIGHLIGHT as category8_3_7_, descriptio8_.META_DESCRIPTION as meta_des9_3_7_, descriptio8_.META_KEYWORDS as meta_ke10_3_7_, descriptio8_.META_TITLE as meta_ti11_3_7_, descriptio8_.SEF_URL as sef_url12_3_7_, descriptio8_.CATEGORY_ID as categor14_3_5__, descriptio8_.DESCRIPTION_ID as descript1_3_5__, images9_.DEFAULT_IMAGE as default_2_50_8_, images9_.IMAGE_CROP as image_cr3_50_8_, images9_.IMAGE_TYPE as image_ty4_50_8_, images9_.PRODUCT_ID as product_8_50_8_, images9_.PRODUCT_IMAGE as product_5_50_8_, images9_.PRODUCT_IMAGE_URL as product_6_50_8_, images9_.SORT_ORDER as sort_ord7_50_8_, images9_.PRODUCT_ID as product_8_50_6__, images9_.PRODUCT_IMAGE_ID as product_1_50_6__, manufactur10_.DATE_CREATED as date_cre2_24_9_, manufactur10_.DATE_MODIFIED as date_mod3_24_9_, manufactur10_.UPDT_ID as updt_id4_24_9_, manufactur10_.CODE as code5_24_9_, manufactur10_.MANUFACTURER_IMAGE as manufact6_24_9_, manufactur10_.MERCHANT_ID as merchant8_24_9_, manufactur10_.SORT_ORDER as sort_ord7_24_9_, descriptio11_.DATE_CREATED as date_cre2_25_10_, descriptio11_.DATE_MODIFIED as date_mod3_25_10_, descriptio11_.UPDT_ID as updt_id4_25_10_, descriptio11_.DESCRIPTION as descript5_25_10_, descriptio11_.LANGUAGE_ID as languag11_25_10_, descriptio11_.NAME as name6_25_10_, descriptio11_.TITLE as title7_25_10_, descriptio11_.DATE_LAST_CLICK as date_las8_25_10_, descriptio11_.MANUFACTURER_ID as manufac12_25_10_, descriptio11_.MANUFACTURERS_URL as manufact9_25_10_, descriptio11_.URL_CLICKED as url_cli10_25_10_, descriptio11_.MANUFACTURER_ID as manufac12_25_7__, descriptio11_.DESCRIPTION_ID as descript1_25_7__, producttyp12_.PRD_TYPE_ADD_TO_CART as prd_type2_64_11_, producttyp12_.DATE_CREATED as date_cre3_64_11_, producttyp12_.DATE_MODIFIED as date_mod4_64_11_, producttyp12_.UPDT_ID as updt_id5_64_11_, producttyp12_.PRD_TYPE_CODE as prd_type6_64_11_, producttyp12_.MERCHANT_ID as merchant8_64_11_, producttyp12_.PRD_TYPE_VISIBLE as prd_type7_64_11_, taxclass13_.TAX_CLASS_CODE as tax_clas2_80_12_, taxclass13_.MERCHANT_ID as merchant4_80_12_, taxclass13_.TAX_CLASS_TITLE as tax_clas3_80_12_, attributes14_.PRODUCT_ATTRIBUTE_DEFAULT as product_2_45_13_, attributes14_.PRODUCT_ATTRIBUTE_DISCOUNTED as product_3_45_13_, attributes14_.PRODUCT_ATTRIBUTE_FOR_DISP as product_4_45_13_, attributes14_.PRODUCT_ATTRIBUTE_REQUIRED as product_5_45_13_, attributes14_.PRODUCT_ID as product10_45_13_, attributes14_.PRODUCT_ATTRIBUTE_FREE as product_6_45_13_, attributes14_.PRODUCT_ATRIBUTE_PRICE as product_7_45_13_, attributes14_.PRODUCT_ATTRIBUTE_WEIGHT as product_8_45_13_, attributes14_.OPTION_ID as option_11_45_13_, attributes14_.PRODUCT_ATTRIBUTE_SORT_ORD as product_9_45_13_, attributes14_.OPTION_VALUE_ID as option_12_45_13_, attributes14_.PRODUCT_ID as product10_45_8__, attributes14_.PRODUCT_ATTRIBUTE_ID as product_1_45_8__, productopt15_.PRODUCT_OPTION_CODE as product_2_54_14_, productopt15_.MERCHANT_ID as merchant6_54_14_, productopt15_.PRODUCT_OPTION_SORT_ORD as product_3_54_14_, productopt15_.PRODUCT_OPTION_TYPE as product_4_54_14_, productopt15_.PRODUCT_OPTION_READ as product_5_54_14_, descriptio16_.DATE_CREATED as date_cre2_55_15_, descriptio16_.DATE_MODIFIED as date_mod3_55_15_, descriptio16_.UPDT_ID as updt_id4_55_15_, descriptio16_.DESCRIPTION as descript5_55_15_, descriptio16_.LANGUAGE_ID as language9_55_15_, descriptio16_.NAME as name6_55_15_, descriptio16_.TITLE as title7_55_15_, descriptio16_.PRODUCT_OPTION_ID as product10_55_15_, descriptio16_.PRODUCT_OPTION_COMMENT as product_8_55_15_, descriptio16_.PRODUCT_OPTION_ID as product10_55_9__, descriptio16_.DESCRIPTION_ID as descript1_55_9__, productopt17_.PRODUCT_OPTION_VAL_CODE as product_2_57_16_, productopt17_.MERCHANT_ID as merchant6_57_16_, productopt17_.PRODUCT_OPT_FOR_DISP as product_3_57_16_, productopt17_.PRODUCT_OPT_VAL_IMAGE as product_4_57_16_, productopt17_.PRODUCT_OPT_VAL_SORT_ORD as product_5_57_16_, descriptio18_.DATE_CREATED as date_cre2_58_17_, descriptio18_.DATE_MODIFIED as date_mod3_58_17_, descriptio18_.UPDT_ID as updt_id4_58_17_, descriptio18_.DESCRIPTION as descript5_58_17_, descriptio18_.LANGUAGE_ID as language8_58_17_, descriptio18_.NAME as name6_58_17_, descriptio18_.TITLE as title7_58_17_, descriptio18_.PRODUCT_OPTION_VALUE_ID as product_9_58_17_, descriptio18_.PRODUCT_OPTION_VALUE_ID as product_9_58_10__, descriptio18_.DESCRIPTION_ID as descript1_58_10__, variants19_.DATE_CREATED as date_cre2_68_18_, variants19_.DATE_MODIFIED as date_mod3_68_18_, variants19_.UPDT_ID as updt_id4_68_18_, variants19_.AVAILABLE as availabl5_68_18_, variants19_.CODE as code6_68_18_, variants19_.DATE_AVAILABLE as date_ava7_68_18_, variants19_.DEFAULT_SELECTION as default_8_68_18_, variants19_.PRODUCT_ID as product11_68_18_, variants19_.PRODUCT_VARIANT_GROUP_ID as product12_68_18_, variants19_.SKU as sku9_68_18_, variants19_.SORT_ORDER as sort_or10_68_18_, variants19_.PRODUCT_VARIATION_ID as product13_68_18_, variants19_.PRODUCT_VARIATION_VALUE_ID as product14_68_18_, variants19_.PRODUCT_ID as product11_68_11__, variants19_.PRODUCT_VARIANT_ID as product_1_68_11__, productvar20_.DATE_CREATED as date_cre2_70_19_, productvar20_.DATE_MODIFIED as date_mod3_70_19_, productvar20_.UPDT_ID as updt_id4_70_19_, productvar20_.CODE as code5_70_19_, productvar20_.MERCHANT_ID as merchant8_70_19_, productvar20_.PRODUCT_OPTION_ID as product_9_70_19_, productvar20_.OPTION_VALUE_ID as option_10_70_19_, productvar20_.SORT_ORDER as sort_ord6_70_19_, productvar20_.VARIANT_DEFAULT as variant_7_70_19_, productopt21_.PRODUCT_OPTION_CODE as product_2_54_20_, productopt21_.MERCHANT_ID as merchant6_54_20_, productopt21_.PRODUCT_OPTION_SORT_ORD as product_3_54_20_, productopt21_.PRODUCT_OPTION_TYPE as product_4_54_20_, productopt21_.PRODUCT_OPTION_READ as product_5_54_20_, productopt22_.PRODUCT_OPTION_VAL_CODE as product_2_57_21_, productopt22_.MERCHANT_ID as merchant6_57_21_, productopt22_.PRODUCT_OPT_FOR_DISP as product_3_57_21_, productopt22_.PRODUCT_OPT_VAL_IMAGE as product_4_57_21_, productopt22_.PRODUCT_OPT_VAL_SORT_ORD as product_5_57_21_, descriptio23_.DATE_CREATED as date_cre2_55_22_, descriptio23_.DATE_MODIFIED as date_mod3_55_22_, descriptio23_.UPDT_ID as updt_id4_55_22_, descriptio23_.DESCRIPTION as descript5_55_22_, descriptio23_.LANGUAGE_ID as language9_55_22_, descriptio23_.NAME as name6_55_22_, descriptio23_.TITLE as title7_55_22_, descriptio23_.PRODUCT_OPTION_ID as product10_55_22_, descriptio23_.PRODUCT_OPTION_COMMENT as product_8_55_22_, descriptio23_.PRODUCT_OPTION_ID as product10_55_12__, descriptio23_.DESCRIPTION_ID as descript1_55_12__, descriptio24_.DATE_CREATED as date_cre2_58_23_, descriptio24_.DATE_MODIFIED as date_mod3_58_23_, descriptio24_.UPDT_ID as updt_id4_58_23_, descriptio24_.DESCRIPTION as descript5_58_23_, descriptio24_.LANGUAGE_ID as language8_58_23_, descriptio24_.NAME as name6_58_23_, descriptio24_.TITLE as title7_58_23_, descriptio24_.PRODUCT_OPTION_VALUE_ID as product_9_58_23_, descriptio24_.PRODUCT_OPTION_VALUE_ID as product_9_58_13__, descriptio24_.DESCRIPTION_ID as descript1_58_13__, productvar25_.DATE_CREATED as date_cre2_70_24_, productvar25_.DATE_MODIFIED as date_mod3_70_24_, productvar25_.UPDT_ID as updt_id4_70_24_, productvar25_.CODE as code5_70_24_, productvar25_.MERCHANT_ID as merchant8_70_24_, productvar25_.PRODUCT_OPTION_ID as product_9_70_24_, productvar25_.OPTION_VALUE_ID as option_10_70_24_, productvar25_.SORT_ORDER as sort_ord6_70_24_, productvar25_.VARIANT_DEFAULT as variant_7_70_24_, productopt26_.PRODUCT_OPTION_CODE as product_2_54_25_, productopt26_.MERCHANT_ID as merchant6_54_25_, productopt26_.PRODUCT_OPTION_SORT_ORD as product_3_54_25_, productopt26_.PRODUCT_OPTION_TYPE as product_4_54_25_, productopt26_.PRODUCT_OPTION_READ as product_5_54_25_, productopt27_.PRODUCT_OPTION_VAL_CODE as product_2_57_26_, productopt27_.MERCHANT_ID as merchant6_57_26_, productopt27_.PRODUCT_OPT_FOR_DISP as product_3_57_26_, productopt27_.PRODUCT_OPT_VAL_IMAGE as product_4_57_26_, productopt27_.PRODUCT_OPT_VAL_SORT_ORD as product_5_57_26_, descriptio28_.DATE_CREATED as date_cre2_55_27_, descriptio28_.DATE_MODIFIED as date_mod3_55_27_, descriptio28_.UPDT_ID as updt_id4_55_27_, descriptio28_.DESCRIPTION as descript5_55_27_, descriptio28_.LANGUAGE_ID as language9_55_27_, descriptio28_.NAME as name6_55_27_, descriptio28_.TITLE as title7_55_27_, descriptio28_.PRODUCT_OPTION_ID as product10_55_27_, descriptio28_.PRODUCT_OPTION_COMMENT as product_8_55_27_, descriptio28_.PRODUCT_OPTION_ID as product10_55_14__, descriptio28_.DESCRIPTION_ID as descript1_55_14__, descriptio29_.DATE_CREATED as date_cre2_58_28_, descriptio29_.DATE_MODIFIED as date_mod3_58_28_, descriptio29_.UPDT_ID as updt_id4_58_28_, descriptio29_.DESCRIPTION as descript5_58_28_, descriptio29_.LANGUAGE_ID as language8_58_28_, descriptio29_.NAME as name6_58_28_, descriptio29_.TITLE as title7_58_28_, descriptio29_.PRODUCT_OPTION_VALUE_ID as product_9_58_28_, descriptio29_.PRODUCT_OPTION_VALUE_ID as product_9_58_15__, descriptio29_.DESCRIPTION_ID as descript1_58_15__, availabili30_.DATE_CREATED as date_cre2_46_29_, availabili30_.DATE_MODIFIED as date_mod3_46_29_, availabili30_.UPDT_ID as updt_id4_46_29_, availabili30_.AVAILABLE as availabl5_46_29_, availabili30_.HEIGHT as height6_46_29_, availabili30_.LENGTH as length7_46_29_, availabili30_.WEIGHT as weight8_46_29_, availabili30_.WIDTH as width9_46_29_, availabili30_.MERCHANT_ID as merchan20_46_29_, availabili30_.OWNER as owner10_46_29_, availabili30_.PRODUCT_ID as product21_46_29_, availabili30_.DATE_AVAILABLE as date_av11_46_29_, availabili30_.FREE_SHIPPING as free_sh12_46_29_, availabili30_.QUANTITY as quantit13_46_29_, availabili30_.QUANTITY_ORD_MAX as quantit14_46_29_, availabili30_.QUANTITY_ORD_MIN as quantit15_46_29_, availabili30_.STATUS as status16_46_29_, availabili30_.PRODUCT_VARIANT as product22_46_29_, availabili30_.REGION as region17_46_29_, availabili30_.REGION_VARIANT as region_18_46_29_, availabili30_.SKU as sku19_46_29_, availabili30_.PRODUCT_VARIANT as product22_46_16__, availabili30_.PRODUCT_AVAIL_ID as product_1_46_16__, prices31_.PRODUCT_PRICE_CODE as product_2_59_30_, prices31_.DEFAULT_PRICE as default_3_59_30_, prices31_.PRODUCT_AVAIL_ID as product10_59_30_, prices31_.PRODUCT_IDENTIFIER_ID as product_4_59_30_, prices31_.PRODUCT_PRICE_AMOUNT as product_5_59_30_, prices31_.PRODUCT_PRICE_SPECIAL_AMOUNT as product_6_59_30_, prices31_.PRODUCT_PRICE_SPECIAL_END_DATE as product_7_59_30_, prices31_.PRODUCT_PRICE_SPECIAL_ST_DATE as product_8_59_30_, prices31_.PRODUCT_PRICE_TYPE as product_9_59_30_, prices31_.PRODUCT_AVAIL_ID as product10_59_17__, prices31_.PRODUCT_PRICE_ID as product_1_59_17__, descriptio32_.DATE_CREATED as date_cre2_60_31_, descriptio32_.DATE_MODIFIED as date_mod3_60_31_, descriptio32_.UPDT_ID as updt_id4_60_31_, descriptio32_.DESCRIPTION as descript5_60_31_, descriptio32_.LANGUAGE_ID as language9_60_31_, descriptio32_.NAME as name6_60_31_, descriptio32_.TITLE as title7_60_31_, descriptio32_.PRICE_APPENDER as price_ap8_60_31_, descriptio32_.PRODUCT_PRICE_ID as product10_60_31_, descriptio32_.PRODUCT_PRICE_ID as product10_60_18__, descriptio32_.DESCRIPTION_ID as descript1_60_18__, productvar33_.MERCHANT_ID as merchant2_69_32_, images34_.DEFAULT_IMAGE as default_2_66_33_, images34_.PRODUCT_IMAGE as product_3_66_33_, images34_.PRODUCT_VARIANT_GROUP_ID as product_4_66_33_, images34_.PRODUCT_VARIANT_GROUP_ID as product_4_66_19__, images34_.PRODUCT_VAR_IMAGE_ID as product_1_66_19__, descriptio35_.DATE_CREATED as date_cre2_67_34_, descriptio35_.DATE_MODIFIED as date_mod3_67_34_, descriptio35_.UPDT_ID as updt_id4_67_34_, descriptio35_.DESCRIPTION as descript5_67_34_, descriptio35_.LANGUAGE_ID as language9_67_34_, descriptio35_.NAME as name6_67_34_, descriptio35_.TITLE as title7_67_34_, descriptio35_.ALT_TAG as alt_tag8_67_34_, descriptio35_.PRODUCT_ID as product10_67_34_, descriptio35_.PRODUCT_VAR_IMAGE_ID as product11_67_34_, descriptio35_.PRODUCT_VAR_IMAGE_ID as product11_67_20__, descriptio35_.DESCRIPTION_ID as descript1_67_20__ from SALESMANAGER.PRODUCT product0_ inner join SALESMANAGER.MERCHANT_STORE merchantst1_ on product0_.MERCHANT_ID=merchantst1_.MERCHANT_ID inner join SALESMANAGER.PRODUCT_AVAILABILITY availabili2_ on product0_.PRODUCT_ID=availabili2_.PRODUCT_ID left outer join SALESMANAGER.PRODUCT_PRICE prices3_ on availabili2_.PRODUCT_AVAIL_ID=prices3_.PRODUCT_AVAIL_ID left outer join SALESMANAGER.PRODUCT_PRICE_DESCRIPTION descriptio4_ on prices3_.PRODUCT_PRICE_ID=descriptio4_.PRODUCT_PRICE_ID left outer join SALESMANAGER.PRODUCT_DESCRIPTION descriptio5_ on product0_.PRODUCT_ID=descriptio5_.PRODUCT_ID left outer join SALESMANAGER.PRODUCT_CATEGORY categories6_ on product0_.PRODUCT_ID=categories6_.PRODUCT_ID left outer join SALESMANAGER.CATEGORY category7_ on categories6_.CATEGORY_ID=category7_.CATEGORY_ID left outer join SALESMANAGER.CATEGORY_DESCRIPTION descriptio8_ on category7_.CATEGORY_ID=descriptio8_.CATEGORY_ID left outer join SALESMANAGER.PRODUCT_IMAGE images9_ on product0_.PRODUCT_ID=images9_.PRODUCT_ID left outer join SALESMANAGER.MANUFACTURER manufactur10_ on product0_.MANUFACTURER_ID=manufactur10_.MANUFACTURER_ID left outer join SALESMANAGER.MANUFACTURER_DESCRIPTION descriptio11_ on manufactur10_.MANUFACTURER_ID=descriptio11_.MANUFACTURER_ID left outer join SALESMANAGER.PRODUCT_TYPE producttyp12_ on product0_.PRODUCT_TYPE_ID=producttyp12_.PRODUCT_TYPE_ID left outer join SALESMANAGER.TAX_CLASS taxclass13_ on product0_.TAX_CLASS_ID=taxclass13_.TAX_CLASS_ID left outer join SALESMANAGER.PRODUCT_ATTRIBUTE attributes14_ on product0_.PRODUCT_ID=attributes14_.PRODUCT_ID left outer join SALESMANAGER.PRODUCT_OPTION productopt15_ on attributes14_.OPTION_ID=productopt15_.PRODUCT_OPTION_ID left outer join SALESMANAGER.PRODUCT_OPTION_DESC descriptio16_ on productopt15_.PRODUCT_OPTION_ID=descriptio16_.PRODUCT_OPTION_ID left outer join SALESMANAGER.PRODUCT_OPTION_VALUE productopt17_ on attributes14_.OPTION_VALUE_ID=productopt17_.PRODUCT_OPTION_VALUE_ID left outer join SALESMANAGER.PRODUCT_OPTION_VALUE_DESCRIPTION descriptio18_ on productopt17_.PRODUCT_OPTION_VALUE_ID=descriptio18_.PRODUCT_OPTION_VALUE_ID left outer join SALESMANAGER.PRODUCT_VARIANT variants19_ on product0_.PRODUCT_ID=variants19_.PRODUCT_ID left outer join SALESMANAGER.PRODUCT_VARIATION productvar20_ on variants19_.PRODUCT_VARIATION_ID=productvar20_.PRODUCT_VARIATION_ID left outer join SALESMANAGER.PRODUCT_OPTION productopt21_ on productvar20_.PRODUCT_OPTION_ID=productopt21_.PRODUCT_OPTION_ID left outer join SALESMANAGER.PRODUCT_OPTION_VALUE productopt22_ on productvar20_.OPTION_VALUE_ID=productopt22_.PRODUCT_OPTION_VALUE_ID left outer join SALESMANAGER.PRODUCT_OPTION_DESC descriptio23_ on productopt21_.PRODUCT_OPTION_ID=descriptio23_.PRODUCT_OPTION_ID left outer join SALESMANAGER.PRODUCT_OPTION_VALUE_DESCRIPTION descriptio24_ on productopt22_.PRODUCT_OPTION_VALUE_ID=descriptio24_.PRODUCT_OPTION_VALUE_ID left outer join SALESMANAGER.PRODUCT_VARIATION productvar25_ on variants19_.PRODUCT_VARIATION_VALUE_ID=productvar25_.PRODUCT_VARIATION_ID left outer join SALESMANAGER.PRODUCT_OPTION productopt26_ on productvar25_.PRODUCT_OPTION_ID=productopt26_.PRODUCT_OPTION_ID left outer join SALESMANAGER.PRODUCT_OPTION_VALUE productopt27_ on productvar25_.OPTION_VALUE_ID=productopt27_.PRODUCT_OPTION_VALUE_ID left outer join SALESMANAGER.PRODUCT_OPTION_DESC descriptio28_ on productopt26_.PRODUCT_OPTION_ID=descriptio28_.PRODUCT_OPTION_ID left outer join SALESMANAGER.PRODUCT_OPTION_VALUE_DESCRIPTION descriptio29_ on productopt22_.PRODUCT_OPTION_VALUE_ID=descriptio29_.PRODUCT_OPTION_VALUE_ID left outer join SALESMANAGER.PRODUCT_AVAILABILITY availabili30_ on variants19_.PRODUCT_VARIANT_ID=availabili30_.PRODUCT_VARIANT left outer join SALESMANAGER.PRODUCT_PRICE prices31_ on availabili30_.PRODUCT_AVAIL_ID=prices31_.PRODUCT_AVAIL_ID left outer join SALESMANAGER.PRODUCT_PRICE_DESCRIPTION descriptio32_ on prices31_.PRODUCT_PRICE_ID=descriptio32_.PRODUCT_PRICE_ID left outer join SALESMANAGER.PRODUCT_VARIANT_GROUP productvar33_ on variants19_.PRODUCT_VARIANT_GROUP_ID=productvar33_.PRODUCT_VARIANT_GROUP_ID left outer join SALESMANAGER.PRODUCT_VAR_IMAGE images34_ on productvar33_.PRODUCT_VARIANT_GROUP_ID=images34_.PRODUCT_VARIANT_GROUP_ID left outer join SALESMANAGER.PRODUCT_VAR_IMAGE_DESCRIPTION descriptio35_ on images34_.PRODUCT_VAR_IMAGE_ID=descriptio35_.PRODUCT_VAR_IMAGE_ID cross join SALESMANAGER.LANGUAGE language36_ where descriptio5_.LANGUAGE_ID=language36_.LANGUAGE_ID and merchantst1_.MERCHANT_ID=? and language36_.CODE=? and product0_.AVAILABLE=true and product0_.DATE_AVAILABLE<=? order by product0_.SORT_ORDER asc
2025-12-16 00:13:59.141 DEBUG 28064 --- [nio-8080-exec-7] c.s.s.a.c.MerchantStoreArgumentResolver  : is request authorized true for /api/v1/cart/95d7e431d91e4e0b8268580a953eab63 and store DEFAULT
2025-12-16 00:13:59.143 DEBUG 28064 --- [nio-8080-exec-7] org.hibernate.SQL                        : select shoppingca0_.SHP_CART_ID as shp_cart1_73_0_, lineitems1_.SHP_CART_ITEM_ID as shp_cart1_75_1_, attributes2_.SHP_CART_ATTR_ITEM_ID as shp_cart1_74_2_, merchantst3_.MERCHANT_ID as merchant1_29_3_, shoppingca0_.DATE_CREATED as date_cre2_73_0_, shoppingca0_.DATE_MODIFIED as date_mod3_73_0_, shoppingca0_.UPDT_ID as updt_id4_73_0_, shoppingca0_.CUSTOMER_ID as customer5_73_0_, shoppingca0_.IP_ADDRESS as ip_addre6_73_0_, shoppingca0_.MERCHANT_ID as merchan11_73_0_, shoppingca0_.ORDER_ID as order_id7_73_0_, shoppingca0_.PROMO_ADDED as promo_ad8_73_0_, shoppingca0_.PROMO_CODE as promo_co9_73_0_, shoppingca0_.SHP_CART_CODE as shp_car10_73_0_, lineitems1_.DATE_CREATED as date_cre2_75_1_, lineitems1_.DATE_MODIFIED as date_mod3_75_1_, lineitems1_.UPDT_ID as updt_id4_75_1_, lineitems1_.PRODUCT_ID as product_5_75_1_, lineitems1_.QUANTITY as quantity6_75_1_, lineitems1_.SHP_CART_ID as shp_cart9_75_1_, lineitems1_.SKU as sku7_75_1_, lineitems1_.PRODUCT_VARIANT as product_8_75_1_, lineitems1_.SHP_CART_ID as shp_cart9_75_0__, lineitems1_.SHP_CART_ITEM_ID as shp_cart1_75_0__, attributes2_.DATE_CREATED as date_cre2_74_2_, attributes2_.DATE_MODIFIED as date_mod3_74_2_, attributes2_.UPDT_ID as updt_id4_74_2_, attributes2_.PRODUCT_ATTR_ID as product_5_74_2_, attributes2_.SHP_CART_ITEM_ID as shp_cart6_74_2_, attributes2_.SHP_CART_ITEM_ID as shp_cart6_74_1__, attributes2_.SHP_CART_ATTR_ITEM_ID as shp_cart1_74_1__, merchantst3_.DATE_CREATED as date_cre2_29_3_, merchantst3_.DATE_MODIFIED as date_mod3_29_3_, merchantst3_.UPDT_ID as updt_id4_29_3_, merchantst3_.STORE_CODE as store_co5_29_3_, merchantst3_.CONTINUESHOPPINGURL as continue6_29_3_, merchantst3_.COUNTRY_ID as country25_29_3_, merchantst3_.CURRENCY_ID as currenc26_29_3_, merchantst3_.CURRENCY_FORMAT_NATIONAL as currency7_29_3_, merchantst3_.LANGUAGE_ID as languag27_29_3_, merchantst3_.DOMAIN_NAME as domain_n8_29_3_, merchantst3_.IN_BUSINESS_SINCE as in_busin9_29_3_, merchantst3_.INVOICE_TEMPLATE as invoice10_29_3_, merchantst3_.LINEAGE as lineage11_29_3_, merchantst3_.PARENT_ID as parent_28_29_3_, merchantst3_.IS_RETAILER as is_reta12_29_3_, merchantst3_.SEIZEUNITCODE as seizeun13_29_3_, merchantst3_.STORE_EMAIL as store_e14_29_3_, merchantst3_.STORE_LOGO as store_l15_29_3_, merchantst3_.STORE_TEMPLATE as store_t16_29_3_, merchantst3_.STORE_ADDRESS as store_a17_29_3_, merchantst3_.STORE_CITY as store_c18_29_3_, merchantst3_.STORE_NAME as store_n19_29_3_, merchantst3_.STORE_PHONE as store_p20_29_3_, merchantst3_.STORE_POSTAL_CODE as store_p21_29_3_, merchantst3_.STORE_STATE_PROV as store_s22_29_3_, merchantst3_.USE_CACHE as use_cac23_29_3_, merchantst3_.WEIGHTUNITCODE as weightu24_29_3_, merchantst3_.ZONE_ID as zone_id29_29_3_ from SALESMANAGER.SHOPPING_CART shoppingca0_ left outer join SALESMANAGER.SHOPPING_CART_ITEM lineitems1_ on shoppingca0_.SHP_CART_ID=lineitems1_.SHP_CART_ID left outer join SALESMANAGER.SHOPPING_CART_ATTR_ITEM attributes2_ on lineitems1_.SHP_CART_ITEM_ID=attributes2_.SHP_CART_ITEM_ID inner join SALESMANAGER.MERCHANT_STORE merchantst3_ on shoppingca0_.MERCHANT_ID=merchantst3_.MERCHANT_ID where merchantst3_.MERCHANT_ID=? and shoppingca0_.SHP_CART_CODE=?
2025-12-16 00:13:59.249 DEBUG 28064 --- [nio-8080-exec-7] c.s.c.b.s.s.ShoppingCartServiceImpl      : Populate item 200
2025-12-16 00:13:59.252 DEBUG 28064 --- [nio-8080-exec-7] org.hibernate.SQL                        : select p.PRODUCT_ID from SALESMANAGER.PRODUCT p join SALESMANAGER.MERCHANT_STORE m ON p.MERCHANT_ID = m.MERCHANT_ID left join SALESMANAGER.PRODUCT_VARIANT i ON i.PRODUCT_ID = p.PRODUCT_ID where p.SKU=? or i.SKU=? and m.MERCHANT_ID=?
2025-12-16 00:13:59.359 DEBUG 28064 --- [nio-8080-exec-7] org.hibernate.SQL                        : select distinct product0_.PRODUCT_ID as product_1_44_0_, descriptio1_.DESCRIPTION_ID as descript1_48_1_, merchantst2_.MERCHANT_ID as merchant1_29_2_, availabili3_.PRODUCT_AVAIL_ID as product_1_46_3_, producttyp4_.PRODUCT_TYPE_ID as product_1_64_4_, prices5_.PRODUCT_PRICE_ID as product_1_59_5_, descriptio6_.DESCRIPTION_ID as descript1_60_6_, category8_.CATEGORY_ID as category1_2_7_, descriptio9_.DESCRIPTION_ID as descript1_3_8_, attributes10_.PRODUCT_ATTRIBUTE_ID as product_1_45_9_, productopt11_.PRODUCT_OPTION_ID as product_1_54_10_, descriptio12_.DESCRIPTION_ID as descript1_55_11_, productopt13_.PRODUCT_OPTION_VALUE_ID as product_1_57_12_, descriptio14_.DESCRIPTION_ID as descript1_58_13_, relationsh15_.PRODUCT_RELATIONSHIP_ID as product_1_61_14_, manufactur16_.MANUFACTURER_ID as manufact1_24_15_, descriptio17_.DESCRIPTION_ID as descript1_25_16_, variants19_.PRODUCT_VARIANT_ID as product_1_68_17_, productvar20_.PRODUCT_VARIATION_ID as product_1_70_18_, productopt21_.PRODUCT_OPTION_ID as product_1_54_19_, productopt22_.PRODUCT_OPTION_VALUE_ID as product_1_57_20_, descriptio23_.DESCRIPTION_ID as descript1_55_21_, descriptio24_.DESCRIPTION_ID as descript1_58_22_, productvar25_.PRODUCT_VARIATION_ID as product_1_70_23_, productopt26_.PRODUCT_OPTION_ID as product_1_54_24_, productopt27_.PRODUCT_OPTION_VALUE_ID as product_1_57_25_, descriptio28_.DESCRIPTION_ID as descript1_55_26_, descriptio29_.DESCRIPTION_ID as descript1_58_27_, availabili30_.PRODUCT_AVAIL_ID as product_1_46_28_, prices31_.PRODUCT_PRICE_ID as product_1_59_29_, descriptio32_.DESCRIPTION_ID as descript1_60_30_, productvar33_.PRODUCT_VARIANT_GROUP_ID as product_1_69_31_, images34_.PRODUCT_VAR_IMAGE_ID as product_1_66_32_, descriptio35_.DESCRIPTION_ID as descript1_67_33_, product0_.DATE_CREATED as date_cre2_44_0_, product0_.DATE_MODIFIED as date_mod3_44_0_, product0_.UPDT_ID as updt_id4_44_0_, product0_.AVAILABLE as availabl5_44_0_, product0_.COND as cond6_44_0_, product0_.DATE_AVAILABLE as date_ava7_44_0_, product0_.MANUFACTURER_ID as manufac25_44_0_, product0_.MERCHANT_ID as merchan26_44_0_, product0_.CUSTOMER_ID as custome27_44_0_, product0_.PREORDER as preorder8_44_0_, product0_.PRODUCT_HEIGHT as product_9_44_0_, product0_.PRODUCT_FREE as product10_44_0_, product0_.PRODUCT_LENGTH as product11_44_0_, product0_.QUANTITY_ORDERED as quantit12_44_0_, product0_.REVIEW_AVG as review_13_44_0_, product0_.REVIEW_COUNT as review_14_44_0_, product0_.PRODUCT_SHIP as product15_44_0_, product0_.PRODUCT_VIRTUAL as product16_44_0_, product0_.PRODUCT_WEIGHT as product17_44_0_, product0_.PRODUCT_WIDTH as product18_44_0_, product0_.REF_SKU as ref_sku19_44_0_, product0_.RENTAL_DURATION as rental_20_44_0_, product0_.RENTAL_PERIOD as rental_21_44_0_, product0_.RENTAL_STATUS as rental_22_44_0_, product0_.SKU as sku23_44_0_, product0_.SORT_ORDER as sort_or24_44_0_, product0_.TAX_CLASS_ID as tax_cla28_44_0_, product0_.PRODUCT_TYPE_ID as product29_44_0_, descriptio1_.DATE_CREATED as date_cre2_48_1_, descriptio1_.DATE_MODIFIED as date_mod3_48_1_, descriptio1_.UPDT_ID as updt_id4_48_1_, descriptio1_.DESCRIPTION as descript5_48_1_, descriptio1_.LANGUAGE_ID as languag14_48_1_, descriptio1_.NAME as name6_48_1_, descriptio1_.TITLE as title7_48_1_, descriptio1_.META_DESCRIPTION as meta_des8_48_1_, descriptio1_.META_KEYWORDS as meta_key9_48_1_, descriptio1_.META_TITLE as meta_ti10_48_1_, descriptio1_.PRODUCT_ID as product15_48_1_, descriptio1_.DOWNLOAD_LNK as downloa11_48_1_, descriptio1_.PRODUCT_HIGHLIGHT as product12_48_1_, descriptio1_.SEF_URL as sef_url13_48_1_, descriptio1_.PRODUCT_ID as product15_48_0__, descriptio1_.DESCRIPTION_ID as descript1_48_0__, merchantst2_.DATE_CREATED as date_cre2_29_2_, merchantst2_.DATE_MODIFIED as date_mod3_29_2_, merchantst2_.UPDT_ID as updt_id4_29_2_, merchantst2_.STORE_CODE as store_co5_29_2_, merchantst2_.CONTINUESHOPPINGURL as continue6_29_2_, merchantst2_.COUNTRY_ID as country25_29_2_, merchantst2_.CURRENCY_ID as currenc26_29_2_, merchantst2_.CURRENCY_FORMAT_NATIONAL as currency7_29_2_, merchantst2_.LANGUAGE_ID as languag27_29_2_, merchantst2_.DOMAIN_NAME as domain_n8_29_2_, merchantst2_.IN_BUSINESS_SINCE as in_busin9_29_2_, merchantst2_.INVOICE_TEMPLATE as invoice10_29_2_, merchantst2_.LINEAGE as lineage11_29_2_, merchantst2_.PARENT_ID as parent_28_29_2_, merchantst2_.IS_RETAILER as is_reta12_29_2_, merchantst2_.SEIZEUNITCODE as seizeun13_29_2_, merchantst2_.STORE_EMAIL as store_e14_29_2_, merchantst2_.STORE_LOGO as store_l15_29_2_, merchantst2_.STORE_TEMPLATE as store_t16_29_2_, merchantst2_.STORE_ADDRESS as store_a17_29_2_, merchantst2_.STORE_CITY as store_c18_29_2_, merchantst2_.STORE_NAME as store_n19_29_2_, merchantst2_.STORE_PHONE as store_p20_29_2_, merchantst2_.STORE_POSTAL_CODE as store_p21_29_2_, merchantst2_.STORE_STATE_PROV as store_s22_29_2_, merchantst2_.USE_CACHE as use_cac23_29_2_, merchantst2_.WEIGHTUNITCODE as weightu24_29_2_, merchantst2_.ZONE_ID as zone_id29_29_2_, availabili3_.DATE_CREATED as date_cre2_46_3_, availabili3_.DATE_MODIFIED as date_mod3_46_3_, availabili3_.UPDT_ID as updt_id4_46_3_, availabili3_.AVAILABLE as availabl5_46_3_, availabili3_.HEIGHT as height6_46_3_, availabili3_.LENGTH as length7_46_3_, availabili3_.WEIGHT as weight8_46_3_, availabili3_.WIDTH as width9_46_3_, availabili3_.MERCHANT_ID as merchan20_46_3_, availabili3_.OWNER as owner10_46_3_, availabili3_.PRODUCT_ID as product21_46_3_, availabili3_.DATE_AVAILABLE as date_av11_46_3_, availabili3_.FREE_SHIPPING as free_sh12_46_3_, availabili3_.QUANTITY as quantit13_46_3_, availabili3_.QUANTITY_ORD_MAX as quantit14_46_3_, availabili3_.QUANTITY_ORD_MIN as quantit15_46_3_, availabili3_.STATUS as status16_46_3_, availabili3_.PRODUCT_VARIANT as product22_46_3_, availabili3_.REGION as region17_46_3_, availabili3_.REGION_VARIANT as region_18_46_3_, availabili3_.SKU as sku19_46_3_, availabili3_.PRODUCT_ID as product21_46_1__, availabili3_.PRODUCT_AVAIL_ID as product_1_46_1__, producttyp4_.PRD_TYPE_ADD_TO_CART as prd_type2_64_4_, producttyp4_.DATE_CREATED as date_cre3_64_4_, producttyp4_.DATE_MODIFIED as date_mod4_64_4_, producttyp4_.UPDT_ID as updt_id5_64_4_, producttyp4_.PRD_TYPE_CODE as prd_type6_64_4_, producttyp4_.MERCHANT_ID as merchant8_64_4_, producttyp4_.PRD_TYPE_VISIBLE as prd_type7_64_4_, prices5_.PRODUCT_PRICE_CODE as product_2_59_5_, prices5_.DEFAULT_PRICE as default_3_59_5_, prices5_.PRODUCT_AVAIL_ID as product10_59_5_, prices5_.PRODUCT_IDENTIFIER_ID as product_4_59_5_, prices5_.PRODUCT_PRICE_AMOUNT as product_5_59_5_, prices5_.PRODUCT_PRICE_SPECIAL_AMOUNT as product_6_59_5_, prices5_.PRODUCT_PRICE_SPECIAL_END_DATE as product_7_59_5_, prices5_.PRODUCT_PRICE_SPECIAL_ST_DATE as product_8_59_5_, prices5_.PRODUCT_PRICE_TYPE as product_9_59_5_, prices5_.PRODUCT_AVAIL_ID as product10_59_2__, prices5_.PRODUCT_PRICE_ID as product_1_59_2__, descriptio6_.DATE_CREATED as date_cre2_60_6_, descriptio6_.DATE_MODIFIED as date_mod3_60_6_, descriptio6_.UPDT_ID as updt_id4_60_6_, descriptio6_.DESCRIPTION as descript5_60_6_, descriptio6_.LANGUAGE_ID as language9_60_6_, descriptio6_.NAME as name6_60_6_, descriptio6_.TITLE as title7_60_6_, descriptio6_.PRICE_APPENDER as price_ap8_60_6_, descriptio6_.PRODUCT_PRICE_ID as product10_60_6_, descriptio6_.PRODUCT_PRICE_ID as product10_60_3__, descriptio6_.DESCRIPTION_ID as descript1_60_3__, category8_.DATE_CREATED as date_cre2_2_7_, category8_.DATE_MODIFIED as date_mod3_2_7_, category8_.UPDT_ID as updt_id4_2_7_, category8_.CATEGORY_IMAGE as category5_2_7_, category8_.CATEGORY_STATUS as category6_2_7_, category8_.CODE as code7_2_7_, category8_.DEPTH as depth8_2_7_, category8_.FEATURED as featured9_2_7_, category8_.LINEAGE as lineage10_2_7_, category8_.MERCHANT_ID as merchan13_2_7_, category8_.PARENT_ID as parent_14_2_7_, category8_.SORT_ORDER as sort_or11_2_7_, category8_.VISIBLE as visible12_2_7_, categories7_.PRODUCT_ID as product_1_47_4__, categories7_.CATEGORY_ID as category2_47_4__, descriptio9_.DATE_CREATED as date_cre2_3_8_, descriptio9_.DATE_MODIFIED as date_mod3_3_8_, descriptio9_.UPDT_ID as updt_id4_3_8_, descriptio9_.DESCRIPTION as descript5_3_8_, descriptio9_.LANGUAGE_ID as languag13_3_8_, descriptio9_.NAME as name6_3_8_, descriptio9_.TITLE as title7_3_8_, descriptio9_.CATEGORY_ID as categor14_3_8_, descriptio9_.CATEGORY_HIGHLIGHT as category8_3_8_, descriptio9_.META_DESCRIPTION as meta_des9_3_8_, descriptio9_.META_KEYWORDS as meta_ke10_3_8_, descriptio9_.META_TITLE as meta_ti11_3_8_, descriptio9_.SEF_URL as sef_url12_3_8_, descriptio9_.CATEGORY_ID as categor14_3_5__, descriptio9_.DESCRIPTION_ID as descript1_3_5__, attributes10_.PRODUCT_ATTRIBUTE_DEFAULT as product_2_45_9_, attributes10_.PRODUCT_ATTRIBUTE_DISCOUNTED as product_3_45_9_, attributes10_.PRODUCT_ATTRIBUTE_FOR_DISP as product_4_45_9_, attributes10_.PRODUCT_ATTRIBUTE_REQUIRED as product_5_45_9_, attributes10_.PRODUCT_ID as product10_45_9_, attributes10_.PRODUCT_ATTRIBUTE_FREE as product_6_45_9_, attributes10_.PRODUCT_ATRIBUTE_PRICE as product_7_45_9_, attributes10_.PRODUCT_ATTRIBUTE_WEIGHT as product_8_45_9_, attributes10_.OPTION_ID as option_11_45_9_, attributes10_.PRODUCT_ATTRIBUTE_SORT_ORD as product_9_45_9_, attributes10_.OPTION_VALUE_ID as option_12_45_9_, attributes10_.PRODUCT_ID as product10_45_6__, attributes10_.PRODUCT_ATTRIBUTE_ID as product_1_45_6__, productopt11_.PRODUCT_OPTION_CODE as product_2_54_10_, productopt11_.MERCHANT_ID as merchant6_54_10_, productopt11_.PRODUCT_OPTION_SORT_ORD as product_3_54_10_, productopt11_.PRODUCT_OPTION_TYPE as product_4_54_10_, productopt11_.PRODUCT_OPTION_READ as product_5_54_10_, descriptio12_.DATE_CREATED as date_cre2_55_11_, descriptio12_.DATE_MODIFIED as date_mod3_55_11_, descriptio12_.UPDT_ID as updt_id4_55_11_, descriptio12_.DESCRIPTION as descript5_55_11_, descriptio12_.LANGUAGE_ID as language9_55_11_, descriptio12_.NAME as name6_55_11_, descriptio12_.TITLE as title7_55_11_, descriptio12_.PRODUCT_OPTION_ID as product10_55_11_, descriptio12_.PRODUCT_OPTION_COMMENT as product_8_55_11_, descriptio12_.PRODUCT_OPTION_ID as product10_55_7__, descriptio12_.DESCRIPTION_ID as descript1_55_7__, productopt13_.PRODUCT_OPTION_VAL_CODE as product_2_57_12_, productopt13_.MERCHANT_ID as merchant6_57_12_, productopt13_.PRODUCT_OPT_FOR_DISP as product_3_57_12_, productopt13_.PRODUCT_OPT_VAL_IMAGE as product_4_57_12_, productopt13_.PRODUCT_OPT_VAL_SORT_ORD as product_5_57_12_, descriptio14_.DATE_CREATED as date_cre2_58_13_, descriptio14_.DATE_MODIFIED as date_mod3_58_13_, descriptio14_.UPDT_ID as updt_id4_58_13_, descriptio14_.DESCRIPTION as descript5_58_13_, descriptio14_.LANGUAGE_ID as language8_58_13_, descriptio14_.NAME as name6_58_13_, descriptio14_.TITLE as title7_58_13_, descriptio14_.PRODUCT_OPTION_VALUE_ID as product_9_58_13_, descriptio14_.PRODUCT_OPTION_VALUE_ID as product_9_58_8__, descriptio14_.DESCRIPTION_ID as descript1_58_8__, relationsh15_.ACTIVE as active2_61_14_, relationsh15_.CODE as code3_61_14_, relationsh15_.PRODUCT_ID as product_4_61_14_, relationsh15_.RELATED_PRODUCT_ID as related_5_61_14_, relationsh15_.MERCHANT_ID as merchant6_61_14_, relationsh15_.PRODUCT_ID as product_4_61_9__, relationsh15_.PRODUCT_RELATIONSHIP_ID as product_1_61_9__, manufactur16_.DATE_CREATED as date_cre2_24_15_, manufactur16_.DATE_MODIFIED as date_mod3_24_15_, manufactur16_.UPDT_ID as updt_id4_24_15_, manufactur16_.CODE as code5_24_15_, manufactur16_.MANUFACTURER_IMAGE as manufact6_24_15_, manufactur16_.MERCHANT_ID as merchant8_24_15_, manufactur16_.SORT_ORDER as sort_ord7_24_15_, descriptio17_.DATE_CREATED as date_cre2_25_16_, descriptio17_.DATE_MODIFIED as date_mod3_25_16_, descriptio17_.UPDT_ID as updt_id4_25_16_, descriptio17_.DESCRIPTION as descript5_25_16_, descriptio17_.LANGUAGE_ID as languag11_25_16_, descriptio17_.NAME as name6_25_16_, descriptio17_.TITLE as title7_25_16_, descriptio17_.DATE_LAST_CLICK as date_las8_25_16_, descriptio17_.MANUFACTURER_ID as manufac12_25_16_, descriptio17_.MANUFACTURERS_URL as manufact9_25_16_, descriptio17_.URL_CLICKED as url_cli10_25_16_, descriptio17_.MANUFACTURER_ID as manufac12_25_10__, descriptio17_.DESCRIPTION_ID as descript1_25_10__, variants19_.DATE_CREATED as date_cre2_68_17_, variants19_.DATE_MODIFIED as date_mod3_68_17_, variants19_.UPDT_ID as updt_id4_68_17_, variants19_.AVAILABLE as availabl5_68_17_, variants19_.CODE as code6_68_17_, variants19_.DATE_AVAILABLE as date_ava7_68_17_, variants19_.DEFAULT_SELECTION as default_8_68_17_, variants19_.PRODUCT_ID as product11_68_17_, variants19_.PRODUCT_VARIANT_GROUP_ID as product12_68_17_, variants19_.SKU as sku9_68_17_, variants19_.SORT_ORDER as sort_or10_68_17_, variants19_.PRODUCT_VARIATION_ID as product13_68_17_, variants19_.PRODUCT_VARIATION_VALUE_ID as product14_68_17_, variants19_.PRODUCT_ID as product11_68_11__, variants19_.PRODUCT_VARIANT_ID as product_1_68_11__, productvar20_.DATE_CREATED as date_cre2_70_18_, productvar20_.DATE_MODIFIED as date_mod3_70_18_, productvar20_.UPDT_ID as updt_id4_70_18_, productvar20_.CODE as code5_70_18_, productvar20_.MERCHANT_ID as merchant8_70_18_, productvar20_.PRODUCT_OPTION_ID as product_9_70_18_, productvar20_.OPTION_VALUE_ID as option_10_70_18_, productvar20_.SORT_ORDER as sort_ord6_70_18_, productvar20_.VARIANT_DEFAULT as variant_7_70_18_, productopt21_.PRODUCT_OPTION_CODE as product_2_54_19_, productopt21_.MERCHANT_ID as merchant6_54_19_, productopt21_.PRODUCT_OPTION_SORT_ORD as product_3_54_19_, productopt21_.PRODUCT_OPTION_TYPE as product_4_54_19_, productopt21_.PRODUCT_OPTION_READ as product_5_54_19_, productopt22_.PRODUCT_OPTION_VAL_CODE as product_2_57_20_, productopt22_.MERCHANT_ID as merchant6_57_20_, productopt22_.PRODUCT_OPT_FOR_DISP as product_3_57_20_, productopt22_.PRODUCT_OPT_VAL_IMAGE as product_4_57_20_, productopt22_.PRODUCT_OPT_VAL_SORT_ORD as product_5_57_20_, descriptio23_.DATE_CREATED as date_cre2_55_21_, descriptio23_.DATE_MODIFIED as date_mod3_55_21_, descriptio23_.UPDT_ID as updt_id4_55_21_, descriptio23_.DESCRIPTION as descript5_55_21_, descriptio23_.LANGUAGE_ID as language9_55_21_, descriptio23_.NAME as name6_55_21_, descriptio23_.TITLE as title7_55_21_, descriptio23_.PRODUCT_OPTION_ID as product10_55_21_, descriptio23_.PRODUCT_OPTION_COMMENT as product_8_55_21_, descriptio23_.PRODUCT_OPTION_ID as product10_55_12__, descriptio23_.DESCRIPTION_ID as descript1_55_12__, descriptio24_.DATE_CREATED as date_cre2_58_22_, descriptio24_.DATE_MODIFIED as date_mod3_58_22_, descriptio24_.UPDT_ID as updt_id4_58_22_, descriptio24_.DESCRIPTION as descript5_58_22_, descriptio24_.LANGUAGE_ID as language8_58_22_, descriptio24_.NAME as name6_58_22_, descriptio24_.TITLE as title7_58_22_, descriptio24_.PRODUCT_OPTION_VALUE_ID as product_9_58_22_, descriptio24_.PRODUCT_OPTION_VALUE_ID as product_9_58_13__, descriptio24_.DESCRIPTION_ID as descript1_58_13__, productvar25_.DATE_CREATED as date_cre2_70_23_, productvar25_.DATE_MODIFIED as date_mod3_70_23_, productvar25_.UPDT_ID as updt_id4_70_23_, productvar25_.CODE as code5_70_23_, productvar25_.MERCHANT_ID as merchant8_70_23_, productvar25_.PRODUCT_OPTION_ID as product_9_70_23_, productvar25_.OPTION_VALUE_ID as option_10_70_23_, productvar25_.SORT_ORDER as sort_ord6_70_23_, productvar25_.VARIANT_DEFAULT as variant_7_70_23_, productopt26_.PRODUCT_OPTION_CODE as product_2_54_24_, productopt26_.MERCHANT_ID as merchant6_54_24_, productopt26_.PRODUCT_OPTION_SORT_ORD as product_3_54_24_, productopt26_.PRODUCT_OPTION_TYPE as product_4_54_24_, productopt26_.PRODUCT_OPTION_READ as product_5_54_24_, productopt27_.PRODUCT_OPTION_VAL_CODE as product_2_57_25_, productopt27_.MERCHANT_ID as merchant6_57_25_, productopt27_.PRODUCT_OPT_FOR_DISP as product_3_57_25_, productopt27_.PRODUCT_OPT_VAL_IMAGE as product_4_57_25_, productopt27_.PRODUCT_OPT_VAL_SORT_ORD as product_5_57_25_, descriptio28_.DATE_CREATED as date_cre2_55_26_, descriptio28_.DATE_MODIFIED as date_mod3_55_26_, descriptio28_.UPDT_ID as updt_id4_55_26_, descriptio28_.DESCRIPTION as descript5_55_26_, descriptio28_.LANGUAGE_ID as language9_55_26_, descriptio28_.NAME as name6_55_26_, descriptio28_.TITLE as title7_55_26_, descriptio28_.PRODUCT_OPTION_ID as product10_55_26_, descriptio28_.PRODUCT_OPTION_COMMENT as product_8_55_26_, descriptio28_.PRODUCT_OPTION_ID as product10_55_14__, descriptio28_.DESCRIPTION_ID as descript1_55_14__, descriptio29_.DATE_CREATED as date_cre2_58_27_, descriptio29_.DATE_MODIFIED as date_mod3_58_27_, descriptio29_.UPDT_ID as updt_id4_58_27_, descriptio29_.DESCRIPTION as descript5_58_27_, descriptio29_.LANGUAGE_ID as language8_58_27_, descriptio29_.NAME as name6_58_27_, descriptio29_.TITLE as title7_58_27_, descriptio29_.PRODUCT_OPTION_VALUE_ID as product_9_58_27_, descriptio29_.PRODUCT_OPTION_VALUE_ID as product_9_58_15__, descriptio29_.DESCRIPTION_ID as descript1_58_15__, availabili30_.DATE_CREATED as date_cre2_46_28_, availabili30_.DATE_MODIFIED as date_mod3_46_28_, availabili30_.UPDT_ID as updt_id4_46_28_, availabili30_.AVAILABLE as availabl5_46_28_, availabili30_.HEIGHT as height6_46_28_, availabili30_.LENGTH as length7_46_28_, availabili30_.WEIGHT as weight8_46_28_, availabili30_.WIDTH as width9_46_28_, availabili30_.MERCHANT_ID as merchan20_46_28_, availabili30_.OWNER as owner10_46_28_, availabili30_.PRODUCT_ID as product21_46_28_, availabili30_.DATE_AVAILABLE as date_av11_46_28_, availabili30_.FREE_SHIPPING as free_sh12_46_28_, availabili30_.QUANTITY as quantit13_46_28_, availabili30_.QUANTITY_ORD_MAX as quantit14_46_28_, availabili30_.QUANTITY_ORD_MIN as quantit15_46_28_, availabili30_.STATUS as status16_46_28_, availabili30_.PRODUCT_VARIANT as product22_46_28_, availabili30_.REGION as region17_46_28_, availabili30_.REGION_VARIANT as region_18_46_28_, availabili30_.SKU as sku19_46_28_, availabili30_.PRODUCT_VARIANT as product22_46_16__, availabili30_.PRODUCT_AVAIL_ID as product_1_46_16__, prices31_.PRODUCT_PRICE_CODE as product_2_59_29_, prices31_.DEFAULT_PRICE as default_3_59_29_, prices31_.PRODUCT_AVAIL_ID as product10_59_29_, prices31_.PRODUCT_IDENTIFIER_ID as product_4_59_29_, prices31_.PRODUCT_PRICE_AMOUNT as product_5_59_29_, prices31_.PRODUCT_PRICE_SPECIAL_AMOUNT as product_6_59_29_, prices31_.PRODUCT_PRICE_SPECIAL_END_DATE as product_7_59_29_, prices31_.PRODUCT_PRICE_SPECIAL_ST_DATE as product_8_59_29_, prices31_.PRODUCT_PRICE_TYPE as product_9_59_29_, prices31_.PRODUCT_AVAIL_ID as product10_59_17__, prices31_.PRODUCT_PRICE_ID as product_1_59_17__, descriptio32_.DATE_CREATED as date_cre2_60_30_, descriptio32_.DATE_MODIFIED as date_mod3_60_30_, descriptio32_.UPDT_ID as updt_id4_60_30_, descriptio32_.DESCRIPTION as descript5_60_30_, descriptio32_.LANGUAGE_ID as language9_60_30_, descriptio32_.NAME as name6_60_30_, descriptio32_.TITLE as title7_60_30_, descriptio32_.PRICE_APPENDER as price_ap8_60_30_, descriptio32_.PRODUCT_PRICE_ID as product10_60_30_, descriptio32_.PRODUCT_PRICE_ID as product10_60_18__, descriptio32_.DESCRIPTION_ID as descript1_60_18__, productvar33_.MERCHANT_ID as merchant2_69_31_, images34_.DEFAULT_IMAGE as default_2_66_32_, images34_.PRODUCT_IMAGE as product_3_66_32_, images34_.PRODUCT_VARIANT_GROUP_ID as product_4_66_32_, images34_.PRODUCT_VARIANT_GROUP_ID as product_4_66_19__, images34_.PRODUCT_VAR_IMAGE_ID as product_1_66_19__, descriptio35_.DATE_CREATED as date_cre2_67_33_, descriptio35_.DATE_MODIFIED as date_mod3_67_33_, descriptio35_.UPDT_ID as updt_id4_67_33_, descriptio35_.DESCRIPTION as descript5_67_33_, descriptio35_.LANGUAGE_ID as language9_67_33_, descriptio35_.NAME as name6_67_33_, descriptio35_.TITLE as title7_67_33_, descriptio35_.ALT_TAG as alt_tag8_67_33_, descriptio35_.PRODUCT_ID as product10_67_33_, descriptio35_.PRODUCT_VAR_IMAGE_ID as product11_67_33_, descriptio35_.PRODUCT_VAR_IMAGE_ID as product11_67_20__, descriptio35_.DESCRIPTION_ID as descript1_67_20__ from SALESMANAGER.PRODUCT product0_ inner join SALESMANAGER.PRODUCT_DESCRIPTION descriptio1_ on product0_.PRODUCT_ID=descriptio1_.PRODUCT_ID inner join SALESMANAGER.MERCHANT_STORE merchantst2_ on product0_.MERCHANT_ID=merchantst2_.MERCHANT_ID left outer join SALESMANAGER.PRODUCT_AVAILABILITY availabili3_ on product0_.PRODUCT_ID=availabili3_.PRODUCT_ID left outer join SALESMANAGER.PRODUCT_TYPE producttyp4_ on product0_.PRODUCT_TYPE_ID=producttyp4_.PRODUCT_TYPE_ID left outer join SALESMANAGER.PRODUCT_PRICE prices5_ on availabili3_.PRODUCT_AVAIL_ID=prices5_.PRODUCT_AVAIL_ID left outer join SALESMANAGER.PRODUCT_PRICE_DESCRIPTION descriptio6_ on prices5_.PRODUCT_PRICE_ID=descriptio6_.PRODUCT_PRICE_ID left outer join SALESMANAGER.PRODUCT_CATEGORY categories7_ on product0_.PRODUCT_ID=categories7_.PRODUCT_ID left outer join SALESMANAGER.CATEGORY category8_ on categories7_.CATEGORY_ID=category8_.CATEGORY_ID left outer join SALESMANAGER.CATEGORY_DESCRIPTION descriptio9_ on category8_.CATEGORY_ID=descriptio9_.CATEGORY_ID left outer join SALESMANAGER.PRODUCT_ATTRIBUTE attributes10_ on product0_.PRODUCT_ID=attributes10_.PRODUCT_ID left outer join SALESMANAGER.PRODUCT_OPTION productopt11_ on attributes10_.OPTION_ID=productopt11_.PRODUCT_OPTION_ID left outer join SALESMANAGER.PRODUCT_OPTION_DESC descriptio12_ on productopt11_.PRODUCT_OPTION_ID=descriptio12_.PRODUCT_OPTION_ID left outer join SALESMANAGER.PRODUCT_OPTION_VALUE productopt13_ on attributes10_.OPTION_VALUE_ID=productopt13_.PRODUCT_OPTION_VALUE_ID left outer join SALESMANAGER.PRODUCT_OPTION_VALUE_DESCRIPTION descriptio14_ on productopt13_.PRODUCT_OPTION_VALUE_ID=descriptio14_.PRODUCT_OPTION_VALUE_ID left outer join SALESMANAGER.PRODUCT_RELATIONSHIP relationsh15_ on product0_.PRODUCT_ID=relationsh15_.PRODUCT_ID left outer join SALESMANAGER.MANUFACTURER manufactur16_ on product0_.MANUFACTURER_ID=manufactur16_.MANUFACTURER_ID left outer join SALESMANAGER.MANUFACTURER_DESCRIPTION descriptio17_ on manufactur16_.MANUFACTURER_ID=descriptio17_.MANUFACTURER_ID left outer join SALESMANAGER.PRODUCT_VARIANT variants19_ on product0_.PRODUCT_ID=variants19_.PRODUCT_ID left outer join SALESMANAGER.PRODUCT_VARIATION productvar20_ on variants19_.PRODUCT_VARIATION_ID=productvar20_.PRODUCT_VARIATION_ID left outer join SALESMANAGER.PRODUCT_OPTION productopt21_ on productvar20_.PRODUCT_OPTION_ID=productopt21_.PRODUCT_OPTION_ID left outer join SALESMANAGER.PRODUCT_OPTION_VALUE productopt22_ on productvar20_.OPTION_VALUE_ID=productopt22_.PRODUCT_OPTION_VALUE_ID left outer join SALESMANAGER.PRODUCT_OPTION_DESC descriptio23_ on productopt21_.PRODUCT_OPTION_ID=descriptio23_.PRODUCT_OPTION_ID left outer join SALESMANAGER.PRODUCT_OPTION_VALUE_DESCRIPTION descriptio24_ on productopt22_.PRODUCT_OPTION_VALUE_ID=descriptio24_.PRODUCT_OPTION_VALUE_ID left outer join SALESMANAGER.PRODUCT_VARIATION productvar25_ on variants19_.PRODUCT_VARIATION_VALUE_ID=productvar25_.PRODUCT_VARIATION_ID left outer join SALESMANAGER.PRODUCT_OPTION productopt26_ on productvar25_.PRODUCT_OPTION_ID=productopt26_.PRODUCT_OPTION_ID left outer join SALESMANAGER.PRODUCT_OPTION_VALUE productopt27_ on productvar25_.OPTION_VALUE_ID=productopt27_.PRODUCT_OPTION_VALUE_ID left outer join SALESMANAGER.PRODUCT_OPTION_DESC descriptio28_ on productopt26_.PRODUCT_OPTION_ID=descriptio28_.PRODUCT_OPTION_ID left outer join SALESMANAGER.PRODUCT_OPTION_VALUE_DESCRIPTION descriptio29_ on productopt22_.PRODUCT_OPTION_VALUE_ID=descriptio29_.PRODUCT_OPTION_VALUE_ID left outer join SALESMANAGER.PRODUCT_AVAILABILITY availabili30_ on variants19_.PRODUCT_VARIANT_ID=availabili30_.PRODUCT_VARIANT left outer join SALESMANAGER.PRODUCT_PRICE prices31_ on availabili30_.PRODUCT_AVAIL_ID=prices31_.PRODUCT_AVAIL_ID left outer join SALESMANAGER.PRODUCT_PRICE_DESCRIPTION descriptio32_ on prices31_.PRODUCT_PRICE_ID=descriptio32_.PRODUCT_PRICE_ID left outer join SALESMANAGER.PRODUCT_VARIANT_GROUP productvar33_ on variants19_.PRODUCT_VARIANT_GROUP_ID=productvar33_.PRODUCT_VARIANT_GROUP_ID left outer join SALESMANAGER.PRODUCT_VAR_IMAGE images34_ on productvar33_.PRODUCT_VARIANT_GROUP_ID=images34_.PRODUCT_VARIANT_GROUP_ID left outer join SALESMANAGER.PRODUCT_VAR_IMAGE_DESCRIPTION descriptio35_ on images34_.PRODUCT_VAR_IMAGE_ID=descriptio35_.PRODUCT_VAR_IMAGE_ID where product0_.PRODUCT_ID=? and merchantst2_.MERCHANT_ID=?
2025-12-16 00:14:00.453 DEBUG 28064 --- [nio-8080-exec-7] c.s.c.b.s.s.ShoppingCartServiceImpl      : Obsolete item ? false
2025-12-16 00:14:00.555 DEBUG 28064 --- [nio-8080-exec-8] org.hibernate.SQL                        : select merchantst0_.MERCHANT_ID as merchant1_29_0_, merchantst1_.MERCHANT_ID as merchant1_29_1_, country2_.COUNTRY_ID as country_1_6_2_, currency3_.CURRENCY_ID as currency1_8_3_, zone4_.ZONE_ID as zone_id1_86_4_, language5_.LANGUAGE_ID as language1_23_5_, language7_.LANGUAGE_ID as language1_23_6_, merchantst0_.DATE_CREATED as date_cre2_29_0_, merchantst0_.DATE_MODIFIED as date_mod3_29_0_, merchantst0_.UPDT_ID as updt_id4_29_0_, merchantst0_.STORE_CODE as store_co5_29_0_, merchantst0_.CONTINUESHOPPINGURL as continue6_29_0_, merchantst0_.COUNTRY_ID as country25_29_0_, merchantst0_.CURRENCY_ID as currenc26_29_0_, merchantst0_.CURRENCY_FORMAT_NATIONAL as currency7_29_0_, merchantst0_.LANGUAGE_ID as languag27_29_0_, merchantst0_.DOMAIN_NAME as domain_n8_29_0_, merchantst0_.IN_BUSINESS_SINCE as in_busin9_29_0_, merchantst0_.INVOICE_TEMPLATE as invoice10_29_0_, merchantst0_.LINEAGE as lineage11_29_0_, merchantst0_.PARENT_ID as parent_28_29_0_, merchantst0_.IS_RETAILER as is_reta12_29_0_, merchantst0_.SEIZEUNITCODE as seizeun13_29_0_, merchantst0_.STORE_EMAIL as store_e14_29_0_, merchantst0_.STORE_LOGO as store_l15_29_0_, merchantst0_.STORE_TEMPLATE as store_t16_29_0_, merchantst0_.STORE_ADDRESS as store_a17_29_0_, merchantst0_.STORE_CITY as store_c18_29_0_, merchantst0_.STORE_NAME as store_n19_29_0_, merchantst0_.STORE_PHONE as store_p20_29_0_, merchantst0_.STORE_POSTAL_CODE as store_p21_29_0_, merchantst0_.STORE_STATE_PROV as store_s22_29_0_, merchantst0_.USE_CACHE as use_cac23_29_0_, merchantst0_.WEIGHTUNITCODE as weightu24_29_0_, merchantst0_.ZONE_ID as zone_id29_29_0_, merchantst1_.DATE_CREATED as date_cre2_29_1_, merchantst1_.DATE_MODIFIED as date_mod3_29_1_, merchantst1_.UPDT_ID as updt_id4_29_1_, merchantst1_.STORE_CODE as store_co5_29_1_, merchantst1_.CONTINUESHOPPINGURL as continue6_29_1_, merchantst1_.COUNTRY_ID as country25_29_1_, merchantst1_.CURRENCY_ID as currenc26_29_1_, merchantst1_.CURRENCY_FORMAT_NATIONAL as currency7_29_1_, merchantst1_.LANGUAGE_ID as languag27_29_1_, merchantst1_.DOMAIN_NAME as domain_n8_29_1_, merchantst1_.IN_BUSINESS_SINCE as in_busin9_29_1_, merchantst1_.INVOICE_TEMPLATE as invoice10_29_1_, merchantst1_.LINEAGE as lineage11_29_1_, merchantst1_.PARENT_ID as parent_28_29_1_, merchantst1_.IS_RETAILER as is_reta12_29_1_, merchantst1_.SEIZEUNITCODE as seizeun13_29_1_, merchantst1_.STORE_EMAIL as store_e14_29_1_, merchantst1_.STORE_LOGO as store_l15_29_1_, merchantst1_.STORE_TEMPLATE as store_t16_29_1_, merchantst1_.STORE_ADDRESS as store_a17_29_1_, merchantst1_.STORE_CITY as store_c18_29_1_, merchantst1_.STORE_NAME as store_n19_29_1_, merchantst1_.STORE_PHONE as store_p20_29_1_, merchantst1_.STORE_POSTAL_CODE as store_p21_29_1_, merchantst1_.STORE_STATE_PROV as store_s22_29_1_, merchantst1_.USE_CACHE as use_cac23_29_1_, merchantst1_.WEIGHTUNITCODE as weightu24_29_1_, merchantst1_.ZONE_ID as zone_id29_29_1_, country2_.GEOZONE_ID as geozone_4_6_2_, country2_.COUNTRY_ISOCODE as country_2_6_2_, country2_.COUNTRY_SUPPORTED as country_3_6_2_, currency3_.CURRENCY_CODE as currency2_8_3_, currency3_.CURRENCY_CURRENCY_CODE as currency3_8_3_, currency3_.CURRENCY_NAME as currency4_8_3_, currency3_.CURRENCY_SUPPORTED as currency5_8_3_, zone4_.ZONE_CODE as zone_cod2_86_4_, zone4_.COUNTRY_ID as country_3_86_4_, language5_.DATE_CREATED as date_cre2_23_5_, language5_.DATE_MODIFIED as date_mod3_23_5_, language5_.UPDT_ID as updt_id4_23_5_, language5_.CODE as code5_23_5_, language5_.SORT_ORDER as sort_ord6_23_5_, language7_.DATE_CREATED as date_cre2_23_6_, language7_.DATE_MODIFIED as date_mod3_23_6_, language7_.UPDT_ID as updt_id4_23_6_, language7_.CODE as code5_23_6_, language7_.SORT_ORDER as sort_ord6_23_6_, languages6_.stores_MERCHANT_ID as stores_m1_27_0__, languages6_.languages_LANGUAGE_ID as language2_27_0__ from SALESMANAGER.MERCHANT_STORE merchantst0_ left outer join SALESMANAGER.MERCHANT_STORE merchantst1_ on merchantst0_.PARENT_ID=merchantst1_.MERCHANT_ID inner join SALESMANAGER.COUNTRY country2_ on merchantst0_.COUNTRY_ID=country2_.COUNTRY_ID left outer join SALESMANAGER.CURRENCY currency3_ on merchantst0_.CURRENCY_ID=currency3_.CURRENCY_ID left outer join SALESMANAGER.ZONE zone4_ on merchantst0_.ZONE_ID=zone4_.ZONE_ID left outer join SALESMANAGER.LANGUAGE language5_ on merchantst0_.LANGUAGE_ID=language5_.LANGUAGE_ID left outer join SALESMANAGER.MERCHANT_LANGUAGE languages6_ on merchantst0_.MERCHANT_ID=languages6_.stores_MERCHANT_ID left outer join SALESMANAGER.LANGUAGE language7_ on languages6_.languages_LANGUAGE_ID=language7_.LANGUAGE_ID where merchantst0_.STORE_CODE=?
2025-12-16 00:14:00.573 DEBUG 28064 --- [nio-8080-exec-7] org.hibernate.SQL                        : select images0_.PRODUCT_ID as product_8_50_0_, images0_.PRODUCT_IMAGE_ID as product_1_50_0_, images0_.PRODUCT_IMAGE_ID as product_1_50_1_, images0_.DEFAULT_IMAGE as default_2_50_1_, images0_.IMAGE_CROP as image_cr3_50_1_, images0_.IMAGE_TYPE as image_ty4_50_1_, images0_.PRODUCT_ID as product_8_50_1_, images0_.PRODUCT_IMAGE as product_5_50_1_, images0_.PRODUCT_IMAGE_URL as product_6_50_1_, images0_.SORT_ORDER as sort_ord7_50_1_ from SALESMANAGER.PRODUCT_IMAGE images0_ where images0_.PRODUCT_ID=?
2025-12-16 00:14:00.684 DEBUG 28064 --- [nio-8080-exec-7] org.hibernate.SQL                        : select p.PRODUCT_ID from SALESMANAGER.PRODUCT p join SALESMANAGER.MERCHANT_STORE m ON p.MERCHANT_ID = m.MERCHANT_ID left join SALESMANAGER.PRODUCT_VARIANT i ON i.PRODUCT_ID = p.PRODUCT_ID where p.SKU=? or i.SKU=? and m.MERCHANT_ID=?
2025-12-16 00:14:00.768 DEBUG 28064 --- [nio-8080-exec-8] c.s.s.a.c.MerchantStoreArgumentResolver  : is request authorized true for /api/v1/products and store DEFAULT
2025-12-16 00:14:00.770 DEBUG 28064 --- [nio-8080-exec-8] org.hibernate.SQL                        : select count(distinct product0_.PRODUCT_ID) as col_0_0_ from SALESMANAGER.PRODUCT product0_ inner join SALESMANAGER.PRODUCT_DESCRIPTION descriptio1_ on product0_.PRODUCT_ID=descriptio1_.PRODUCT_ID cross join SALESMANAGER.LANGUAGE language2_ where descriptio1_.LANGUAGE_ID=language2_.LANGUAGE_ID and product0_.MERCHANT_ID=? and language2_.CODE=? and product0_.AVAILABLE=true and product0_.DATE_AVAILABLE<=?
2025-12-16 00:14:00.792 DEBUG 28064 --- [nio-8080-exec-7] org.hibernate.SQL                        : select distinct product0_.PRODUCT_ID as product_1_44_0_, descriptio1_.DESCRIPTION_ID as descript1_48_1_, merchantst2_.MERCHANT_ID as merchant1_29_2_, availabili3_.PRODUCT_AVAIL_ID as product_1_46_3_, producttyp4_.PRODUCT_TYPE_ID as product_1_64_4_, prices5_.PRODUCT_PRICE_ID as product_1_59_5_, descriptio6_.DESCRIPTION_ID as descript1_60_6_, category8_.CATEGORY_ID as category1_2_7_, descriptio9_.DESCRIPTION_ID as descript1_3_8_, attributes10_.PRODUCT_ATTRIBUTE_ID as product_1_45_9_, productopt11_.PRODUCT_OPTION_ID as product_1_54_10_, descriptio12_.DESCRIPTION_ID as descript1_55_11_, productopt13_.PRODUCT_OPTION_VALUE_ID as product_1_57_12_, descriptio14_.DESCRIPTION_ID as descript1_58_13_, relationsh15_.PRODUCT_RELATIONSHIP_ID as product_1_61_14_, manufactur16_.MANUFACTURER_ID as manufact1_24_15_, descriptio17_.DESCRIPTION_ID as descript1_25_16_, variants19_.PRODUCT_VARIANT_ID as product_1_68_17_, productvar20_.PRODUCT_VARIATION_ID as product_1_70_18_, productopt21_.PRODUCT_OPTION_ID as product_1_54_19_, productopt22_.PRODUCT_OPTION_VALUE_ID as product_1_57_20_, descriptio23_.DESCRIPTION_ID as descript1_55_21_, descriptio24_.DESCRIPTION_ID as descript1_58_22_, productvar25_.PRODUCT_VARIATION_ID as product_1_70_23_, productopt26_.PRODUCT_OPTION_ID as product_1_54_24_, productopt27_.PRODUCT_OPTION_VALUE_ID as product_1_57_25_, descriptio28_.DESCRIPTION_ID as descript1_55_26_, descriptio29_.DESCRIPTION_ID as descript1_58_27_, availabili30_.PRODUCT_AVAIL_ID as product_1_46_28_, prices31_.PRODUCT_PRICE_ID as product_1_59_29_, descriptio32_.DESCRIPTION_ID as descript1_60_30_, productvar33_.PRODUCT_VARIANT_GROUP_ID as product_1_69_31_, images34_.PRODUCT_VAR_IMAGE_ID as product_1_66_32_, descriptio35_.DESCRIPTION_ID as descript1_67_33_, product0_.DATE_CREATED as date_cre2_44_0_, product0_.DATE_MODIFIED as date_mod3_44_0_, product0_.UPDT_ID as updt_id4_44_0_, product0_.AVAILABLE as availabl5_44_0_, product0_.COND as cond6_44_0_, product0_.DATE_AVAILABLE as date_ava7_44_0_, product0_.MANUFACTURER_ID as manufac25_44_0_, product0_.MERCHANT_ID as merchan26_44_0_, product0_.CUSTOMER_ID as custome27_44_0_, product0_.PREORDER as preorder8_44_0_, product0_.PRODUCT_HEIGHT as product_9_44_0_, product0_.PRODUCT_FREE as product10_44_0_, product0_.PRODUCT_LENGTH as product11_44_0_, product0_.QUANTITY_ORDERED as quantit12_44_0_, product0_.REVIEW_AVG as review_13_44_0_, product0_.REVIEW_COUNT as review_14_44_0_, product0_.PRODUCT_SHIP as product15_44_0_, product0_.PRODUCT_VIRTUAL as product16_44_0_, product0_.PRODUCT_WEIGHT as product17_44_0_, product0_.PRODUCT_WIDTH as product18_44_0_, product0_.REF_SKU as ref_sku19_44_0_, product0_.RENTAL_DURATION as rental_20_44_0_, product0_.RENTAL_PERIOD as rental_21_44_0_, product0_.RENTAL_STATUS as rental_22_44_0_, product0_.SKU as sku23_44_0_, product0_.SORT_ORDER as sort_or24_44_0_, product0_.TAX_CLASS_ID as tax_cla28_44_0_, product0_.PRODUCT_TYPE_ID as product29_44_0_, descriptio1_.DATE_CREATED as date_cre2_48_1_, descriptio1_.DATE_MODIFIED as date_mod3_48_1_, descriptio1_.UPDT_ID as updt_id4_48_1_, descriptio1_.DESCRIPTION as descript5_48_1_, descriptio1_.LANGUAGE_ID as languag14_48_1_, descriptio1_.NAME as name6_48_1_, descriptio1_.TITLE as title7_48_1_, descriptio1_.META_DESCRIPTION as meta_des8_48_1_, descriptio1_.META_KEYWORDS as meta_key9_48_1_, descriptio1_.META_TITLE as meta_ti10_48_1_, descriptio1_.PRODUCT_ID as product15_48_1_, descriptio1_.DOWNLOAD_LNK as downloa11_48_1_, descriptio1_.PRODUCT_HIGHLIGHT as product12_48_1_, descriptio1_.SEF_URL as sef_url13_48_1_, descriptio1_.PRODUCT_ID as product15_48_0__, descriptio1_.DESCRIPTION_ID as descript1_48_0__, merchantst2_.DATE_CREATED as date_cre2_29_2_, merchantst2_.DATE_MODIFIED as date_mod3_29_2_, merchantst2_.UPDT_ID as updt_id4_29_2_, merchantst2_.STORE_CODE as store_co5_29_2_, merchantst2_.CONTINUESHOPPINGURL as continue6_29_2_, merchantst2_.COUNTRY_ID as country25_29_2_, merchantst2_.CURRENCY_ID as currenc26_29_2_, merchantst2_.CURRENCY_FORMAT_NATIONAL as currency7_29_2_, merchantst2_.LANGUAGE_ID as languag27_29_2_, merchantst2_.DOMAIN_NAME as domain_n8_29_2_, merchantst2_.IN_BUSINESS_SINCE as in_busin9_29_2_, merchantst2_.INVOICE_TEMPLATE as invoice10_29_2_, merchantst2_.LINEAGE as lineage11_29_2_, merchantst2_.PARENT_ID as parent_28_29_2_, merchantst2_.IS_RETAILER as is_reta12_29_2_, merchantst2_.SEIZEUNITCODE as seizeun13_29_2_, merchantst2_.STORE_EMAIL as store_e14_29_2_, merchantst2_.STORE_LOGO as store_l15_29_2_, merchantst2_.STORE_TEMPLATE as store_t16_29_2_, merchantst2_.STORE_ADDRESS as store_a17_29_2_, merchantst2_.STORE_CITY as store_c18_29_2_, merchantst2_.STORE_NAME as store_n19_29_2_, merchantst2_.STORE_PHONE as store_p20_29_2_, merchantst2_.STORE_POSTAL_CODE as store_p21_29_2_, merchantst2_.STORE_STATE_PROV as store_s22_29_2_, merchantst2_.USE_CACHE as use_cac23_29_2_, merchantst2_.WEIGHTUNITCODE as weightu24_29_2_, merchantst2_.ZONE_ID as zone_id29_29_2_, availabili3_.DATE_CREATED as date_cre2_46_3_, availabili3_.DATE_MODIFIED as date_mod3_46_3_, availabili3_.UPDT_ID as updt_id4_46_3_, availabili3_.AVAILABLE as availabl5_46_3_, availabili3_.HEIGHT as height6_46_3_, availabili3_.LENGTH as length7_46_3_, availabili3_.WEIGHT as weight8_46_3_, availabili3_.WIDTH as width9_46_3_, availabili3_.MERCHANT_ID as merchan20_46_3_, availabili3_.OWNER as owner10_46_3_, availabili3_.PRODUCT_ID as product21_46_3_, availabili3_.DATE_AVAILABLE as date_av11_46_3_, availabili3_.FREE_SHIPPING as free_sh12_46_3_, availabili3_.QUANTITY as quantit13_46_3_, availabili3_.QUANTITY_ORD_MAX as quantit14_46_3_, availabili3_.QUANTITY_ORD_MIN as quantit15_46_3_, availabili3_.STATUS as status16_46_3_, availabili3_.PRODUCT_VARIANT as product22_46_3_, availabili3_.REGION as region17_46_3_, availabili3_.REGION_VARIANT as region_18_46_3_, availabili3_.SKU as sku19_46_3_, availabili3_.PRODUCT_ID as product21_46_1__, availabili3_.PRODUCT_AVAIL_ID as product_1_46_1__, producttyp4_.PRD_TYPE_ADD_TO_CART as prd_type2_64_4_, producttyp4_.DATE_CREATED as date_cre3_64_4_, producttyp4_.DATE_MODIFIED as date_mod4_64_4_, producttyp4_.UPDT_ID as updt_id5_64_4_, producttyp4_.PRD_TYPE_CODE as prd_type6_64_4_, producttyp4_.MERCHANT_ID as merchant8_64_4_, producttyp4_.PRD_TYPE_VISIBLE as prd_type7_64_4_, prices5_.PRODUCT_PRICE_CODE as product_2_59_5_, prices5_.DEFAULT_PRICE as default_3_59_5_, prices5_.PRODUCT_AVAIL_ID as product10_59_5_, prices5_.PRODUCT_IDENTIFIER_ID as product_4_59_5_, prices5_.PRODUCT_PRICE_AMOUNT as product_5_59_5_, prices5_.PRODUCT_PRICE_SPECIAL_AMOUNT as product_6_59_5_, prices5_.PRODUCT_PRICE_SPECIAL_END_DATE as product_7_59_5_, prices5_.PRODUCT_PRICE_SPECIAL_ST_DATE as product_8_59_5_, prices5_.PRODUCT_PRICE_TYPE as product_9_59_5_, prices5_.PRODUCT_AVAIL_ID as product10_59_2__, prices5_.PRODUCT_PRICE_ID as product_1_59_2__, descriptio6_.DATE_CREATED as date_cre2_60_6_, descriptio6_.DATE_MODIFIED as date_mod3_60_6_, descriptio6_.UPDT_ID as updt_id4_60_6_, descriptio6_.DESCRIPTION as descript5_60_6_, descriptio6_.LANGUAGE_ID as language9_60_6_, descriptio6_.NAME as name6_60_6_, descriptio6_.TITLE as title7_60_6_, descriptio6_.PRICE_APPENDER as price_ap8_60_6_, descriptio6_.PRODUCT_PRICE_ID as product10_60_6_, descriptio6_.PRODUCT_PRICE_ID as product10_60_3__, descriptio6_.DESCRIPTION_ID as descript1_60_3__, category8_.DATE_CREATED as date_cre2_2_7_, category8_.DATE_MODIFIED as date_mod3_2_7_, category8_.UPDT_ID as updt_id4_2_7_, category8_.CATEGORY_IMAGE as category5_2_7_, category8_.CATEGORY_STATUS as category6_2_7_, category8_.CODE as code7_2_7_, category8_.DEPTH as depth8_2_7_, category8_.FEATURED as featured9_2_7_, category8_.LINEAGE as lineage10_2_7_, category8_.MERCHANT_ID as merchan13_2_7_, category8_.PARENT_ID as parent_14_2_7_, category8_.SORT_ORDER as sort_or11_2_7_, category8_.VISIBLE as visible12_2_7_, categories7_.PRODUCT_ID as product_1_47_4__, categories7_.CATEGORY_ID as category2_47_4__, descriptio9_.DATE_CREATED as date_cre2_3_8_, descriptio9_.DATE_MODIFIED as date_mod3_3_8_, descriptio9_.UPDT_ID as updt_id4_3_8_, descriptio9_.DESCRIPTION as descript5_3_8_, descriptio9_.LANGUAGE_ID as languag13_3_8_, descriptio9_.NAME as name6_3_8_, descriptio9_.TITLE as title7_3_8_, descriptio9_.CATEGORY_ID as categor14_3_8_, descriptio9_.CATEGORY_HIGHLIGHT as category8_3_8_, descriptio9_.META_DESCRIPTION as meta_des9_3_8_, descriptio9_.META_KEYWORDS as meta_ke10_3_8_, descriptio9_.META_TITLE as meta_ti11_3_8_, descriptio9_.SEF_URL as sef_url12_3_8_, descriptio9_.CATEGORY_ID as categor14_3_5__, descriptio9_.DESCRIPTION_ID as descript1_3_5__, attributes10_.PRODUCT_ATTRIBUTE_DEFAULT as product_2_45_9_, attributes10_.PRODUCT_ATTRIBUTE_DISCOUNTED as product_3_45_9_, attributes10_.PRODUCT_ATTRIBUTE_FOR_DISP as product_4_45_9_, attributes10_.PRODUCT_ATTRIBUTE_REQUIRED as product_5_45_9_, attributes10_.PRODUCT_ID as product10_45_9_, attributes10_.PRODUCT_ATTRIBUTE_FREE as product_6_45_9_, attributes10_.PRODUCT_ATRIBUTE_PRICE as product_7_45_9_, attributes10_.PRODUCT_ATTRIBUTE_WEIGHT as product_8_45_9_, attributes10_.OPTION_ID as option_11_45_9_, attributes10_.PRODUCT_ATTRIBUTE_SORT_ORD as product_9_45_9_, attributes10_.OPTION_VALUE_ID as option_12_45_9_, attributes10_.PRODUCT_ID as product10_45_6__, attributes10_.PRODUCT_ATTRIBUTE_ID as product_1_45_6__, productopt11_.PRODUCT_OPTION_CODE as product_2_54_10_, productopt11_.MERCHANT_ID as merchant6_54_10_, productopt11_.PRODUCT_OPTION_SORT_ORD as product_3_54_10_, productopt11_.PRODUCT_OPTION_TYPE as product_4_54_10_, productopt11_.PRODUCT_OPTION_READ as product_5_54_10_, descriptio12_.DATE_CREATED as date_cre2_55_11_, descriptio12_.DATE_MODIFIED as date_mod3_55_11_, descriptio12_.UPDT_ID as updt_id4_55_11_, descriptio12_.DESCRIPTION as descript5_55_11_, descriptio12_.LANGUAGE_ID as language9_55_11_, descriptio12_.NAME as name6_55_11_, descriptio12_.TITLE as title7_55_11_, descriptio12_.PRODUCT_OPTION_ID as product10_55_11_, descriptio12_.PRODUCT_OPTION_COMMENT as product_8_55_11_, descriptio12_.PRODUCT_OPTION_ID as product10_55_7__, descriptio12_.DESCRIPTION_ID as descript1_55_7__, productopt13_.PRODUCT_OPTION_VAL_CODE as product_2_57_12_, productopt13_.MERCHANT_ID as merchant6_57_12_, productopt13_.PRODUCT_OPT_FOR_DISP as product_3_57_12_, productopt13_.PRODUCT_OPT_VAL_IMAGE as product_4_57_12_, productopt13_.PRODUCT_OPT_VAL_SORT_ORD as product_5_57_12_, descriptio14_.DATE_CREATED as date_cre2_58_13_, descriptio14_.DATE_MODIFIED as date_mod3_58_13_, descriptio14_.UPDT_ID as updt_id4_58_13_, descriptio14_.DESCRIPTION as descript5_58_13_, descriptio14_.LANGUAGE_ID as language8_58_13_, descriptio14_.NAME as name6_58_13_, descriptio14_.TITLE as title7_58_13_, descriptio14_.PRODUCT_OPTION_VALUE_ID as product_9_58_13_, descriptio14_.PRODUCT_OPTION_VALUE_ID as product_9_58_8__, descriptio14_.DESCRIPTION_ID as descript1_58_8__, relationsh15_.ACTIVE as active2_61_14_, relationsh15_.CODE as code3_61_14_, relationsh15_.PRODUCT_ID as product_4_61_14_, relationsh15_.RELATED_PRODUCT_ID as related_5_61_14_, relationsh15_.MERCHANT_ID as merchant6_61_14_, relationsh15_.PRODUCT_ID as product_4_61_9__, relationsh15_.PRODUCT_RELATIONSHIP_ID as product_1_61_9__, manufactur16_.DATE_CREATED as date_cre2_24_15_, manufactur16_.DATE_MODIFIED as date_mod3_24_15_, manufactur16_.UPDT_ID as updt_id4_24_15_, manufactur16_.CODE as code5_24_15_, manufactur16_.MANUFACTURER_IMAGE as manufact6_24_15_, manufactur16_.MERCHANT_ID as merchant8_24_15_, manufactur16_.SORT_ORDER as sort_ord7_24_15_, descriptio17_.DATE_CREATED as date_cre2_25_16_, descriptio17_.DATE_MODIFIED as date_mod3_25_16_, descriptio17_.UPDT_ID as updt_id4_25_16_, descriptio17_.DESCRIPTION as descript5_25_16_, descriptio17_.LANGUAGE_ID as languag11_25_16_, descriptio17_.NAME as name6_25_16_, descriptio17_.TITLE as title7_25_16_, descriptio17_.DATE_LAST_CLICK as date_las8_25_16_, descriptio17_.MANUFACTURER_ID as manufac12_25_16_, descriptio17_.MANUFACTURERS_URL as manufact9_25_16_, descriptio17_.URL_CLICKED as url_cli10_25_16_, descriptio17_.MANUFACTURER_ID as manufac12_25_10__, descriptio17_.DESCRIPTION_ID as descript1_25_10__, variants19_.DATE_CREATED as date_cre2_68_17_, variants19_.DATE_MODIFIED as date_mod3_68_17_, variants19_.UPDT_ID as updt_id4_68_17_, variants19_.AVAILABLE as availabl5_68_17_, variants19_.CODE as code6_68_17_, variants19_.DATE_AVAILABLE as date_ava7_68_17_, variants19_.DEFAULT_SELECTION as default_8_68_17_, variants19_.PRODUCT_ID as product11_68_17_, variants19_.PRODUCT_VARIANT_GROUP_ID as product12_68_17_, variants19_.SKU as sku9_68_17_, variants19_.SORT_ORDER as sort_or10_68_17_, variants19_.PRODUCT_VARIATION_ID as product13_68_17_, variants19_.PRODUCT_VARIATION_VALUE_ID as product14_68_17_, variants19_.PRODUCT_ID as product11_68_11__, variants19_.PRODUCT_VARIANT_ID as product_1_68_11__, productvar20_.DATE_CREATED as date_cre2_70_18_, productvar20_.DATE_MODIFIED as date_mod3_70_18_, productvar20_.UPDT_ID as updt_id4_70_18_, productvar20_.CODE as code5_70_18_, productvar20_.MERCHANT_ID as merchant8_70_18_, productvar20_.PRODUCT_OPTION_ID as product_9_70_18_, productvar20_.OPTION_VALUE_ID as option_10_70_18_, productvar20_.SORT_ORDER as sort_ord6_70_18_, productvar20_.VARIANT_DEFAULT as variant_7_70_18_, productopt21_.PRODUCT_OPTION_CODE as product_2_54_19_, productopt21_.MERCHANT_ID as merchant6_54_19_, productopt21_.PRODUCT_OPTION_SORT_ORD as product_3_54_19_, productopt21_.PRODUCT_OPTION_TYPE as product_4_54_19_, productopt21_.PRODUCT_OPTION_READ as product_5_54_19_, productopt22_.PRODUCT_OPTION_VAL_CODE as product_2_57_20_, productopt22_.MERCHANT_ID as merchant6_57_20_, productopt22_.PRODUCT_OPT_FOR_DISP as product_3_57_20_, productopt22_.PRODUCT_OPT_VAL_IMAGE as product_4_57_20_, productopt22_.PRODUCT_OPT_VAL_SORT_ORD as product_5_57_20_, descriptio23_.DATE_CREATED as date_cre2_55_21_, descriptio23_.DATE_MODIFIED as date_mod3_55_21_, descriptio23_.UPDT_ID as updt_id4_55_21_, descriptio23_.DESCRIPTION as descript5_55_21_, descriptio23_.LANGUAGE_ID as language9_55_21_, descriptio23_.NAME as name6_55_21_, descriptio23_.TITLE as title7_55_21_, descriptio23_.PRODUCT_OPTION_ID as product10_55_21_, descriptio23_.PRODUCT_OPTION_COMMENT as product_8_55_21_, descriptio23_.PRODUCT_OPTION_ID as product10_55_12__, descriptio23_.DESCRIPTION_ID as descript1_55_12__, descriptio24_.DATE_CREATED as date_cre2_58_22_, descriptio24_.DATE_MODIFIED as date_mod3_58_22_, descriptio24_.UPDT_ID as updt_id4_58_22_, descriptio24_.DESCRIPTION as descript5_58_22_, descriptio24_.LANGUAGE_ID as language8_58_22_, descriptio24_.NAME as name6_58_22_, descriptio24_.TITLE as title7_58_22_, descriptio24_.PRODUCT_OPTION_VALUE_ID as product_9_58_22_, descriptio24_.PRODUCT_OPTION_VALUE_ID as product_9_58_13__, descriptio24_.DESCRIPTION_ID as descript1_58_13__, productvar25_.DATE_CREATED as date_cre2_70_23_, productvar25_.DATE_MODIFIED as date_mod3_70_23_, productvar25_.UPDT_ID as updt_id4_70_23_, productvar25_.CODE as code5_70_23_, productvar25_.MERCHANT_ID as merchant8_70_23_, productvar25_.PRODUCT_OPTION_ID as product_9_70_23_, productvar25_.OPTION_VALUE_ID as option_10_70_23_, productvar25_.SORT_ORDER as sort_ord6_70_23_, productvar25_.VARIANT_DEFAULT as variant_7_70_23_, productopt26_.PRODUCT_OPTION_CODE as product_2_54_24_, productopt26_.MERCHANT_ID as merchant6_54_24_, productopt26_.PRODUCT_OPTION_SORT_ORD as product_3_54_24_, productopt26_.PRODUCT_OPTION_TYPE as product_4_54_24_, productopt26_.PRODUCT_OPTION_READ as product_5_54_24_, productopt27_.PRODUCT_OPTION_VAL_CODE as product_2_57_25_, productopt27_.MERCHANT_ID as merchant6_57_25_, productopt27_.PRODUCT_OPT_FOR_DISP as product_3_57_25_, productopt27_.PRODUCT_OPT_VAL_IMAGE as product_4_57_25_, productopt27_.PRODUCT_OPT_VAL_SORT_ORD as product_5_57_25_, descriptio28_.DATE_CREATED as date_cre2_55_26_, descriptio28_.DATE_MODIFIED as date_mod3_55_26_, descriptio28_.UPDT_ID as updt_id4_55_26_, descriptio28_.DESCRIPTION as descript5_55_26_, descriptio28_.LANGUAGE_ID as language9_55_26_, descriptio28_.NAME as name6_55_26_, descriptio28_.TITLE as title7_55_26_, descriptio28_.PRODUCT_OPTION_ID as product10_55_26_, descriptio28_.PRODUCT_OPTION_COMMENT as product_8_55_26_, descriptio28_.PRODUCT_OPTION_ID as product10_55_14__, descriptio28_.DESCRIPTION_ID as descript1_55_14__, descriptio29_.DATE_CREATED as date_cre2_58_27_, descriptio29_.DATE_MODIFIED as date_mod3_58_27_, descriptio29_.UPDT_ID as updt_id4_58_27_, descriptio29_.DESCRIPTION as descript5_58_27_, descriptio29_.LANGUAGE_ID as language8_58_27_, descriptio29_.NAME as name6_58_27_, descriptio29_.TITLE as title7_58_27_, descriptio29_.PRODUCT_OPTION_VALUE_ID as product_9_58_27_, descriptio29_.PRODUCT_OPTION_VALUE_ID as product_9_58_15__, descriptio29_.DESCRIPTION_ID as descript1_58_15__, availabili30_.DATE_CREATED as date_cre2_46_28_, availabili30_.DATE_MODIFIED as date_mod3_46_28_, availabili30_.UPDT_ID as updt_id4_46_28_, availabili30_.AVAILABLE as availabl5_46_28_, availabili30_.HEIGHT as height6_46_28_, availabili30_.LENGTH as length7_46_28_, availabili30_.WEIGHT as weight8_46_28_, availabili30_.WIDTH as width9_46_28_, availabili30_.MERCHANT_ID as merchan20_46_28_, availabili30_.OWNER as owner10_46_28_, availabili30_.PRODUCT_ID as product21_46_28_, availabili30_.DATE_AVAILABLE as date_av11_46_28_, availabili30_.FREE_SHIPPING as free_sh12_46_28_, availabili30_.QUANTITY as quantit13_46_28_, availabili30_.QUANTITY_ORD_MAX as quantit14_46_28_, availabili30_.QUANTITY_ORD_MIN as quantit15_46_28_, availabili30_.STATUS as status16_46_28_, availabili30_.PRODUCT_VARIANT as product22_46_28_, availabili30_.REGION as region17_46_28_, availabili30_.REGION_VARIANT as region_18_46_28_, availabili30_.SKU as sku19_46_28_, availabili30_.PRODUCT_VARIANT as product22_46_16__, availabili30_.PRODUCT_AVAIL_ID as product_1_46_16__, prices31_.PRODUCT_PRICE_CODE as product_2_59_29_, prices31_.DEFAULT_PRICE as default_3_59_29_, prices31_.PRODUCT_AVAIL_ID as product10_59_29_, prices31_.PRODUCT_IDENTIFIER_ID as product_4_59_29_, prices31_.PRODUCT_PRICE_AMOUNT as product_5_59_29_, prices31_.PRODUCT_PRICE_SPECIAL_AMOUNT as product_6_59_29_, prices31_.PRODUCT_PRICE_SPECIAL_END_DATE as product_7_59_29_, prices31_.PRODUCT_PRICE_SPECIAL_ST_DATE as product_8_59_29_, prices31_.PRODUCT_PRICE_TYPE as product_9_59_29_, prices31_.PRODUCT_AVAIL_ID as product10_59_17__, prices31_.PRODUCT_PRICE_ID as product_1_59_17__, descriptio32_.DATE_CREATED as date_cre2_60_30_, descriptio32_.DATE_MODIFIED as date_mod3_60_30_, descriptio32_.UPDT_ID as updt_id4_60_30_, descriptio32_.DESCRIPTION as descript5_60_30_, descriptio32_.LANGUAGE_ID as language9_60_30_, descriptio32_.NAME as name6_60_30_, descriptio32_.TITLE as title7_60_30_, descriptio32_.PRICE_APPENDER as price_ap8_60_30_, descriptio32_.PRODUCT_PRICE_ID as product10_60_30_, descriptio32_.PRODUCT_PRICE_ID as product10_60_18__, descriptio32_.DESCRIPTION_ID as descript1_60_18__, productvar33_.MERCHANT_ID as merchant2_69_31_, images34_.DEFAULT_IMAGE as default_2_66_32_, images34_.PRODUCT_IMAGE as product_3_66_32_, images34_.PRODUCT_VARIANT_GROUP_ID as product_4_66_32_, images34_.PRODUCT_VARIANT_GROUP_ID as product_4_66_19__, images34_.PRODUCT_VAR_IMAGE_ID as product_1_66_19__, descriptio35_.DATE_CREATED as date_cre2_67_33_, descriptio35_.DATE_MODIFIED as date_mod3_67_33_, descriptio35_.UPDT_ID as updt_id4_67_33_, descriptio35_.DESCRIPTION as descript5_67_33_, descriptio35_.LANGUAGE_ID as language9_67_33_, descriptio35_.NAME as name6_67_33_, descriptio35_.TITLE as title7_67_33_, descriptio35_.ALT_TAG as alt_tag8_67_33_, descriptio35_.PRODUCT_ID as product10_67_33_, descriptio35_.PRODUCT_VAR_IMAGE_ID as product11_67_33_, descriptio35_.PRODUCT_VAR_IMAGE_ID as product11_67_20__, descriptio35_.DESCRIPTION_ID as descript1_67_20__ from SALESMANAGER.PRODUCT product0_ inner join SALESMANAGER.PRODUCT_DESCRIPTION descriptio1_ on product0_.PRODUCT_ID=descriptio1_.PRODUCT_ID inner join SALESMANAGER.MERCHANT_STORE merchantst2_ on product0_.MERCHANT_ID=merchantst2_.MERCHANT_ID left outer join SALESMANAGER.PRODUCT_AVAILABILITY availabili3_ on product0_.PRODUCT_ID=availabili3_.PRODUCT_ID left outer join SALESMANAGER.PRODUCT_TYPE producttyp4_ on product0_.PRODUCT_TYPE_ID=producttyp4_.PRODUCT_TYPE_ID left outer join SALESMANAGER.PRODUCT_PRICE prices5_ on availabili3_.PRODUCT_AVAIL_ID=prices5_.PRODUCT_AVAIL_ID left outer join SALESMANAGER.PRODUCT_PRICE_DESCRIPTION descriptio6_ on prices5_.PRODUCT_PRICE_ID=descriptio6_.PRODUCT_PRICE_ID left outer join SALESMANAGER.PRODUCT_CATEGORY categories7_ on product0_.PRODUCT_ID=categories7_.PRODUCT_ID left outer join SALESMANAGER.CATEGORY category8_ on categories7_.CATEGORY_ID=category8_.CATEGORY_ID left outer join SALESMANAGER.CATEGORY_DESCRIPTION descriptio9_ on category8_.CATEGORY_ID=descriptio9_.CATEGORY_ID left outer join SALESMANAGER.PRODUCT_ATTRIBUTE attributes10_ on product0_.PRODUCT_ID=attributes10_.PRODUCT_ID left outer join SALESMANAGER.PRODUCT_OPTION productopt11_ on attributes10_.OPTION_ID=productopt11_.PRODUCT_OPTION_ID left outer join SALESMANAGER.PRODUCT_OPTION_DESC descriptio12_ on productopt11_.PRODUCT_OPTION_ID=descriptio12_.PRODUCT_OPTION_ID left outer join SALESMANAGER.PRODUCT_OPTION_VALUE productopt13_ on attributes10_.OPTION_VALUE_ID=productopt13_.PRODUCT_OPTION_VALUE_ID left outer join SALESMANAGER.PRODUCT_OPTION_VALUE_DESCRIPTION descriptio14_ on productopt13_.PRODUCT_OPTION_VALUE_ID=descriptio14_.PRODUCT_OPTION_VALUE_ID left outer join SALESMANAGER.PRODUCT_RELATIONSHIP relationsh15_ on product0_.PRODUCT_ID=relationsh15_.PRODUCT_ID left outer join SALESMANAGER.MANUFACTURER manufactur16_ on product0_.MANUFACTURER_ID=manufactur16_.MANUFACTURER_ID left outer join SALESMANAGER.MANUFACTURER_DESCRIPTION descriptio17_ on manufactur16_.MANUFACTURER_ID=descriptio17_.MANUFACTURER_ID left outer join SALESMANAGER.PRODUCT_VARIANT variants19_ on product0_.PRODUCT_ID=variants19_.PRODUCT_ID left outer join SALESMANAGER.PRODUCT_VARIATION productvar20_ on variants19_.PRODUCT_VARIATION_ID=productvar20_.PRODUCT_VARIATION_ID left outer join SALESMANAGER.PRODUCT_OPTION productopt21_ on productvar20_.PRODUCT_OPTION_ID=productopt21_.PRODUCT_OPTION_ID left outer join SALESMANAGER.PRODUCT_OPTION_VALUE productopt22_ on productvar20_.OPTION_VALUE_ID=productopt22_.PRODUCT_OPTION_VALUE_ID left outer join SALESMANAGER.PRODUCT_OPTION_DESC descriptio23_ on productopt21_.PRODUCT_OPTION_ID=descriptio23_.PRODUCT_OPTION_ID left outer join SALESMANAGER.PRODUCT_OPTION_VALUE_DESCRIPTION descriptio24_ on productopt22_.PRODUCT_OPTION_VALUE_ID=descriptio24_.PRODUCT_OPTION_VALUE_ID left outer join SALESMANAGER.PRODUCT_VARIATION productvar25_ on variants19_.PRODUCT_VARIATION_VALUE_ID=productvar25_.PRODUCT_VARIATION_ID left outer join SALESMANAGER.PRODUCT_OPTION productopt26_ on productvar25_.PRODUCT_OPTION_ID=productopt26_.PRODUCT_OPTION_ID left outer join SALESMANAGER.PRODUCT_OPTION_VALUE productopt27_ on productvar25_.OPTION_VALUE_ID=productopt27_.PRODUCT_OPTION_VALUE_ID left outer join SALESMANAGER.PRODUCT_OPTION_DESC descriptio28_ on productopt26_.PRODUCT_OPTION_ID=descriptio28_.PRODUCT_OPTION_ID left outer join SALESMANAGER.PRODUCT_OPTION_VALUE_DESCRIPTION descriptio29_ on productopt22_.PRODUCT_OPTION_VALUE_ID=descriptio29_.PRODUCT_OPTION_VALUE_ID left outer join SALESMANAGER.PRODUCT_AVAILABILITY availabili30_ on variants19_.PRODUCT_VARIANT_ID=availabili30_.PRODUCT_VARIANT left outer join SALESMANAGER.PRODUCT_PRICE prices31_ on availabili30_.PRODUCT_AVAIL_ID=prices31_.PRODUCT_AVAIL_ID left outer join SALESMANAGER.PRODUCT_PRICE_DESCRIPTION descriptio32_ on prices31_.PRODUCT_PRICE_ID=descriptio32_.PRODUCT_PRICE_ID left outer join SALESMANAGER.PRODUCT_VARIANT_GROUP productvar33_ on variants19_.PRODUCT_VARIANT_GROUP_ID=productvar33_.PRODUCT_VARIANT_GROUP_ID left outer join SALESMANAGER.PRODUCT_VAR_IMAGE images34_ on productvar33_.PRODUCT_VARIANT_GROUP_ID=images34_.PRODUCT_VARIANT_GROUP_ID left outer join SALESMANAGER.PRODUCT_VAR_IMAGE_DESCRIPTION descriptio35_ on images34_.PRODUCT_VAR_IMAGE_ID=descriptio35_.PRODUCT_VAR_IMAGE_ID where product0_.PRODUCT_ID=? and merchantst2_.MERCHANT_ID=?
2025-12-16 00:14:00.877  WARN 28064 --- [nio-8080-exec-8] o.h.h.internal.ast.QueryTranslatorImpl   : HHH000104: firstResult/maxResults specified with collection fetch; applying in memory!
2025-12-16 00:14:00.877 DEBUG 28064 --- [nio-8080-exec-8] org.hibernate.SQL                        : select distinct product0_.PRODUCT_ID as product_1_44_0_, merchantst1_.MERCHANT_ID as merchant1_29_1_, availabili2_.PRODUCT_AVAIL_ID as product_1_46_2_, prices3_.PRODUCT_PRICE_ID as product_1_59_3_, descriptio4_.DESCRIPTION_ID as descript1_60_4_, descriptio5_.DESCRIPTION_ID as descript1_48_5_, category7_.CATEGORY_ID as category1_2_6_, descriptio8_.DESCRIPTION_ID as descript1_3_7_, images9_.PRODUCT_IMAGE_ID as product_1_50_8_, manufactur10_.MANUFACTURER_ID as manufact1_24_9_, descriptio11_.DESCRIPTION_ID as descript1_25_10_, producttyp12_.PRODUCT_TYPE_ID as product_1_64_11_, taxclass13_.TAX_CLASS_ID as tax_clas1_80_12_, attributes14_.PRODUCT_ATTRIBUTE_ID as product_1_45_13_, productopt15_.PRODUCT_OPTION_ID as product_1_54_14_, descriptio16_.DESCRIPTION_ID as descript1_55_15_, productopt17_.PRODUCT_OPTION_VALUE_ID as product_1_57_16_, descriptio18_.DESCRIPTION_ID as descript1_58_17_, variants19_.PRODUCT_VARIANT_ID as product_1_68_18_, productvar20_.PRODUCT_VARIATION_ID as product_1_70_19_, productopt21_.PRODUCT_OPTION_ID as product_1_54_20_, productopt22_.PRODUCT_OPTION_VALUE_ID as product_1_57_21_, descriptio23_.DESCRIPTION_ID as descript1_55_22_, descriptio24_.DESCRIPTION_ID as descript1_58_23_, productvar25_.PRODUCT_VARIATION_ID as product_1_70_24_, productopt26_.PRODUCT_OPTION_ID as product_1_54_25_, productopt27_.PRODUCT_OPTION_VALUE_ID as product_1_57_26_, descriptio28_.DESCRIPTION_ID as descript1_55_27_, descriptio29_.DESCRIPTION_ID as descript1_58_28_, availabili30_.PRODUCT_AVAIL_ID as product_1_46_29_, prices31_.PRODUCT_PRICE_ID as product_1_59_30_, descriptio32_.DESCRIPTION_ID as descript1_60_31_, productvar33_.PRODUCT_VARIANT_GROUP_ID as product_1_69_32_, images34_.PRODUCT_VAR_IMAGE_ID as product_1_66_33_, descriptio35_.DESCRIPTION_ID as descript1_67_34_, product0_.DATE_CREATED as date_cre2_44_0_, product0_.DATE_MODIFIED as date_mod3_44_0_, product0_.UPDT_ID as updt_id4_44_0_, product0_.AVAILABLE as availabl5_44_0_, product0_.COND as cond6_44_0_, product0_.DATE_AVAILABLE as date_ava7_44_0_, product0_.MANUFACTURER_ID as manufac25_44_0_, product0_.MERCHANT_ID as merchan26_44_0_, product0_.CUSTOMER_ID as custome27_44_0_, product0_.PREORDER as preorder8_44_0_, product0_.PRODUCT_HEIGHT as product_9_44_0_, product0_.PRODUCT_FREE as product10_44_0_, product0_.PRODUCT_LENGTH as product11_44_0_, product0_.QUANTITY_ORDERED as quantit12_44_0_, product0_.REVIEW_AVG as review_13_44_0_, product0_.REVIEW_COUNT as review_14_44_0_, product0_.PRODUCT_SHIP as product15_44_0_, product0_.PRODUCT_VIRTUAL as product16_44_0_, product0_.PRODUCT_WEIGHT as product17_44_0_, product0_.PRODUCT_WIDTH as product18_44_0_, product0_.REF_SKU as ref_sku19_44_0_, product0_.RENTAL_DURATION as rental_20_44_0_, product0_.RENTAL_PERIOD as rental_21_44_0_, product0_.RENTAL_STATUS as rental_22_44_0_, product0_.SKU as sku23_44_0_, product0_.SORT_ORDER as sort_or24_44_0_, product0_.TAX_CLASS_ID as tax_cla28_44_0_, product0_.PRODUCT_TYPE_ID as product29_44_0_, merchantst1_.DATE_CREATED as date_cre2_29_1_, merchantst1_.DATE_MODIFIED as date_mod3_29_1_, merchantst1_.UPDT_ID as updt_id4_29_1_, merchantst1_.STORE_CODE as store_co5_29_1_, merchantst1_.CONTINUESHOPPINGURL as continue6_29_1_, merchantst1_.COUNTRY_ID as country25_29_1_, merchantst1_.CURRENCY_ID as currenc26_29_1_, merchantst1_.CURRENCY_FORMAT_NATIONAL as currency7_29_1_, merchantst1_.LANGUAGE_ID as languag27_29_1_, merchantst1_.DOMAIN_NAME as domain_n8_29_1_, merchantst1_.IN_BUSINESS_SINCE as in_busin9_29_1_, merchantst1_.INVOICE_TEMPLATE as invoice10_29_1_, merchantst1_.LINEAGE as lineage11_29_1_, merchantst1_.PARENT_ID as parent_28_29_1_, merchantst1_.IS_RETAILER as is_reta12_29_1_, merchantst1_.SEIZEUNITCODE as seizeun13_29_1_, merchantst1_.STORE_EMAIL as store_e14_29_1_, merchantst1_.STORE_LOGO as store_l15_29_1_, merchantst1_.STORE_TEMPLATE as store_t16_29_1_, merchantst1_.STORE_ADDRESS as store_a17_29_1_, merchantst1_.STORE_CITY as store_c18_29_1_, merchantst1_.STORE_NAME as store_n19_29_1_, merchantst1_.STORE_PHONE as store_p20_29_1_, merchantst1_.STORE_POSTAL_CODE as store_p21_29_1_, merchantst1_.STORE_STATE_PROV as store_s22_29_1_, merchantst1_.USE_CACHE as use_cac23_29_1_, merchantst1_.WEIGHTUNITCODE as weightu24_29_1_, merchantst1_.ZONE_ID as zone_id29_29_1_, availabili2_.DATE_CREATED as date_cre2_46_2_, availabili2_.DATE_MODIFIED as date_mod3_46_2_, availabili2_.UPDT_ID as updt_id4_46_2_, availabili2_.AVAILABLE as availabl5_46_2_, availabili2_.HEIGHT as height6_46_2_, availabili2_.LENGTH as length7_46_2_, availabili2_.WEIGHT as weight8_46_2_, availabili2_.WIDTH as width9_46_2_, availabili2_.MERCHANT_ID as merchan20_46_2_, availabili2_.OWNER as owner10_46_2_, availabili2_.PRODUCT_ID as product21_46_2_, availabili2_.DATE_AVAILABLE as date_av11_46_2_, availabili2_.FREE_SHIPPING as free_sh12_46_2_, availabili2_.QUANTITY as quantit13_46_2_, availabili2_.QUANTITY_ORD_MAX as quantit14_46_2_, availabili2_.QUANTITY_ORD_MIN as quantit15_46_2_, availabili2_.STATUS as status16_46_2_, availabili2_.PRODUCT_VARIANT as product22_46_2_, availabili2_.REGION as region17_46_2_, availabili2_.REGION_VARIANT as region_18_46_2_, availabili2_.SKU as sku19_46_2_, availabili2_.PRODUCT_ID as product21_46_0__, availabili2_.PRODUCT_AVAIL_ID as product_1_46_0__, prices3_.PRODUCT_PRICE_CODE as product_2_59_3_, prices3_.DEFAULT_PRICE as default_3_59_3_, prices3_.PRODUCT_AVAIL_ID as product10_59_3_, prices3_.PRODUCT_IDENTIFIER_ID as product_4_59_3_, prices3_.PRODUCT_PRICE_AMOUNT as product_5_59_3_, prices3_.PRODUCT_PRICE_SPECIAL_AMOUNT as product_6_59_3_, prices3_.PRODUCT_PRICE_SPECIAL_END_DATE as product_7_59_3_, prices3_.PRODUCT_PRICE_SPECIAL_ST_DATE as product_8_59_3_, prices3_.PRODUCT_PRICE_TYPE as product_9_59_3_, prices3_.PRODUCT_AVAIL_ID as product10_59_1__, prices3_.PRODUCT_PRICE_ID as product_1_59_1__, descriptio4_.DATE_CREATED as date_cre2_60_4_, descriptio4_.DATE_MODIFIED as date_mod3_60_4_, descriptio4_.UPDT_ID as updt_id4_60_4_, descriptio4_.DESCRIPTION as descript5_60_4_, descriptio4_.LANGUAGE_ID as language9_60_4_, descriptio4_.NAME as name6_60_4_, descriptio4_.TITLE as title7_60_4_, descriptio4_.PRICE_APPENDER as price_ap8_60_4_, descriptio4_.PRODUCT_PRICE_ID as product10_60_4_, descriptio4_.PRODUCT_PRICE_ID as product10_60_2__, descriptio4_.DESCRIPTION_ID as descript1_60_2__, descriptio5_.DATE_CREATED as date_cre2_48_5_, descriptio5_.DATE_MODIFIED as date_mod3_48_5_, descriptio5_.UPDT_ID as updt_id4_48_5_, descriptio5_.DESCRIPTION as descript5_48_5_, descriptio5_.LANGUAGE_ID as languag14_48_5_, descriptio5_.NAME as name6_48_5_, descriptio5_.TITLE as title7_48_5_, descriptio5_.META_DESCRIPTION as meta_des8_48_5_, descriptio5_.META_KEYWORDS as meta_key9_48_5_, descriptio5_.META_TITLE as meta_ti10_48_5_, descriptio5_.PRODUCT_ID as product15_48_5_, descriptio5_.DOWNLOAD_LNK as downloa11_48_5_, descriptio5_.PRODUCT_HIGHLIGHT as product12_48_5_, descriptio5_.SEF_URL as sef_url13_48_5_, descriptio5_.PRODUCT_ID as product15_48_3__, descriptio5_.DESCRIPTION_ID as descript1_48_3__, category7_.DATE_CREATED as date_cre2_2_6_, category7_.DATE_MODIFIED as date_mod3_2_6_, category7_.UPDT_ID as updt_id4_2_6_, category7_.CATEGORY_IMAGE as category5_2_6_, category7_.CATEGORY_STATUS as category6_2_6_, category7_.CODE as code7_2_6_, category7_.DEPTH as depth8_2_6_, category7_.FEATURED as featured9_2_6_, category7_.LINEAGE as lineage10_2_6_, category7_.MERCHANT_ID as merchan13_2_6_, category7_.PARENT_ID as parent_14_2_6_, category7_.SORT_ORDER as sort_or11_2_6_, category7_.VISIBLE as visible12_2_6_, categories6_.PRODUCT_ID as product_1_47_4__, categories6_.CATEGORY_ID as category2_47_4__, descriptio8_.DATE_CREATED as date_cre2_3_7_, descriptio8_.DATE_MODIFIED as date_mod3_3_7_, descriptio8_.UPDT_ID as updt_id4_3_7_, descriptio8_.DESCRIPTION as descript5_3_7_, descriptio8_.LANGUAGE_ID as languag13_3_7_, descriptio8_.NAME as name6_3_7_, descriptio8_.TITLE as title7_3_7_, descriptio8_.CATEGORY_ID as categor14_3_7_, descriptio8_.CATEGORY_HIGHLIGHT as category8_3_7_, descriptio8_.META_DESCRIPTION as meta_des9_3_7_, descriptio8_.META_KEYWORDS as meta_ke10_3_7_, descriptio8_.META_TITLE as meta_ti11_3_7_, descriptio8_.SEF_URL as sef_url12_3_7_, descriptio8_.CATEGORY_ID as categor14_3_5__, descriptio8_.DESCRIPTION_ID as descript1_3_5__, images9_.DEFAULT_IMAGE as default_2_50_8_, images9_.IMAGE_CROP as image_cr3_50_8_, images9_.IMAGE_TYPE as image_ty4_50_8_, images9_.PRODUCT_ID as product_8_50_8_, images9_.PRODUCT_IMAGE as product_5_50_8_, images9_.PRODUCT_IMAGE_URL as product_6_50_8_, images9_.SORT_ORDER as sort_ord7_50_8_, images9_.PRODUCT_ID as product_8_50_6__, images9_.PRODUCT_IMAGE_ID as product_1_50_6__, manufactur10_.DATE_CREATED as date_cre2_24_9_, manufactur10_.DATE_MODIFIED as date_mod3_24_9_, manufactur10_.UPDT_ID as updt_id4_24_9_, manufactur10_.CODE as code5_24_9_, manufactur10_.MANUFACTURER_IMAGE as manufact6_24_9_, manufactur10_.MERCHANT_ID as merchant8_24_9_, manufactur10_.SORT_ORDER as sort_ord7_24_9_, descriptio11_.DATE_CREATED as date_cre2_25_10_, descriptio11_.DATE_MODIFIED as date_mod3_25_10_, descriptio11_.UPDT_ID as updt_id4_25_10_, descriptio11_.DESCRIPTION as descript5_25_10_, descriptio11_.LANGUAGE_ID as languag11_25_10_, descriptio11_.NAME as name6_25_10_, descriptio11_.TITLE as title7_25_10_, descriptio11_.DATE_LAST_CLICK as date_las8_25_10_, descriptio11_.MANUFACTURER_ID as manufac12_25_10_, descriptio11_.MANUFACTURERS_URL as manufact9_25_10_, descriptio11_.URL_CLICKED as url_cli10_25_10_, descriptio11_.MANUFACTURER_ID as manufac12_25_7__, descriptio11_.DESCRIPTION_ID as descript1_25_7__, producttyp12_.PRD_TYPE_ADD_TO_CART as prd_type2_64_11_, producttyp12_.DATE_CREATED as date_cre3_64_11_, producttyp12_.DATE_MODIFIED as date_mod4_64_11_, producttyp12_.UPDT_ID as updt_id5_64_11_, producttyp12_.PRD_TYPE_CODE as prd_type6_64_11_, producttyp12_.MERCHANT_ID as merchant8_64_11_, producttyp12_.PRD_TYPE_VISIBLE as prd_type7_64_11_, taxclass13_.TAX_CLASS_CODE as tax_clas2_80_12_, taxclass13_.MERCHANT_ID as merchant4_80_12_, taxclass13_.TAX_CLASS_TITLE as tax_clas3_80_12_, attributes14_.PRODUCT_ATTRIBUTE_DEFAULT as product_2_45_13_, attributes14_.PRODUCT_ATTRIBUTE_DISCOUNTED as product_3_45_13_, attributes14_.PRODUCT_ATTRIBUTE_FOR_DISP as product_4_45_13_, attributes14_.PRODUCT_ATTRIBUTE_REQUIRED as product_5_45_13_, attributes14_.PRODUCT_ID as product10_45_13_, attributes14_.PRODUCT_ATTRIBUTE_FREE as product_6_45_13_, attributes14_.PRODUCT_ATRIBUTE_PRICE as product_7_45_13_, attributes14_.PRODUCT_ATTRIBUTE_WEIGHT as product_8_45_13_, attributes14_.OPTION_ID as option_11_45_13_, attributes14_.PRODUCT_ATTRIBUTE_SORT_ORD as product_9_45_13_, attributes14_.OPTION_VALUE_ID as option_12_45_13_, attributes14_.PRODUCT_ID as product10_45_8__, attributes14_.PRODUCT_ATTRIBUTE_ID as product_1_45_8__, productopt15_.PRODUCT_OPTION_CODE as product_2_54_14_, productopt15_.MERCHANT_ID as merchant6_54_14_, productopt15_.PRODUCT_OPTION_SORT_ORD as product_3_54_14_, productopt15_.PRODUCT_OPTION_TYPE as product_4_54_14_, productopt15_.PRODUCT_OPTION_READ as product_5_54_14_, descriptio16_.DATE_CREATED as date_cre2_55_15_, descriptio16_.DATE_MODIFIED as date_mod3_55_15_, descriptio16_.UPDT_ID as updt_id4_55_15_, descriptio16_.DESCRIPTION as descript5_55_15_, descriptio16_.LANGUAGE_ID as language9_55_15_, descriptio16_.NAME as name6_55_15_, descriptio16_.TITLE as title7_55_15_, descriptio16_.PRODUCT_OPTION_ID as product10_55_15_, descriptio16_.PRODUCT_OPTION_COMMENT as product_8_55_15_, descriptio16_.PRODUCT_OPTION_ID as product10_55_9__, descriptio16_.DESCRIPTION_ID as descript1_55_9__, productopt17_.PRODUCT_OPTION_VAL_CODE as product_2_57_16_, productopt17_.MERCHANT_ID as merchant6_57_16_, productopt17_.PRODUCT_OPT_FOR_DISP as product_3_57_16_, productopt17_.PRODUCT_OPT_VAL_IMAGE as product_4_57_16_, productopt17_.PRODUCT_OPT_VAL_SORT_ORD as product_5_57_16_, descriptio18_.DATE_CREATED as date_cre2_58_17_, descriptio18_.DATE_MODIFIED as date_mod3_58_17_, descriptio18_.UPDT_ID as updt_id4_58_17_, descriptio18_.DESCRIPTION as descript5_58_17_, descriptio18_.LANGUAGE_ID as language8_58_17_, descriptio18_.NAME as name6_58_17_, descriptio18_.TITLE as title7_58_17_, descriptio18_.PRODUCT_OPTION_VALUE_ID as product_9_58_17_, descriptio18_.PRODUCT_OPTION_VALUE_ID as product_9_58_10__, descriptio18_.DESCRIPTION_ID as descript1_58_10__, variants19_.DATE_CREATED as date_cre2_68_18_, variants19_.DATE_MODIFIED as date_mod3_68_18_, variants19_.UPDT_ID as updt_id4_68_18_, variants19_.AVAILABLE as availabl5_68_18_, variants19_.CODE as code6_68_18_, variants19_.DATE_AVAILABLE as date_ava7_68_18_, variants19_.DEFAULT_SELECTION as default_8_68_18_, variants19_.PRODUCT_ID as product11_68_18_, variants19_.PRODUCT_VARIANT_GROUP_ID as product12_68_18_, variants19_.SKU as sku9_68_18_, variants19_.SORT_ORDER as sort_or10_68_18_, variants19_.PRODUCT_VARIATION_ID as product13_68_18_, variants19_.PRODUCT_VARIATION_VALUE_ID as product14_68_18_, variants19_.PRODUCT_ID as product11_68_11__, variants19_.PRODUCT_VARIANT_ID as product_1_68_11__, productvar20_.DATE_CREATED as date_cre2_70_19_, productvar20_.DATE_MODIFIED as date_mod3_70_19_, productvar20_.UPDT_ID as updt_id4_70_19_, productvar20_.CODE as code5_70_19_, productvar20_.MERCHANT_ID as merchant8_70_19_, productvar20_.PRODUCT_OPTION_ID as product_9_70_19_, productvar20_.OPTION_VALUE_ID as option_10_70_19_, productvar20_.SORT_ORDER as sort_ord6_70_19_, productvar20_.VARIANT_DEFAULT as variant_7_70_19_, productopt21_.PRODUCT_OPTION_CODE as product_2_54_20_, productopt21_.MERCHANT_ID as merchant6_54_20_, productopt21_.PRODUCT_OPTION_SORT_ORD as product_3_54_20_, productopt21_.PRODUCT_OPTION_TYPE as product_4_54_20_, productopt21_.PRODUCT_OPTION_READ as product_5_54_20_, productopt22_.PRODUCT_OPTION_VAL_CODE as product_2_57_21_, productopt22_.MERCHANT_ID as merchant6_57_21_, productopt22_.PRODUCT_OPT_FOR_DISP as product_3_57_21_, productopt22_.PRODUCT_OPT_VAL_IMAGE as product_4_57_21_, productopt22_.PRODUCT_OPT_VAL_SORT_ORD as product_5_57_21_, descriptio23_.DATE_CREATED as date_cre2_55_22_, descriptio23_.DATE_MODIFIED as date_mod3_55_22_, descriptio23_.UPDT_ID as updt_id4_55_22_, descriptio23_.DESCRIPTION as descript5_55_22_, descriptio23_.LANGUAGE_ID as language9_55_22_, descriptio23_.NAME as name6_55_22_, descriptio23_.TITLE as title7_55_22_, descriptio23_.PRODUCT_OPTION_ID as product10_55_22_, descriptio23_.PRODUCT_OPTION_COMMENT as product_8_55_22_, descriptio23_.PRODUCT_OPTION_ID as product10_55_12__, descriptio23_.DESCRIPTION_ID as descript1_55_12__, descriptio24_.DATE_CREATED as date_cre2_58_23_, descriptio24_.DATE_MODIFIED as date_mod3_58_23_, descriptio24_.UPDT_ID as updt_id4_58_23_, descriptio24_.DESCRIPTION as descript5_58_23_, descriptio24_.LANGUAGE_ID as language8_58_23_, descriptio24_.NAME as name6_58_23_, descriptio24_.TITLE as title7_58_23_, descriptio24_.PRODUCT_OPTION_VALUE_ID as product_9_58_23_, descriptio24_.PRODUCT_OPTION_VALUE_ID as product_9_58_13__, descriptio24_.DESCRIPTION_ID as descript1_58_13__, productvar25_.DATE_CREATED as date_cre2_70_24_, productvar25_.DATE_MODIFIED as date_mod3_70_24_, productvar25_.UPDT_ID as updt_id4_70_24_, productvar25_.CODE as code5_70_24_, productvar25_.MERCHANT_ID as merchant8_70_24_, productvar25_.PRODUCT_OPTION_ID as product_9_70_24_, productvar25_.OPTION_VALUE_ID as option_10_70_24_, productvar25_.SORT_ORDER as sort_ord6_70_24_, productvar25_.VARIANT_DEFAULT as variant_7_70_24_, productopt26_.PRODUCT_OPTION_CODE as product_2_54_25_, productopt26_.MERCHANT_ID as merchant6_54_25_, productopt26_.PRODUCT_OPTION_SORT_ORD as product_3_54_25_, productopt26_.PRODUCT_OPTION_TYPE as product_4_54_25_, productopt26_.PRODUCT_OPTION_READ as product_5_54_25_, productopt27_.PRODUCT_OPTION_VAL_CODE as product_2_57_26_, productopt27_.MERCHANT_ID as merchant6_57_26_, productopt27_.PRODUCT_OPT_FOR_DISP as product_3_57_26_, productopt27_.PRODUCT_OPT_VAL_IMAGE as product_4_57_26_, productopt27_.PRODUCT_OPT_VAL_SORT_ORD as product_5_57_26_, descriptio28_.DATE_CREATED as date_cre2_55_27_, descriptio28_.DATE_MODIFIED as date_mod3_55_27_, descriptio28_.UPDT_ID as updt_id4_55_27_, descriptio28_.DESCRIPTION as descript5_55_27_, descriptio28_.LANGUAGE_ID as language9_55_27_, descriptio28_.NAME as name6_55_27_, descriptio28_.TITLE as title7_55_27_, descriptio28_.PRODUCT_OPTION_ID as product10_55_27_, descriptio28_.PRODUCT_OPTION_COMMENT as product_8_55_27_, descriptio28_.PRODUCT_OPTION_ID as product10_55_14__, descriptio28_.DESCRIPTION_ID as descript1_55_14__, descriptio29_.DATE_CREATED as date_cre2_58_28_, descriptio29_.DATE_MODIFIED as date_mod3_58_28_, descriptio29_.UPDT_ID as updt_id4_58_28_, descriptio29_.DESCRIPTION as descript5_58_28_, descriptio29_.LANGUAGE_ID as language8_58_28_, descriptio29_.NAME as name6_58_28_, descriptio29_.TITLE as title7_58_28_, descriptio29_.PRODUCT_OPTION_VALUE_ID as product_9_58_28_, descriptio29_.PRODUCT_OPTION_VALUE_ID as product_9_58_15__, descriptio29_.DESCRIPTION_ID as descript1_58_15__, availabili30_.DATE_CREATED as date_cre2_46_29_, availabili30_.DATE_MODIFIED as date_mod3_46_29_, availabili30_.UPDT_ID as updt_id4_46_29_, availabili30_.AVAILABLE as availabl5_46_29_, availabili30_.HEIGHT as height6_46_29_, availabili30_.LENGTH as length7_46_29_, availabili30_.WEIGHT as weight8_46_29_, availabili30_.WIDTH as width9_46_29_, availabili30_.MERCHANT_ID as merchan20_46_29_, availabili30_.OWNER as owner10_46_29_, availabili30_.PRODUCT_ID as product21_46_29_, availabili30_.DATE_AVAILABLE as date_av11_46_29_, availabili30_.FREE_SHIPPING as free_sh12_46_29_, availabili30_.QUANTITY as quantit13_46_29_, availabili30_.QUANTITY_ORD_MAX as quantit14_46_29_, availabili30_.QUANTITY_ORD_MIN as quantit15_46_29_, availabili30_.STATUS as status16_46_29_, availabili30_.PRODUCT_VARIANT as product22_46_29_, availabili30_.REGION as region17_46_29_, availabili30_.REGION_VARIANT as region_18_46_29_, availabili30_.SKU as sku19_46_29_, availabili30_.PRODUCT_VARIANT as product22_46_16__, availabili30_.PRODUCT_AVAIL_ID as product_1_46_16__, prices31_.PRODUCT_PRICE_CODE as product_2_59_30_, prices31_.DEFAULT_PRICE as default_3_59_30_, prices31_.PRODUCT_AVAIL_ID as product10_59_30_, prices31_.PRODUCT_IDENTIFIER_ID as product_4_59_30_, prices31_.PRODUCT_PRICE_AMOUNT as product_5_59_30_, prices31_.PRODUCT_PRICE_SPECIAL_AMOUNT as product_6_59_30_, prices31_.PRODUCT_PRICE_SPECIAL_END_DATE as product_7_59_30_, prices31_.PRODUCT_PRICE_SPECIAL_ST_DATE as product_8_59_30_, prices31_.PRODUCT_PRICE_TYPE as product_9_59_30_, prices31_.PRODUCT_AVAIL_ID as product10_59_17__, prices31_.PRODUCT_PRICE_ID as product_1_59_17__, descriptio32_.DATE_CREATED as date_cre2_60_31_, descriptio32_.DATE_MODIFIED as date_mod3_60_31_, descriptio32_.UPDT_ID as updt_id4_60_31_, descriptio32_.DESCRIPTION as descript5_60_31_, descriptio32_.LANGUAGE_ID as language9_60_31_, descriptio32_.NAME as name6_60_31_, descriptio32_.TITLE as title7_60_31_, descriptio32_.PRICE_APPENDER as price_ap8_60_31_, descriptio32_.PRODUCT_PRICE_ID as product10_60_31_, descriptio32_.PRODUCT_PRICE_ID as product10_60_18__, descriptio32_.DESCRIPTION_ID as descript1_60_18__, productvar33_.MERCHANT_ID as merchant2_69_32_, images34_.DEFAULT_IMAGE as default_2_66_33_, images34_.PRODUCT_IMAGE as product_3_66_33_, images34_.PRODUCT_VARIANT_GROUP_ID as product_4_66_33_, images34_.PRODUCT_VARIANT_GROUP_ID as product_4_66_19__, images34_.PRODUCT_VAR_IMAGE_ID as product_1_66_19__, descriptio35_.DATE_CREATED as date_cre2_67_34_, descriptio35_.DATE_MODIFIED as date_mod3_67_34_, descriptio35_.UPDT_ID as updt_id4_67_34_, descriptio35_.DESCRIPTION as descript5_67_34_, descriptio35_.LANGUAGE_ID as language9_67_34_, descriptio35_.NAME as name6_67_34_, descriptio35_.TITLE as title7_67_34_, descriptio35_.ALT_TAG as alt_tag8_67_34_, descriptio35_.PRODUCT_ID as product10_67_34_, descriptio35_.PRODUCT_VAR_IMAGE_ID as product11_67_34_, descriptio35_.PRODUCT_VAR_IMAGE_ID as product11_67_20__, descriptio35_.DESCRIPTION_ID as descript1_67_20__ from SALESMANAGER.PRODUCT product0_ inner join SALESMANAGER.MERCHANT_STORE merchantst1_ on product0_.MERCHANT_ID=merchantst1_.MERCHANT_ID inner join SALESMANAGER.PRODUCT_AVAILABILITY availabili2_ on product0_.PRODUCT_ID=availabili2_.PRODUCT_ID left outer join SALESMANAGER.PRODUCT_PRICE prices3_ on availabili2_.PRODUCT_AVAIL_ID=prices3_.PRODUCT_AVAIL_ID left outer join SALESMANAGER.PRODUCT_PRICE_DESCRIPTION descriptio4_ on prices3_.PRODUCT_PRICE_ID=descriptio4_.PRODUCT_PRICE_ID left outer join SALESMANAGER.PRODUCT_DESCRIPTION descriptio5_ on product0_.PRODUCT_ID=descriptio5_.PRODUCT_ID left outer join SALESMANAGER.PRODUCT_CATEGORY categories6_ on product0_.PRODUCT_ID=categories6_.PRODUCT_ID left outer join SALESMANAGER.CATEGORY category7_ on categories6_.CATEGORY_ID=category7_.CATEGORY_ID left outer join SALESMANAGER.CATEGORY_DESCRIPTION descriptio8_ on category7_.CATEGORY_ID=descriptio8_.CATEGORY_ID left outer join SALESMANAGER.PRODUCT_IMAGE images9_ on product0_.PRODUCT_ID=images9_.PRODUCT_ID left outer join SALESMANAGER.MANUFACTURER manufactur10_ on product0_.MANUFACTURER_ID=manufactur10_.MANUFACTURER_ID left outer join SALESMANAGER.MANUFACTURER_DESCRIPTION descriptio11_ on manufactur10_.MANUFACTURER_ID=descriptio11_.MANUFACTURER_ID left outer join SALESMANAGER.PRODUCT_TYPE producttyp12_ on product0_.PRODUCT_TYPE_ID=producttyp12_.PRODUCT_TYPE_ID left outer join SALESMANAGER.TAX_CLASS taxclass13_ on product0_.TAX_CLASS_ID=taxclass13_.TAX_CLASS_ID left outer join SALESMANAGER.PRODUCT_ATTRIBUTE attributes14_ on product0_.PRODUCT_ID=attributes14_.PRODUCT_ID left outer join SALESMANAGER.PRODUCT_OPTION productopt15_ on attributes14_.OPTION_ID=productopt15_.PRODUCT_OPTION_ID left outer join SALESMANAGER.PRODUCT_OPTION_DESC descriptio16_ on productopt15_.PRODUCT_OPTION_ID=descriptio16_.PRODUCT_OPTION_ID left outer join SALESMANAGER.PRODUCT_OPTION_VALUE productopt17_ on attributes14_.OPTION_VALUE_ID=productopt17_.PRODUCT_OPTION_VALUE_ID left outer join SALESMANAGER.PRODUCT_OPTION_VALUE_DESCRIPTION descriptio18_ on productopt17_.PRODUCT_OPTION_VALUE_ID=descriptio18_.PRODUCT_OPTION_VALUE_ID left outer join SALESMANAGER.PRODUCT_VARIANT variants19_ on product0_.PRODUCT_ID=variants19_.PRODUCT_ID left outer join SALESMANAGER.PRODUCT_VARIATION productvar20_ on variants19_.PRODUCT_VARIATION_ID=productvar20_.PRODUCT_VARIATION_ID left outer join SALESMANAGER.PRODUCT_OPTION productopt21_ on productvar20_.PRODUCT_OPTION_ID=productopt21_.PRODUCT_OPTION_ID left outer join SALESMANAGER.PRODUCT_OPTION_VALUE productopt22_ on productvar20_.OPTION_VALUE_ID=productopt22_.PRODUCT_OPTION_VALUE_ID left outer join SALESMANAGER.PRODUCT_OPTION_DESC descriptio23_ on productopt21_.PRODUCT_OPTION_ID=descriptio23_.PRODUCT_OPTION_ID left outer join SALESMANAGER.PRODUCT_OPTION_VALUE_DESCRIPTION descriptio24_ on productopt22_.PRODUCT_OPTION_VALUE_ID=descriptio24_.PRODUCT_OPTION_VALUE_ID left outer join SALESMANAGER.PRODUCT_VARIATION productvar25_ on variants19_.PRODUCT_VARIATION_VALUE_ID=productvar25_.PRODUCT_VARIATION_ID left outer join SALESMANAGER.PRODUCT_OPTION productopt26_ on productvar25_.PRODUCT_OPTION_ID=productopt26_.PRODUCT_OPTION_ID left outer join SALESMANAGER.PRODUCT_OPTION_VALUE productopt27_ on productvar25_.OPTION_VALUE_ID=productopt27_.PRODUCT_OPTION_VALUE_ID left outer join SALESMANAGER.PRODUCT_OPTION_DESC descriptio28_ on productopt26_.PRODUCT_OPTION_ID=descriptio28_.PRODUCT_OPTION_ID left outer join SALESMANAGER.PRODUCT_OPTION_VALUE_DESCRIPTION descriptio29_ on productopt22_.PRODUCT_OPTION_VALUE_ID=descriptio29_.PRODUCT_OPTION_VALUE_ID left outer join SALESMANAGER.PRODUCT_AVAILABILITY availabili30_ on variants19_.PRODUCT_VARIANT_ID=availabili30_.PRODUCT_VARIANT left outer join SALESMANAGER.PRODUCT_PRICE prices31_ on availabili30_.PRODUCT_AVAIL_ID=prices31_.PRODUCT_AVAIL_ID left outer join SALESMANAGER.PRODUCT_PRICE_DESCRIPTION descriptio32_ on prices31_.PRODUCT_PRICE_ID=descriptio32_.PRODUCT_PRICE_ID left outer join SALESMANAGER.PRODUCT_VARIANT_GROUP productvar33_ on variants19_.PRODUCT_VARIANT_GROUP_ID=productvar33_.PRODUCT_VARIANT_GROUP_ID left outer join SALESMANAGER.PRODUCT_VAR_IMAGE images34_ on productvar33_.PRODUCT_VARIANT_GROUP_ID=images34_.PRODUCT_VARIANT_GROUP_ID left outer join SALESMANAGER.PRODUCT_VAR_IMAGE_DESCRIPTION descriptio35_ on images34_.PRODUCT_VAR_IMAGE_ID=descriptio35_.PRODUCT_VAR_IMAGE_ID cross join SALESMANAGER.LANGUAGE language36_ where descriptio5_.LANGUAGE_ID=language36_.LANGUAGE_ID and merchantst1_.MERCHANT_ID=? and language36_.CODE=? and product0_.AVAILABLE=true and product0_.DATE_AVAILABLE<=? order by product0_.SORT_ORDER asc
2025-12-16 00:14:09.527  WARN 28064 --- [nio-8080-exec-9] c.s.s.s.s.AuthenticationTokenFilter      : couldn't find any authorization token, will ignore the header
2025-12-16 00:14:09.594 DEBUG 28064 --- [io-8080-exec-10] s.s.s.c.JWTCustomerAuthenticationManager : Processing authentication
2025-12-16 00:14:09.641  INFO 28064 --- [io-8080-exec-10] s.s.s.c.JWTCustomerAuthenticationManager : checking authentication for user razinnazarudin@gmail.com
2025-12-16 00:14:09.641 DEBUG 28064 --- [io-8080-exec-10] c.s.s.s.s.AbstractCustomerServices       : Loading user by user id: razinnazarudin@gmail.com
2025-12-16 00:14:09.754 DEBUG 28064 --- [io-8080-exec-10] org.hibernate.SQL                        : select customer0_.CUSTOMER_ID as customer1_9_0_, merchantst1_.MERCHANT_ID as merchant1_29_1_, language2_.LANGUAGE_ID as language1_23_2_, attributes3_.CUSTOMER_ATTRIBUTE_ID as customer1_10_3_, customerop4_.CUSTOMER_OPTION_ID as customer1_14_4_, customerop5_.CUSTOMER_OPTION_VALUE_ID as customer1_17_5_, descriptio6_.DESCRIPTION_ID as descript1_15_6_, descriptio7_.DESCRIPTION_ID as descript1_12_7_, group9_.GROUP_ID as group_id1_76_8_, customer0_.CUSTOMER_ANONYMOUS as customer2_9_0_, customer0_.DATE_CREATED as date_cre3_9_0_, customer0_.DATE_MODIFIED as date_mod4_9_0_, customer0_.UPDT_ID as updt_id5_9_0_, customer0_.BILLING_STREET_ADDRESS as billing_6_9_0_, customer0_.BILLING_CITY as billing_7_9_0_, customer0_.BILLING_COMPANY as billing_8_9_0_, customer0_.BILLING_COUNTRY_ID as billing35_9_0_, customer0_.BILLING_FIRST_NAME as billing_9_9_0_, customer0_.BILLING_LAST_NAME as billing10_9_0_, customer0_.LATITUDE as latitud11_9_0_, customer0_.LONGITUDE as longitu12_9_0_, customer0_.BILLING_POSTCODE as billing13_9_0_, customer0_.BILLING_STATE as billing14_9_0_, customer0_.BILLING_TELEPHONE as billing15_9_0_, customer0_.BILLING_ZONE_ID as billing36_9_0_, customer0_.CUSTOMER_COMPANY as custome16_9_0_, customer0_.RESET_CREDENTIALS_REQ as reset_c17_9_0_, customer0_.RESET_CREDENTIALS_EXP as reset_c18_9_0_, customer0_.REVIEW_AVG as review_19_9_0_, customer0_.REVIEW_COUNT as review_20_9_0_, customer0_.CUSTOMER_DOB as custome21_9_0_, customer0_.LANGUAGE_ID as languag37_9_0_, customer0_.DELIVERY_STREET_ADDRESS as deliver22_9_0_, customer0_.DELIVERY_CITY as deliver23_9_0_, customer0_.DELIVERY_COMPANY as deliver24_9_0_, customer0_.DELIVERY_COUNTRY_ID as deliver38_9_0_, customer0_.DELIVERY_FIRST_NAME as deliver25_9_0_, customer0_.DELIVERY_LAST_NAME as deliver26_9_0_, customer0_.DELIVERY_POSTCODE as deliver27_9_0_, customer0_.DELIVERY_STATE as deliver28_9_0_, customer0_.DELIVERY_TELEPHONE as deliver29_9_0_, customer0_.DELIVERY_ZONE_ID as deliver39_9_0_, customer0_.CUSTOMER_EMAIL_ADDRESS as custome30_9_0_, customer0_.CUSTOMER_GENDER as custome31_9_0_, customer0_.MERCHANT_ID as merchan40_9_0_, customer0_.CUSTOMER_NICK as custome32_9_0_, customer0_.CUSTOMER_PASSWORD as custome33_9_0_, customer0_.PROVIDER as provide34_9_0_, merchantst1_.DATE_CREATED as date_cre2_29_1_, merchantst1_.DATE_MODIFIED as date_mod3_29_1_, merchantst1_.UPDT_ID as updt_id4_29_1_, merchantst1_.STORE_CODE as store_co5_29_1_, merchantst1_.CONTINUESHOPPINGURL as continue6_29_1_, merchantst1_.COUNTRY_ID as country25_29_1_, merchantst1_.CURRENCY_ID as currenc26_29_1_, merchantst1_.CURRENCY_FORMAT_NATIONAL as currency7_29_1_, merchantst1_.LANGUAGE_ID as languag27_29_1_, merchantst1_.DOMAIN_NAME as domain_n8_29_1_, merchantst1_.IN_BUSINESS_SINCE as in_busin9_29_1_, merchantst1_.INVOICE_TEMPLATE as invoice10_29_1_, merchantst1_.LINEAGE as lineage11_29_1_, merchantst1_.PARENT_ID as parent_28_29_1_, merchantst1_.IS_RETAILER as is_reta12_29_1_, merchantst1_.SEIZEUNITCODE as seizeun13_29_1_, merchantst1_.STORE_EMAIL as store_e14_29_1_, merchantst1_.STORE_LOGO as store_l15_29_1_, merchantst1_.STORE_TEMPLATE as store_t16_29_1_, merchantst1_.STORE_ADDRESS as store_a17_29_1_, merchantst1_.STORE_CITY as store_c18_29_1_, merchantst1_.STORE_NAME as store_n19_29_1_, merchantst1_.STORE_PHONE as store_p20_29_1_, merchantst1_.STORE_POSTAL_CODE as store_p21_29_1_, merchantst1_.STORE_STATE_PROV as store_s22_29_1_, merchantst1_.USE_CACHE as use_cac23_29_1_, merchantst1_.WEIGHTUNITCODE as weightu24_29_1_, merchantst1_.ZONE_ID as zone_id29_29_1_, language2_.DATE_CREATED as date_cre2_23_2_, language2_.DATE_MODIFIED as date_mod3_23_2_, language2_.UPDT_ID as updt_id4_23_2_, language2_.CODE as code5_23_2_, language2_.SORT_ORDER as sort_ord6_23_2_, attributes3_.CUSTOMER_ID as customer3_10_3_, attributes3_.OPTION_ID as option_i4_10_3_, attributes3_.OPTION_VALUE_ID as option_v5_10_3_, attributes3_.CUSTOMER_ATTR_TXT_VAL as customer2_10_3_, attributes3_.CUSTOMER_ID as customer3_10_0__, attributes3_.CUSTOMER_ATTRIBUTE_ID as customer1_10_0__, customerop4_.CUSTOMER_OPT_ACTIVE as customer2_14_4_, customerop4_.CUSTOMER_OPT_CODE as customer3_14_4_, customerop4_.CUSTOMER_OPTION_TYPE as customer4_14_4_, customerop4_.MERCHANT_ID as merchant7_14_4_, customerop4_.CUSTOMER_OPT_PUBLIC as customer5_14_4_, customerop4_.SORT_ORDER as sort_ord6_14_4_, customerop5_.CUSTOMER_OPT_VAL_CODE as customer2_17_5_, customerop5_.CUSTOMER_OPT_VAL_IMAGE as customer3_17_5_, customerop5_.MERCHANT_ID as merchant5_17_5_, customerop5_.SORT_ORDER as sort_ord4_17_5_, descriptio6_.DATE_CREATED as date_cre2_15_6_, descriptio6_.DATE_MODIFIED as date_mod3_15_6_, descriptio6_.UPDT_ID as updt_id4_15_6_, descriptio6_.DESCRIPTION as descript5_15_6_, descriptio6_.LANGUAGE_ID as language9_15_6_, descriptio6_.NAME as name6_15_6_, descriptio6_.TITLE as title7_15_6_, descriptio6_.CUSTOMER_OPTION_ID as custome10_15_6_, descriptio6_.CUSTOMER_OPTION_COMMENT as customer8_15_6_, descriptio6_.CUSTOMER_OPTION_ID as custome10_15_1__, descriptio6_.DESCRIPTION_ID as descript1_15_1__, descriptio7_.DATE_CREATED as date_cre2_12_7_, descriptio7_.DATE_MODIFIED as date_mod3_12_7_, descriptio7_.UPDT_ID as updt_id4_12_7_, descriptio7_.DESCRIPTION as descript5_12_7_, descriptio7_.LANGUAGE_ID as language8_12_7_, descriptio7_.NAME as name6_12_7_, descriptio7_.TITLE as title7_12_7_, descriptio7_.CUSTOMER_OPT_VAL_ID as customer9_12_7_, descriptio7_.CUSTOMER_OPT_VAL_ID as customer9_12_2__, descriptio7_.DESCRIPTION_ID as descript1_12_2__, group9_.DATE_CREATED as date_cre2_76_8_, group9_.DATE_MODIFIED as date_mod3_76_8_, group9_.UPDT_ID as updt_id4_76_8_, group9_.GROUP_NAME as group_na5_76_8_, group9_.GROUP_TYPE as group_ty6_76_8_, groups8_.CUSTOMER_ID as customer1_11_3__, groups8_.GROUP_ID as group_id2_11_3__ from SALESMANAGER.CUSTOMER customer0_ inner join SALESMANAGER.MERCHANT_STORE merchantst1_ on customer0_.MERCHANT_ID=merchantst1_.MERCHANT_ID left outer join SALESMANAGER.LANGUAGE language2_ on customer0_.LANGUAGE_ID=language2_.LANGUAGE_ID left outer join SALESMANAGER.CUSTOMER_ATTRIBUTE attributes3_ on customer0_.CUSTOMER_ID=attributes3_.CUSTOMER_ID left outer join SALESMANAGER.CUSTOMER_OPTION customerop4_ on attributes3_.OPTION_ID=customerop4_.CUSTOMER_OPTION_ID left outer join SALESMANAGER.CUSTOMER_OPTION_VALUE customerop5_ on attributes3_.OPTION_VALUE_ID=customerop5_.CUSTOMER_OPTION_VALUE_ID left outer join SALESMANAGER.CUSTOMER_OPTION_DESC descriptio6_ on customerop4_.CUSTOMER_OPTION_ID=descriptio6_.CUSTOMER_OPTION_ID left outer join SALESMANAGER.CUSTOMER_OPT_VAL_DESCRIPTION descriptio7_ on customerop5_.CUSTOMER_OPTION_VALUE_ID=descriptio7_.CUSTOMER_OPT_VAL_ID left outer join SALESMANAGER.CUSTOMER_GROUP groups8_ on customer0_.CUSTOMER_ID=groups8_.CUSTOMER_ID left outer join SALESMANAGER.SM_GROUP group9_ on groups8_.GROUP_ID=group9_.GROUP_ID where customer0_.CUSTOMER_NICK=?
2025-12-16 00:14:09.978 DEBUG 28064 --- [io-8080-exec-10] org.hibernate.SQL                        : select distinct permission0_.PERMISSION_ID as permissi1_42_0_, group2_.GROUP_ID as group_id1_76_1_, permission0_.DATE_CREATED as date_cre2_42_0_, permission0_.DATE_MODIFIED as date_mod3_42_0_, permission0_.UPDT_ID as updt_id4_42_0_, permission0_.PERMISSION_NAME as permissi5_42_0_, group2_.DATE_CREATED as date_cre2_76_1_, group2_.DATE_MODIFIED as date_mod3_76_1_, group2_.UPDT_ID as updt_id4_76_1_, group2_.GROUP_NAME as group_na5_76_1_, group2_.GROUP_TYPE as group_ty6_76_1_, groups1_.PERMISSION_ID as permissi2_43_0__, groups1_.GROUP_ID as group_id1_43_0__ from SALESMANAGER.PERMISSION permission0_ inner join SALESMANAGER.PERMISSION_GROUP groups1_ on permission0_.PERMISSION_ID=groups1_.PERMISSION_ID inner join SALESMANAGER.SM_GROUP group2_ on groups1_.GROUP_ID=group2_.GROUP_ID where group2_.GROUP_ID in (?)
2025-12-16 00:14:10.196  INFO 28064 --- [io-8080-exec-10] s.s.s.c.JWTCustomerAuthenticationManager : authenticated user razinnazarudin@gmail.com, setting security context
2025-12-16 00:14:10.196 DEBUG 28064 --- [io-8080-exec-10] s.s.s.c.JWTCustomerAuthenticationManager : Authentication success
2025-12-16 00:14:10.196 DEBUG 28064 --- [io-8080-exec-10] s.s.s.c.JWTCustomerAuthenticationManager : Updated SecurityContextHolder to containAuthentication
2025-12-16 00:14:10.277 DEBUG 28064 --- [io-8080-exec-10] org.hibernate.SQL                        : select merchantst0_.MERCHANT_ID as merchant1_29_0_, merchantst1_.MERCHANT_ID as merchant1_29_1_, country2_.COUNTRY_ID as country_1_6_2_, currency3_.CURRENCY_ID as currency1_8_3_, zone4_.ZONE_ID as zone_id1_86_4_, language5_.LANGUAGE_ID as language1_23_5_, language7_.LANGUAGE_ID as language1_23_6_, merchantst0_.DATE_CREATED as date_cre2_29_0_, merchantst0_.DATE_MODIFIED as date_mod3_29_0_, merchantst0_.UPDT_ID as updt_id4_29_0_, merchantst0_.STORE_CODE as store_co5_29_0_, merchantst0_.CONTINUESHOPPINGURL as continue6_29_0_, merchantst0_.COUNTRY_ID as country25_29_0_, merchantst0_.CURRENCY_ID as currenc26_29_0_, merchantst0_.CURRENCY_FORMAT_NATIONAL as currency7_29_0_, merchantst0_.LANGUAGE_ID as languag27_29_0_, merchantst0_.DOMAIN_NAME as domain_n8_29_0_, merchantst0_.IN_BUSINESS_SINCE as in_busin9_29_0_, merchantst0_.INVOICE_TEMPLATE as invoice10_29_0_, merchantst0_.LINEAGE as lineage11_29_0_, merchantst0_.PARENT_ID as parent_28_29_0_, merchantst0_.IS_RETAILER as is_reta12_29_0_, merchantst0_.SEIZEUNITCODE as seizeun13_29_0_, merchantst0_.STORE_EMAIL as store_e14_29_0_, merchantst0_.STORE_LOGO as store_l15_29_0_, merchantst0_.STORE_TEMPLATE as store_t16_29_0_, merchantst0_.STORE_ADDRESS as store_a17_29_0_, merchantst0_.STORE_CITY as store_c18_29_0_, merchantst0_.STORE_NAME as store_n19_29_0_, merchantst0_.STORE_PHONE as store_p20_29_0_, merchantst0_.STORE_POSTAL_CODE as store_p21_29_0_, merchantst0_.STORE_STATE_PROV as store_s22_29_0_, merchantst0_.USE_CACHE as use_cac23_29_0_, merchantst0_.WEIGHTUNITCODE as weightu24_29_0_, merchantst0_.ZONE_ID as zone_id29_29_0_, merchantst1_.DATE_CREATED as date_cre2_29_1_, merchantst1_.DATE_MODIFIED as date_mod3_29_1_, merchantst1_.UPDT_ID as updt_id4_29_1_, merchantst1_.STORE_CODE as store_co5_29_1_, merchantst1_.CONTINUESHOPPINGURL as continue6_29_1_, merchantst1_.COUNTRY_ID as country25_29_1_, merchantst1_.CURRENCY_ID as currenc26_29_1_, merchantst1_.CURRENCY_FORMAT_NATIONAL as currency7_29_1_, merchantst1_.LANGUAGE_ID as languag27_29_1_, merchantst1_.DOMAIN_NAME as domain_n8_29_1_, merchantst1_.IN_BUSINESS_SINCE as in_busin9_29_1_, merchantst1_.INVOICE_TEMPLATE as invoice10_29_1_, merchantst1_.LINEAGE as lineage11_29_1_, merchantst1_.PARENT_ID as parent_28_29_1_, merchantst1_.IS_RETAILER as is_reta12_29_1_, merchantst1_.SEIZEUNITCODE as seizeun13_29_1_, merchantst1_.STORE_EMAIL as store_e14_29_1_, merchantst1_.STORE_LOGO as store_l15_29_1_, merchantst1_.STORE_TEMPLATE as store_t16_29_1_, merchantst1_.STORE_ADDRESS as store_a17_29_1_, merchantst1_.STORE_CITY as store_c18_29_1_, merchantst1_.STORE_NAME as store_n19_29_1_, merchantst1_.STORE_PHONE as store_p20_29_1_, merchantst1_.STORE_POSTAL_CODE as store_p21_29_1_, merchantst1_.STORE_STATE_PROV as store_s22_29_1_, merchantst1_.USE_CACHE as use_cac23_29_1_, merchantst1_.WEIGHTUNITCODE as weightu24_29_1_, merchantst1_.ZONE_ID as zone_id29_29_1_, country2_.GEOZONE_ID as geozone_4_6_2_, country2_.COUNTRY_ISOCODE as country_2_6_2_, country2_.COUNTRY_SUPPORTED as country_3_6_2_, currency3_.CURRENCY_CODE as currency2_8_3_, currency3_.CURRENCY_CURRENCY_CODE as currency3_8_3_, currency3_.CURRENCY_NAME as currency4_8_3_, currency3_.CURRENCY_SUPPORTED as currency5_8_3_, zone4_.ZONE_CODE as zone_cod2_86_4_, zone4_.COUNTRY_ID as country_3_86_4_, language5_.DATE_CREATED as date_cre2_23_5_, language5_.DATE_MODIFIED as date_mod3_23_5_, language5_.UPDT_ID as updt_id4_23_5_, language5_.CODE as code5_23_5_, language5_.SORT_ORDER as sort_ord6_23_5_, language7_.DATE_CREATED as date_cre2_23_6_, language7_.DATE_MODIFIED as date_mod3_23_6_, language7_.UPDT_ID as updt_id4_23_6_, language7_.CODE as code5_23_6_, language7_.SORT_ORDER as sort_ord6_23_6_, languages6_.stores_MERCHANT_ID as stores_m1_27_0__, languages6_.languages_LANGUAGE_ID as language2_27_0__ from SALESMANAGER.MERCHANT_STORE merchantst0_ left outer join SALESMANAGER.MERCHANT_STORE merchantst1_ on merchantst0_.PARENT_ID=merchantst1_.MERCHANT_ID inner join SALESMANAGER.COUNTRY country2_ on merchantst0_.COUNTRY_ID=country2_.COUNTRY_ID left outer join SALESMANAGER.CURRENCY currency3_ on merchantst0_.CURRENCY_ID=currency3_.CURRENCY_ID left outer join SALESMANAGER.ZONE zone4_ on merchantst0_.ZONE_ID=zone4_.ZONE_ID left outer join SALESMANAGER.LANGUAGE language5_ on merchantst0_.LANGUAGE_ID=language5_.LANGUAGE_ID left outer join SALESMANAGER.MERCHANT_LANGUAGE languages6_ on merchantst0_.MERCHANT_ID=languages6_.stores_MERCHANT_ID left outer join SALESMANAGER.LANGUAGE language7_ on languages6_.languages_LANGUAGE_ID=language7_.LANGUAGE_ID where merchantst0_.STORE_CODE=?
2025-12-16 00:14:10.491 DEBUG 28064 --- [io-8080-exec-10] c.s.s.a.c.MerchantStoreArgumentResolver  : is request authorized true for /api/v1/auth/cart/95d7e431d91e4e0b8268580a953eab63/checkout and store DEFAULT
2025-12-16 00:14:10.494 DEBUG 28064 --- [io-8080-exec-10] org.hibernate.SQL                        : select customer0_.CUSTOMER_ID as customer1_9_0_, merchantst1_.MERCHANT_ID as merchant1_29_1_, language2_.LANGUAGE_ID as language1_23_2_, attributes3_.CUSTOMER_ATTRIBUTE_ID as customer1_10_3_, customerop4_.CUSTOMER_OPTION_ID as customer1_14_4_, customerop5_.CUSTOMER_OPTION_VALUE_ID as customer1_17_5_, descriptio6_.DESCRIPTION_ID as descript1_15_6_, descriptio7_.DESCRIPTION_ID as descript1_12_7_, group9_.GROUP_ID as group_id1_76_8_, customer0_.CUSTOMER_ANONYMOUS as customer2_9_0_, customer0_.DATE_CREATED as date_cre3_9_0_, customer0_.DATE_MODIFIED as date_mod4_9_0_, customer0_.UPDT_ID as updt_id5_9_0_, customer0_.BILLING_STREET_ADDRESS as billing_6_9_0_, customer0_.BILLING_CITY as billing_7_9_0_, customer0_.BILLING_COMPANY as billing_8_9_0_, customer0_.BILLING_COUNTRY_ID as billing35_9_0_, customer0_.BILLING_FIRST_NAME as billing_9_9_0_, customer0_.BILLING_LAST_NAME as billing10_9_0_, customer0_.LATITUDE as latitud11_9_0_, customer0_.LONGITUDE as longitu12_9_0_, customer0_.BILLING_POSTCODE as billing13_9_0_, customer0_.BILLING_STATE as billing14_9_0_, customer0_.BILLING_TELEPHONE as billing15_9_0_, customer0_.BILLING_ZONE_ID as billing36_9_0_, customer0_.CUSTOMER_COMPANY as custome16_9_0_, customer0_.RESET_CREDENTIALS_REQ as reset_c17_9_0_, customer0_.RESET_CREDENTIALS_EXP as reset_c18_9_0_, customer0_.REVIEW_AVG as review_19_9_0_, customer0_.REVIEW_COUNT as review_20_9_0_, customer0_.CUSTOMER_DOB as custome21_9_0_, customer0_.LANGUAGE_ID as languag37_9_0_, customer0_.DELIVERY_STREET_ADDRESS as deliver22_9_0_, customer0_.DELIVERY_CITY as deliver23_9_0_, customer0_.DELIVERY_COMPANY as deliver24_9_0_, customer0_.DELIVERY_COUNTRY_ID as deliver38_9_0_, customer0_.DELIVERY_FIRST_NAME as deliver25_9_0_, customer0_.DELIVERY_LAST_NAME as deliver26_9_0_, customer0_.DELIVERY_POSTCODE as deliver27_9_0_, customer0_.DELIVERY_STATE as deliver28_9_0_, customer0_.DELIVERY_TELEPHONE as deliver29_9_0_, customer0_.DELIVERY_ZONE_ID as deliver39_9_0_, customer0_.CUSTOMER_EMAIL_ADDRESS as custome30_9_0_, customer0_.CUSTOMER_GENDER as custome31_9_0_, customer0_.MERCHANT_ID as merchan40_9_0_, customer0_.CUSTOMER_NICK as custome32_9_0_, customer0_.CUSTOMER_PASSWORD as custome33_9_0_, customer0_.PROVIDER as provide34_9_0_, merchantst1_.DATE_CREATED as date_cre2_29_1_, merchantst1_.DATE_MODIFIED as date_mod3_29_1_, merchantst1_.UPDT_ID as updt_id4_29_1_, merchantst1_.STORE_CODE as store_co5_29_1_, merchantst1_.CONTINUESHOPPINGURL as continue6_29_1_, merchantst1_.COUNTRY_ID as country25_29_1_, merchantst1_.CURRENCY_ID as currenc26_29_1_, merchantst1_.CURRENCY_FORMAT_NATIONAL as currency7_29_1_, merchantst1_.LANGUAGE_ID as languag27_29_1_, merchantst1_.DOMAIN_NAME as domain_n8_29_1_, merchantst1_.IN_BUSINESS_SINCE as in_busin9_29_1_, merchantst1_.INVOICE_TEMPLATE as invoice10_29_1_, merchantst1_.LINEAGE as lineage11_29_1_, merchantst1_.PARENT_ID as parent_28_29_1_, merchantst1_.IS_RETAILER as is_reta12_29_1_, merchantst1_.SEIZEUNITCODE as seizeun13_29_1_, merchantst1_.STORE_EMAIL as store_e14_29_1_, merchantst1_.STORE_LOGO as store_l15_29_1_, merchantst1_.STORE_TEMPLATE as store_t16_29_1_, merchantst1_.STORE_ADDRESS as store_a17_29_1_, merchantst1_.STORE_CITY as store_c18_29_1_, merchantst1_.STORE_NAME as store_n19_29_1_, merchantst1_.STORE_PHONE as store_p20_29_1_, merchantst1_.STORE_POSTAL_CODE as store_p21_29_1_, merchantst1_.STORE_STATE_PROV as store_s22_29_1_, merchantst1_.USE_CACHE as use_cac23_29_1_, merchantst1_.WEIGHTUNITCODE as weightu24_29_1_, merchantst1_.ZONE_ID as zone_id29_29_1_, language2_.DATE_CREATED as date_cre2_23_2_, language2_.DATE_MODIFIED as date_mod3_23_2_, language2_.UPDT_ID as updt_id4_23_2_, language2_.CODE as code5_23_2_, language2_.SORT_ORDER as sort_ord6_23_2_, attributes3_.CUSTOMER_ID as customer3_10_3_, attributes3_.OPTION_ID as option_i4_10_3_, attributes3_.OPTION_VALUE_ID as option_v5_10_3_, attributes3_.CUSTOMER_ATTR_TXT_VAL as customer2_10_3_, attributes3_.CUSTOMER_ID as customer3_10_0__, attributes3_.CUSTOMER_ATTRIBUTE_ID as customer1_10_0__, customerop4_.CUSTOMER_OPT_ACTIVE as customer2_14_4_, customerop4_.CUSTOMER_OPT_CODE as customer3_14_4_, customerop4_.CUSTOMER_OPTION_TYPE as customer4_14_4_, customerop4_.MERCHANT_ID as merchant7_14_4_, customerop4_.CUSTOMER_OPT_PUBLIC as customer5_14_4_, customerop4_.SORT_ORDER as sort_ord6_14_4_, customerop5_.CUSTOMER_OPT_VAL_CODE as customer2_17_5_, customerop5_.CUSTOMER_OPT_VAL_IMAGE as customer3_17_5_, customerop5_.MERCHANT_ID as merchant5_17_5_, customerop5_.SORT_ORDER as sort_ord4_17_5_, descriptio6_.DATE_CREATED as date_cre2_15_6_, descriptio6_.DATE_MODIFIED as date_mod3_15_6_, descriptio6_.UPDT_ID as updt_id4_15_6_, descriptio6_.DESCRIPTION as descript5_15_6_, descriptio6_.LANGUAGE_ID as language9_15_6_, descriptio6_.NAME as name6_15_6_, descriptio6_.TITLE as title7_15_6_, descriptio6_.CUSTOMER_OPTION_ID as custome10_15_6_, descriptio6_.CUSTOMER_OPTION_COMMENT as customer8_15_6_, descriptio6_.CUSTOMER_OPTION_ID as custome10_15_1__, descriptio6_.DESCRIPTION_ID as descript1_15_1__, descriptio7_.DATE_CREATED as date_cre2_12_7_, descriptio7_.DATE_MODIFIED as date_mod3_12_7_, descriptio7_.UPDT_ID as updt_id4_12_7_, descriptio7_.DESCRIPTION as descript5_12_7_, descriptio7_.LANGUAGE_ID as language8_12_7_, descriptio7_.NAME as name6_12_7_, descriptio7_.TITLE as title7_12_7_, descriptio7_.CUSTOMER_OPT_VAL_ID as customer9_12_7_, descriptio7_.CUSTOMER_OPT_VAL_ID as customer9_12_2__, descriptio7_.DESCRIPTION_ID as descript1_12_2__, group9_.DATE_CREATED as date_cre2_76_8_, group9_.DATE_MODIFIED as date_mod3_76_8_, group9_.UPDT_ID as updt_id4_76_8_, group9_.GROUP_NAME as group_na5_76_8_, group9_.GROUP_TYPE as group_ty6_76_8_, groups8_.CUSTOMER_ID as customer1_11_3__, groups8_.GROUP_ID as group_id2_11_3__ from SALESMANAGER.CUSTOMER customer0_ inner join SALESMANAGER.MERCHANT_STORE merchantst1_ on customer0_.MERCHANT_ID=merchantst1_.MERCHANT_ID left outer join SALESMANAGER.LANGUAGE language2_ on customer0_.LANGUAGE_ID=language2_.LANGUAGE_ID left outer join SALESMANAGER.CUSTOMER_ATTRIBUTE attributes3_ on customer0_.CUSTOMER_ID=attributes3_.CUSTOMER_ID left outer join SALESMANAGER.CUSTOMER_OPTION customerop4_ on attributes3_.OPTION_ID=customerop4_.CUSTOMER_OPTION_ID left outer join SALESMANAGER.CUSTOMER_OPTION_VALUE customerop5_ on attributes3_.OPTION_VALUE_ID=customerop5_.CUSTOMER_OPTION_VALUE_ID left outer join SALESMANAGER.CUSTOMER_OPTION_DESC descriptio6_ on customerop4_.CUSTOMER_OPTION_ID=descriptio6_.CUSTOMER_OPTION_ID left outer join SALESMANAGER.CUSTOMER_OPT_VAL_DESCRIPTION descriptio7_ on customerop5_.CUSTOMER_OPTION_VALUE_ID=descriptio7_.CUSTOMER_OPT_VAL_ID left outer join SALESMANAGER.CUSTOMER_GROUP groups8_ on customer0_.CUSTOMER_ID=groups8_.CUSTOMER_ID left outer join SALESMANAGER.SM_GROUP group9_ on groups8_.GROUP_ID=group9_.GROUP_ID where customer0_.CUSTOMER_NICK=?
2025-12-16 00:14:10.712 DEBUG 28064 --- [io-8080-exec-10] org.hibernate.SQL                        : select shoppingca0_.SHP_CART_ID as shp_cart1_73_0_, lineitems1_.SHP_CART_ITEM_ID as shp_cart1_75_1_, attributes2_.SHP_CART_ATTR_ITEM_ID as shp_cart1_74_2_, merchantst3_.MERCHANT_ID as merchant1_29_3_, shoppingca0_.DATE_CREATED as date_cre2_73_0_, shoppingca0_.DATE_MODIFIED as date_mod3_73_0_, shoppingca0_.UPDT_ID as updt_id4_73_0_, shoppingca0_.CUSTOMER_ID as customer5_73_0_, shoppingca0_.IP_ADDRESS as ip_addre6_73_0_, shoppingca0_.MERCHANT_ID as merchan11_73_0_, shoppingca0_.ORDER_ID as order_id7_73_0_, shoppingca0_.PROMO_ADDED as promo_ad8_73_0_, shoppingca0_.PROMO_CODE as promo_co9_73_0_, shoppingca0_.SHP_CART_CODE as shp_car10_73_0_, lineitems1_.DATE_CREATED as date_cre2_75_1_, lineitems1_.DATE_MODIFIED as date_mod3_75_1_, lineitems1_.UPDT_ID as updt_id4_75_1_, lineitems1_.PRODUCT_ID as product_5_75_1_, lineitems1_.QUANTITY as quantity6_75_1_, lineitems1_.SHP_CART_ID as shp_cart9_75_1_, lineitems1_.SKU as sku7_75_1_, lineitems1_.PRODUCT_VARIANT as product_8_75_1_, lineitems1_.SHP_CART_ID as shp_cart9_75_0__, lineitems1_.SHP_CART_ITEM_ID as shp_cart1_75_0__, attributes2_.DATE_CREATED as date_cre2_74_2_, attributes2_.DATE_MODIFIED as date_mod3_74_2_, attributes2_.UPDT_ID as updt_id4_74_2_, attributes2_.PRODUCT_ATTR_ID as product_5_74_2_, attributes2_.SHP_CART_ITEM_ID as shp_cart6_74_2_, attributes2_.SHP_CART_ITEM_ID as shp_cart6_74_1__, attributes2_.SHP_CART_ATTR_ITEM_ID as shp_cart1_74_1__, merchantst3_.DATE_CREATED as date_cre2_29_3_, merchantst3_.DATE_MODIFIED as date_mod3_29_3_, merchantst3_.UPDT_ID as updt_id4_29_3_, merchantst3_.STORE_CODE as store_co5_29_3_, merchantst3_.CONTINUESHOPPINGURL as continue6_29_3_, merchantst3_.COUNTRY_ID as country25_29_3_, merchantst3_.CURRENCY_ID as currenc26_29_3_, merchantst3_.CURRENCY_FORMAT_NATIONAL as currency7_29_3_, merchantst3_.LANGUAGE_ID as languag27_29_3_, merchantst3_.DOMAIN_NAME as domain_n8_29_3_, merchantst3_.IN_BUSINESS_SINCE as in_busin9_29_3_, merchantst3_.INVOICE_TEMPLATE as invoice10_29_3_, merchantst3_.LINEAGE as lineage11_29_3_, merchantst3_.PARENT_ID as parent_28_29_3_, merchantst3_.IS_RETAILER as is_reta12_29_3_, merchantst3_.SEIZEUNITCODE as seizeun13_29_3_, merchantst3_.STORE_EMAIL as store_e14_29_3_, merchantst3_.STORE_LOGO as store_l15_29_3_, merchantst3_.STORE_TEMPLATE as store_t16_29_3_, merchantst3_.STORE_ADDRESS as store_a17_29_3_, merchantst3_.STORE_CITY as store_c18_29_3_, merchantst3_.STORE_NAME as store_n19_29_3_, merchantst3_.STORE_PHONE as store_p20_29_3_, merchantst3_.STORE_POSTAL_CODE as store_p21_29_3_, merchantst3_.STORE_STATE_PROV as store_s22_29_3_, merchantst3_.USE_CACHE as use_cac23_29_3_, merchantst3_.WEIGHTUNITCODE as weightu24_29_3_, merchantst3_.ZONE_ID as zone_id29_29_3_ from SALESMANAGER.SHOPPING_CART shoppingca0_ left outer join SALESMANAGER.SHOPPING_CART_ITEM lineitems1_ on shoppingca0_.SHP_CART_ID=lineitems1_.SHP_CART_ID left outer join SALESMANAGER.SHOPPING_CART_ATTR_ITEM attributes2_ on lineitems1_.SHP_CART_ITEM_ID=attributes2_.SHP_CART_ITEM_ID inner join SALESMANAGER.MERCHANT_STORE merchantst3_ on shoppingca0_.MERCHANT_ID=merchantst3_.MERCHANT_ID where merchantst3_.MERCHANT_ID=? and shoppingca0_.SHP_CART_CODE=?
2025-12-16 00:14:10.821 DEBUG 28064 --- [io-8080-exec-10] c.s.c.b.s.s.ShoppingCartServiceImpl      : Populate item 200
2025-12-16 00:14:10.824 DEBUG 28064 --- [io-8080-exec-10] org.hibernate.SQL                        : select p.PRODUCT_ID from SALESMANAGER.PRODUCT p join SALESMANAGER.MERCHANT_STORE m ON p.MERCHANT_ID = m.MERCHANT_ID left join SALESMANAGER.PRODUCT_VARIANT i ON i.PRODUCT_ID = p.PRODUCT_ID where p.SKU=? or i.SKU=? and m.MERCHANT_ID=?
2025-12-16 00:14:10.930 DEBUG 28064 --- [io-8080-exec-10] org.hibernate.SQL                        : select distinct product0_.PRODUCT_ID as product_1_44_0_, descriptio1_.DESCRIPTION_ID as descript1_48_1_, merchantst2_.MERCHANT_ID as merchant1_29_2_, availabili3_.PRODUCT_AVAIL_ID as product_1_46_3_, producttyp4_.PRODUCT_TYPE_ID as product_1_64_4_, prices5_.PRODUCT_PRICE_ID as product_1_59_5_, descriptio6_.DESCRIPTION_ID as descript1_60_6_, category8_.CATEGORY_ID as category1_2_7_, descriptio9_.DESCRIPTION_ID as descript1_3_8_, attributes10_.PRODUCT_ATTRIBUTE_ID as product_1_45_9_, productopt11_.PRODUCT_OPTION_ID as product_1_54_10_, descriptio12_.DESCRIPTION_ID as descript1_55_11_, productopt13_.PRODUCT_OPTION_VALUE_ID as product_1_57_12_, descriptio14_.DESCRIPTION_ID as descript1_58_13_, relationsh15_.PRODUCT_RELATIONSHIP_ID as product_1_61_14_, manufactur16_.MANUFACTURER_ID as manufact1_24_15_, descriptio17_.DESCRIPTION_ID as descript1_25_16_, variants19_.PRODUCT_VARIANT_ID as product_1_68_17_, productvar20_.PRODUCT_VARIATION_ID as product_1_70_18_, productopt21_.PRODUCT_OPTION_ID as product_1_54_19_, productopt22_.PRODUCT_OPTION_VALUE_ID as product_1_57_20_, descriptio23_.DESCRIPTION_ID as descript1_55_21_, descriptio24_.DESCRIPTION_ID as descript1_58_22_, productvar25_.PRODUCT_VARIATION_ID as product_1_70_23_, productopt26_.PRODUCT_OPTION_ID as product_1_54_24_, productopt27_.PRODUCT_OPTION_VALUE_ID as product_1_57_25_, descriptio28_.DESCRIPTION_ID as descript1_55_26_, descriptio29_.DESCRIPTION_ID as descript1_58_27_, availabili30_.PRODUCT_AVAIL_ID as product_1_46_28_, prices31_.PRODUCT_PRICE_ID as product_1_59_29_, descriptio32_.DESCRIPTION_ID as descript1_60_30_, productvar33_.PRODUCT_VARIANT_GROUP_ID as product_1_69_31_, images34_.PRODUCT_VAR_IMAGE_ID as product_1_66_32_, descriptio35_.DESCRIPTION_ID as descript1_67_33_, product0_.DATE_CREATED as date_cre2_44_0_, product0_.DATE_MODIFIED as date_mod3_44_0_, product0_.UPDT_ID as updt_id4_44_0_, product0_.AVAILABLE as availabl5_44_0_, product0_.COND as cond6_44_0_, product0_.DATE_AVAILABLE as date_ava7_44_0_, product0_.MANUFACTURER_ID as manufac25_44_0_, product0_.MERCHANT_ID as merchan26_44_0_, product0_.CUSTOMER_ID as custome27_44_0_, product0_.PREORDER as preorder8_44_0_, product0_.PRODUCT_HEIGHT as product_9_44_0_, product0_.PRODUCT_FREE as product10_44_0_, product0_.PRODUCT_LENGTH as product11_44_0_, product0_.QUANTITY_ORDERED as quantit12_44_0_, product0_.REVIEW_AVG as review_13_44_0_, product0_.REVIEW_COUNT as review_14_44_0_, product0_.PRODUCT_SHIP as product15_44_0_, product0_.PRODUCT_VIRTUAL as product16_44_0_, product0_.PRODUCT_WEIGHT as product17_44_0_, product0_.PRODUCT_WIDTH as product18_44_0_, product0_.REF_SKU as ref_sku19_44_0_, product0_.RENTAL_DURATION as rental_20_44_0_, product0_.RENTAL_PERIOD as rental_21_44_0_, product0_.RENTAL_STATUS as rental_22_44_0_, product0_.SKU as sku23_44_0_, product0_.SORT_ORDER as sort_or24_44_0_, product0_.TAX_CLASS_ID as tax_cla28_44_0_, product0_.PRODUCT_TYPE_ID as product29_44_0_, descriptio1_.DATE_CREATED as date_cre2_48_1_, descriptio1_.DATE_MODIFIED as date_mod3_48_1_, descriptio1_.UPDT_ID as updt_id4_48_1_, descriptio1_.DESCRIPTION as descript5_48_1_, descriptio1_.LANGUAGE_ID as languag14_48_1_, descriptio1_.NAME as name6_48_1_, descriptio1_.TITLE as title7_48_1_, descriptio1_.META_DESCRIPTION as meta_des8_48_1_, descriptio1_.META_KEYWORDS as meta_key9_48_1_, descriptio1_.META_TITLE as meta_ti10_48_1_, descriptio1_.PRODUCT_ID as product15_48_1_, descriptio1_.DOWNLOAD_LNK as downloa11_48_1_, descriptio1_.PRODUCT_HIGHLIGHT as product12_48_1_, descriptio1_.SEF_URL as sef_url13_48_1_, descriptio1_.PRODUCT_ID as product15_48_0__, descriptio1_.DESCRIPTION_ID as descript1_48_0__, merchantst2_.DATE_CREATED as date_cre2_29_2_, merchantst2_.DATE_MODIFIED as date_mod3_29_2_, merchantst2_.UPDT_ID as updt_id4_29_2_, merchantst2_.STORE_CODE as store_co5_29_2_, merchantst2_.CONTINUESHOPPINGURL as continue6_29_2_, merchantst2_.COUNTRY_ID as country25_29_2_, merchantst2_.CURRENCY_ID as currenc26_29_2_, merchantst2_.CURRENCY_FORMAT_NATIONAL as currency7_29_2_, merchantst2_.LANGUAGE_ID as languag27_29_2_, merchantst2_.DOMAIN_NAME as domain_n8_29_2_, merchantst2_.IN_BUSINESS_SINCE as in_busin9_29_2_, merchantst2_.INVOICE_TEMPLATE as invoice10_29_2_, merchantst2_.LINEAGE as lineage11_29_2_, merchantst2_.PARENT_ID as parent_28_29_2_, merchantst2_.IS_RETAILER as is_reta12_29_2_, merchantst2_.SEIZEUNITCODE as seizeun13_29_2_, merchantst2_.STORE_EMAIL as store_e14_29_2_, merchantst2_.STORE_LOGO as store_l15_29_2_, merchantst2_.STORE_TEMPLATE as store_t16_29_2_, merchantst2_.STORE_ADDRESS as store_a17_29_2_, merchantst2_.STORE_CITY as store_c18_29_2_, merchantst2_.STORE_NAME as store_n19_29_2_, merchantst2_.STORE_PHONE as store_p20_29_2_, merchantst2_.STORE_POSTAL_CODE as store_p21_29_2_, merchantst2_.STORE_STATE_PROV as store_s22_29_2_, merchantst2_.USE_CACHE as use_cac23_29_2_, merchantst2_.WEIGHTUNITCODE as weightu24_29_2_, merchantst2_.ZONE_ID as zone_id29_29_2_, availabili3_.DATE_CREATED as date_cre2_46_3_, availabili3_.DATE_MODIFIED as date_mod3_46_3_, availabili3_.UPDT_ID as updt_id4_46_3_, availabili3_.AVAILABLE as availabl5_46_3_, availabili3_.HEIGHT as height6_46_3_, availabili3_.LENGTH as length7_46_3_, availabili3_.WEIGHT as weight8_46_3_, availabili3_.WIDTH as width9_46_3_, availabili3_.MERCHANT_ID as merchan20_46_3_, availabili3_.OWNER as owner10_46_3_, availabili3_.PRODUCT_ID as product21_46_3_, availabili3_.DATE_AVAILABLE as date_av11_46_3_, availabili3_.FREE_SHIPPING as free_sh12_46_3_, availabili3_.QUANTITY as quantit13_46_3_, availabili3_.QUANTITY_ORD_MAX as quantit14_46_3_, availabili3_.QUANTITY_ORD_MIN as quantit15_46_3_, availabili3_.STATUS as status16_46_3_, availabili3_.PRODUCT_VARIANT as product22_46_3_, availabili3_.REGION as region17_46_3_, availabili3_.REGION_VARIANT as region_18_46_3_, availabili3_.SKU as sku19_46_3_, availabili3_.PRODUCT_ID as product21_46_1__, availabili3_.PRODUCT_AVAIL_ID as product_1_46_1__, producttyp4_.PRD_TYPE_ADD_TO_CART as prd_type2_64_4_, producttyp4_.DATE_CREATED as date_cre3_64_4_, producttyp4_.DATE_MODIFIED as date_mod4_64_4_, producttyp4_.UPDT_ID as updt_id5_64_4_, producttyp4_.PRD_TYPE_CODE as prd_type6_64_4_, producttyp4_.MERCHANT_ID as merchant8_64_4_, producttyp4_.PRD_TYPE_VISIBLE as prd_type7_64_4_, prices5_.PRODUCT_PRICE_CODE as product_2_59_5_, prices5_.DEFAULT_PRICE as default_3_59_5_, prices5_.PRODUCT_AVAIL_ID as product10_59_5_, prices5_.PRODUCT_IDENTIFIER_ID as product_4_59_5_, prices5_.PRODUCT_PRICE_AMOUNT as product_5_59_5_, prices5_.PRODUCT_PRICE_SPECIAL_AMOUNT as product_6_59_5_, prices5_.PRODUCT_PRICE_SPECIAL_END_DATE as product_7_59_5_, prices5_.PRODUCT_PRICE_SPECIAL_ST_DATE as product_8_59_5_, prices5_.PRODUCT_PRICE_TYPE as product_9_59_5_, prices5_.PRODUCT_AVAIL_ID as product10_59_2__, prices5_.PRODUCT_PRICE_ID as product_1_59_2__, descriptio6_.DATE_CREATED as date_cre2_60_6_, descriptio6_.DATE_MODIFIED as date_mod3_60_6_, descriptio6_.UPDT_ID as updt_id4_60_6_, descriptio6_.DESCRIPTION as descript5_60_6_, descriptio6_.LANGUAGE_ID as language9_60_6_, descriptio6_.NAME as name6_60_6_, descriptio6_.TITLE as title7_60_6_, descriptio6_.PRICE_APPENDER as price_ap8_60_6_, descriptio6_.PRODUCT_PRICE_ID as product10_60_6_, descriptio6_.PRODUCT_PRICE_ID as product10_60_3__, descriptio6_.DESCRIPTION_ID as descript1_60_3__, category8_.DATE_CREATED as date_cre2_2_7_, category8_.DATE_MODIFIED as date_mod3_2_7_, category8_.UPDT_ID as updt_id4_2_7_, category8_.CATEGORY_IMAGE as category5_2_7_, category8_.CATEGORY_STATUS as category6_2_7_, category8_.CODE as code7_2_7_, category8_.DEPTH as depth8_2_7_, category8_.FEATURED as featured9_2_7_, category8_.LINEAGE as lineage10_2_7_, category8_.MERCHANT_ID as merchan13_2_7_, category8_.PARENT_ID as parent_14_2_7_, category8_.SORT_ORDER as sort_or11_2_7_, category8_.VISIBLE as visible12_2_7_, categories7_.PRODUCT_ID as product_1_47_4__, categories7_.CATEGORY_ID as category2_47_4__, descriptio9_.DATE_CREATED as date_cre2_3_8_, descriptio9_.DATE_MODIFIED as date_mod3_3_8_, descriptio9_.UPDT_ID as updt_id4_3_8_, descriptio9_.DESCRIPTION as descript5_3_8_, descriptio9_.LANGUAGE_ID as languag13_3_8_, descriptio9_.NAME as name6_3_8_, descriptio9_.TITLE as title7_3_8_, descriptio9_.CATEGORY_ID as categor14_3_8_, descriptio9_.CATEGORY_HIGHLIGHT as category8_3_8_, descriptio9_.META_DESCRIPTION as meta_des9_3_8_, descriptio9_.META_KEYWORDS as meta_ke10_3_8_, descriptio9_.META_TITLE as meta_ti11_3_8_, descriptio9_.SEF_URL as sef_url12_3_8_, descriptio9_.CATEGORY_ID as categor14_3_5__, descriptio9_.DESCRIPTION_ID as descript1_3_5__, attributes10_.PRODUCT_ATTRIBUTE_DEFAULT as product_2_45_9_, attributes10_.PRODUCT_ATTRIBUTE_DISCOUNTED as product_3_45_9_, attributes10_.PRODUCT_ATTRIBUTE_FOR_DISP as product_4_45_9_, attributes10_.PRODUCT_ATTRIBUTE_REQUIRED as product_5_45_9_, attributes10_.PRODUCT_ID as product10_45_9_, attributes10_.PRODUCT_ATTRIBUTE_FREE as product_6_45_9_, attributes10_.PRODUCT_ATRIBUTE_PRICE as product_7_45_9_, attributes10_.PRODUCT_ATTRIBUTE_WEIGHT as product_8_45_9_, attributes10_.OPTION_ID as option_11_45_9_, attributes10_.PRODUCT_ATTRIBUTE_SORT_ORD as product_9_45_9_, attributes10_.OPTION_VALUE_ID as option_12_45_9_, attributes10_.PRODUCT_ID as product10_45_6__, attributes10_.PRODUCT_ATTRIBUTE_ID as product_1_45_6__, productopt11_.PRODUCT_OPTION_CODE as product_2_54_10_, productopt11_.MERCHANT_ID as merchant6_54_10_, productopt11_.PRODUCT_OPTION_SORT_ORD as product_3_54_10_, productopt11_.PRODUCT_OPTION_TYPE as product_4_54_10_, productopt11_.PRODUCT_OPTION_READ as product_5_54_10_, descriptio12_.DATE_CREATED as date_cre2_55_11_, descriptio12_.DATE_MODIFIED as date_mod3_55_11_, descriptio12_.UPDT_ID as updt_id4_55_11_, descriptio12_.DESCRIPTION as descript5_55_11_, descriptio12_.LANGUAGE_ID as language9_55_11_, descriptio12_.NAME as name6_55_11_, descriptio12_.TITLE as title7_55_11_, descriptio12_.PRODUCT_OPTION_ID as product10_55_11_, descriptio12_.PRODUCT_OPTION_COMMENT as product_8_55_11_, descriptio12_.PRODUCT_OPTION_ID as product10_55_7__, descriptio12_.DESCRIPTION_ID as descript1_55_7__, productopt13_.PRODUCT_OPTION_VAL_CODE as product_2_57_12_, productopt13_.MERCHANT_ID as merchant6_57_12_, productopt13_.PRODUCT_OPT_FOR_DISP as product_3_57_12_, productopt13_.PRODUCT_OPT_VAL_IMAGE as product_4_57_12_, productopt13_.PRODUCT_OPT_VAL_SORT_ORD as product_5_57_12_, descriptio14_.DATE_CREATED as date_cre2_58_13_, descriptio14_.DATE_MODIFIED as date_mod3_58_13_, descriptio14_.UPDT_ID as updt_id4_58_13_, descriptio14_.DESCRIPTION as descript5_58_13_, descriptio14_.LANGUAGE_ID as language8_58_13_, descriptio14_.NAME as name6_58_13_, descriptio14_.TITLE as title7_58_13_, descriptio14_.PRODUCT_OPTION_VALUE_ID as product_9_58_13_, descriptio14_.PRODUCT_OPTION_VALUE_ID as product_9_58_8__, descriptio14_.DESCRIPTION_ID as descript1_58_8__, relationsh15_.ACTIVE as active2_61_14_, relationsh15_.CODE as code3_61_14_, relationsh15_.PRODUCT_ID as product_4_61_14_, relationsh15_.RELATED_PRODUCT_ID as related_5_61_14_, relationsh15_.MERCHANT_ID as merchant6_61_14_, relationsh15_.PRODUCT_ID as product_4_61_9__, relationsh15_.PRODUCT_RELATIONSHIP_ID as product_1_61_9__, manufactur16_.DATE_CREATED as date_cre2_24_15_, manufactur16_.DATE_MODIFIED as date_mod3_24_15_, manufactur16_.UPDT_ID as updt_id4_24_15_, manufactur16_.CODE as code5_24_15_, manufactur16_.MANUFACTURER_IMAGE as manufact6_24_15_, manufactur16_.MERCHANT_ID as merchant8_24_15_, manufactur16_.SORT_ORDER as sort_ord7_24_15_, descriptio17_.DATE_CREATED as date_cre2_25_16_, descriptio17_.DATE_MODIFIED as date_mod3_25_16_, descriptio17_.UPDT_ID as updt_id4_25_16_, descriptio17_.DESCRIPTION as descript5_25_16_, descriptio17_.LANGUAGE_ID as languag11_25_16_, descriptio17_.NAME as name6_25_16_, descriptio17_.TITLE as title7_25_16_, descriptio17_.DATE_LAST_CLICK as date_las8_25_16_, descriptio17_.MANUFACTURER_ID as manufac12_25_16_, descriptio17_.MANUFACTURERS_URL as manufact9_25_16_, descriptio17_.URL_CLICKED as url_cli10_25_16_, descriptio17_.MANUFACTURER_ID as manufac12_25_10__, descriptio17_.DESCRIPTION_ID as descript1_25_10__, variants19_.DATE_CREATED as date_cre2_68_17_, variants19_.DATE_MODIFIED as date_mod3_68_17_, variants19_.UPDT_ID as updt_id4_68_17_, variants19_.AVAILABLE as availabl5_68_17_, variants19_.CODE as code6_68_17_, variants19_.DATE_AVAILABLE as date_ava7_68_17_, variants19_.DEFAULT_SELECTION as default_8_68_17_, variants19_.PRODUCT_ID as product11_68_17_, variants19_.PRODUCT_VARIANT_GROUP_ID as product12_68_17_, variants19_.SKU as sku9_68_17_, variants19_.SORT_ORDER as sort_or10_68_17_, variants19_.PRODUCT_VARIATION_ID as product13_68_17_, variants19_.PRODUCT_VARIATION_VALUE_ID as product14_68_17_, variants19_.PRODUCT_ID as product11_68_11__, variants19_.PRODUCT_VARIANT_ID as product_1_68_11__, productvar20_.DATE_CREATED as date_cre2_70_18_, productvar20_.DATE_MODIFIED as date_mod3_70_18_, productvar20_.UPDT_ID as updt_id4_70_18_, productvar20_.CODE as code5_70_18_, productvar20_.MERCHANT_ID as merchant8_70_18_, productvar20_.PRODUCT_OPTION_ID as product_9_70_18_, productvar20_.OPTION_VALUE_ID as option_10_70_18_, productvar20_.SORT_ORDER as sort_ord6_70_18_, productvar20_.VARIANT_DEFAULT as variant_7_70_18_, productopt21_.PRODUCT_OPTION_CODE as product_2_54_19_, productopt21_.MERCHANT_ID as merchant6_54_19_, productopt21_.PRODUCT_OPTION_SORT_ORD as product_3_54_19_, productopt21_.PRODUCT_OPTION_TYPE as product_4_54_19_, productopt21_.PRODUCT_OPTION_READ as product_5_54_19_, productopt22_.PRODUCT_OPTION_VAL_CODE as product_2_57_20_, productopt22_.MERCHANT_ID as merchant6_57_20_, productopt22_.PRODUCT_OPT_FOR_DISP as product_3_57_20_, productopt22_.PRODUCT_OPT_VAL_IMAGE as product_4_57_20_, productopt22_.PRODUCT_OPT_VAL_SORT_ORD as product_5_57_20_, descriptio23_.DATE_CREATED as date_cre2_55_21_, descriptio23_.DATE_MODIFIED as date_mod3_55_21_, descriptio23_.UPDT_ID as updt_id4_55_21_, descriptio23_.DESCRIPTION as descript5_55_21_, descriptio23_.LANGUAGE_ID as language9_55_21_, descriptio23_.NAME as name6_55_21_, descriptio23_.TITLE as title7_55_21_, descriptio23_.PRODUCT_OPTION_ID as product10_55_21_, descriptio23_.PRODUCT_OPTION_COMMENT as product_8_55_21_, descriptio23_.PRODUCT_OPTION_ID as product10_55_12__, descriptio23_.DESCRIPTION_ID as descript1_55_12__, descriptio24_.DATE_CREATED as date_cre2_58_22_, descriptio24_.DATE_MODIFIED as date_mod3_58_22_, descriptio24_.UPDT_ID as updt_id4_58_22_, descriptio24_.DESCRIPTION as descript5_58_22_, descriptio24_.LANGUAGE_ID as language8_58_22_, descriptio24_.NAME as name6_58_22_, descriptio24_.TITLE as title7_58_22_, descriptio24_.PRODUCT_OPTION_VALUE_ID as product_9_58_22_, descriptio24_.PRODUCT_OPTION_VALUE_ID as product_9_58_13__, descriptio24_.DESCRIPTION_ID as descript1_58_13__, productvar25_.DATE_CREATED as date_cre2_70_23_, productvar25_.DATE_MODIFIED as date_mod3_70_23_, productvar25_.UPDT_ID as updt_id4_70_23_, productvar25_.CODE as code5_70_23_, productvar25_.MERCHANT_ID as merchant8_70_23_, productvar25_.PRODUCT_OPTION_ID as product_9_70_23_, productvar25_.OPTION_VALUE_ID as option_10_70_23_, productvar25_.SORT_ORDER as sort_ord6_70_23_, productvar25_.VARIANT_DEFAULT as variant_7_70_23_, productopt26_.PRODUCT_OPTION_CODE as product_2_54_24_, productopt26_.MERCHANT_ID as merchant6_54_24_, productopt26_.PRODUCT_OPTION_SORT_ORD as product_3_54_24_, productopt26_.PRODUCT_OPTION_TYPE as product_4_54_24_, productopt26_.PRODUCT_OPTION_READ as product_5_54_24_, productopt27_.PRODUCT_OPTION_VAL_CODE as product_2_57_25_, productopt27_.MERCHANT_ID as merchant6_57_25_, productopt27_.PRODUCT_OPT_FOR_DISP as product_3_57_25_, productopt27_.PRODUCT_OPT_VAL_IMAGE as product_4_57_25_, productopt27_.PRODUCT_OPT_VAL_SORT_ORD as product_5_57_25_, descriptio28_.DATE_CREATED as date_cre2_55_26_, descriptio28_.DATE_MODIFIED as date_mod3_55_26_, descriptio28_.UPDT_ID as updt_id4_55_26_, descriptio28_.DESCRIPTION as descript5_55_26_, descriptio28_.LANGUAGE_ID as language9_55_26_, descriptio28_.NAME as name6_55_26_, descriptio28_.TITLE as title7_55_26_, descriptio28_.PRODUCT_OPTION_ID as product10_55_26_, descriptio28_.PRODUCT_OPTION_COMMENT as product_8_55_26_, descriptio28_.PRODUCT_OPTION_ID as product10_55_14__, descriptio28_.DESCRIPTION_ID as descript1_55_14__, descriptio29_.DATE_CREATED as date_cre2_58_27_, descriptio29_.DATE_MODIFIED as date_mod3_58_27_, descriptio29_.UPDT_ID as updt_id4_58_27_, descriptio29_.DESCRIPTION as descript5_58_27_, descriptio29_.LANGUAGE_ID as language8_58_27_, descriptio29_.NAME as name6_58_27_, descriptio29_.TITLE as title7_58_27_, descriptio29_.PRODUCT_OPTION_VALUE_ID as product_9_58_27_, descriptio29_.PRODUCT_OPTION_VALUE_ID as product_9_58_15__, descriptio29_.DESCRIPTION_ID as descript1_58_15__, availabili30_.DATE_CREATED as date_cre2_46_28_, availabili30_.DATE_MODIFIED as date_mod3_46_28_, availabili30_.UPDT_ID as updt_id4_46_28_, availabili30_.AVAILABLE as availabl5_46_28_, availabili30_.HEIGHT as height6_46_28_, availabili30_.LENGTH as length7_46_28_, availabili30_.WEIGHT as weight8_46_28_, availabili30_.WIDTH as width9_46_28_, availabili30_.MERCHANT_ID as merchan20_46_28_, availabili30_.OWNER as owner10_46_28_, availabili30_.PRODUCT_ID as product21_46_28_, availabili30_.DATE_AVAILABLE as date_av11_46_28_, availabili30_.FREE_SHIPPING as free_sh12_46_28_, availabili30_.QUANTITY as quantit13_46_28_, availabili30_.QUANTITY_ORD_MAX as quantit14_46_28_, availabili30_.QUANTITY_ORD_MIN as quantit15_46_28_, availabili30_.STATUS as status16_46_28_, availabili30_.PRODUCT_VARIANT as product22_46_28_, availabili30_.REGION as region17_46_28_, availabili30_.REGION_VARIANT as region_18_46_28_, availabili30_.SKU as sku19_46_28_, availabili30_.PRODUCT_VARIANT as product22_46_16__, availabili30_.PRODUCT_AVAIL_ID as product_1_46_16__, prices31_.PRODUCT_PRICE_CODE as product_2_59_29_, prices31_.DEFAULT_PRICE as default_3_59_29_, prices31_.PRODUCT_AVAIL_ID as product10_59_29_, prices31_.PRODUCT_IDENTIFIER_ID as product_4_59_29_, prices31_.PRODUCT_PRICE_AMOUNT as product_5_59_29_, prices31_.PRODUCT_PRICE_SPECIAL_AMOUNT as product_6_59_29_, prices31_.PRODUCT_PRICE_SPECIAL_END_DATE as product_7_59_29_, prices31_.PRODUCT_PRICE_SPECIAL_ST_DATE as product_8_59_29_, prices31_.PRODUCT_PRICE_TYPE as product_9_59_29_, prices31_.PRODUCT_AVAIL_ID as product10_59_17__, prices31_.PRODUCT_PRICE_ID as product_1_59_17__, descriptio32_.DATE_CREATED as date_cre2_60_30_, descriptio32_.DATE_MODIFIED as date_mod3_60_30_, descriptio32_.UPDT_ID as updt_id4_60_30_, descriptio32_.DESCRIPTION as descript5_60_30_, descriptio32_.LANGUAGE_ID as language9_60_30_, descriptio32_.NAME as name6_60_30_, descriptio32_.TITLE as title7_60_30_, descriptio32_.PRICE_APPENDER as price_ap8_60_30_, descriptio32_.PRODUCT_PRICE_ID as product10_60_30_, descriptio32_.PRODUCT_PRICE_ID as product10_60_18__, descriptio32_.DESCRIPTION_ID as descript1_60_18__, productvar33_.MERCHANT_ID as merchant2_69_31_, images34_.DEFAULT_IMAGE as default_2_66_32_, images34_.PRODUCT_IMAGE as product_3_66_32_, images34_.PRODUCT_VARIANT_GROUP_ID as product_4_66_32_, images34_.PRODUCT_VARIANT_GROUP_ID as product_4_66_19__, images34_.PRODUCT_VAR_IMAGE_ID as product_1_66_19__, descriptio35_.DATE_CREATED as date_cre2_67_33_, descriptio35_.DATE_MODIFIED as date_mod3_67_33_, descriptio35_.UPDT_ID as updt_id4_67_33_, descriptio35_.DESCRIPTION as descript5_67_33_, descriptio35_.LANGUAGE_ID as language9_67_33_, descriptio35_.NAME as name6_67_33_, descriptio35_.TITLE as title7_67_33_, descriptio35_.ALT_TAG as alt_tag8_67_33_, descriptio35_.PRODUCT_ID as product10_67_33_, descriptio35_.PRODUCT_VAR_IMAGE_ID as product11_67_33_, descriptio35_.PRODUCT_VAR_IMAGE_ID as product11_67_20__, descriptio35_.DESCRIPTION_ID as descript1_67_20__ from SALESMANAGER.PRODUCT product0_ inner join SALESMANAGER.PRODUCT_DESCRIPTION descriptio1_ on product0_.PRODUCT_ID=descriptio1_.PRODUCT_ID inner join SALESMANAGER.MERCHANT_STORE merchantst2_ on product0_.MERCHANT_ID=merchantst2_.MERCHANT_ID left outer join SALESMANAGER.PRODUCT_AVAILABILITY availabili3_ on product0_.PRODUCT_ID=availabili3_.PRODUCT_ID left outer join SALESMANAGER.PRODUCT_TYPE producttyp4_ on product0_.PRODUCT_TYPE_ID=producttyp4_.PRODUCT_TYPE_ID left outer join SALESMANAGER.PRODUCT_PRICE prices5_ on availabili3_.PRODUCT_AVAIL_ID=prices5_.PRODUCT_AVAIL_ID left outer join SALESMANAGER.PRODUCT_PRICE_DESCRIPTION descriptio6_ on prices5_.PRODUCT_PRICE_ID=descriptio6_.PRODUCT_PRICE_ID left outer join SALESMANAGER.PRODUCT_CATEGORY categories7_ on product0_.PRODUCT_ID=categories7_.PRODUCT_ID left outer join SALESMANAGER.CATEGORY category8_ on categories7_.CATEGORY_ID=category8_.CATEGORY_ID left outer join SALESMANAGER.CATEGORY_DESCRIPTION descriptio9_ on category8_.CATEGORY_ID=descriptio9_.CATEGORY_ID left outer join SALESMANAGER.PRODUCT_ATTRIBUTE attributes10_ on product0_.PRODUCT_ID=attributes10_.PRODUCT_ID left outer join SALESMANAGER.PRODUCT_OPTION productopt11_ on attributes10_.OPTION_ID=productopt11_.PRODUCT_OPTION_ID left outer join SALESMANAGER.PRODUCT_OPTION_DESC descriptio12_ on productopt11_.PRODUCT_OPTION_ID=descriptio12_.PRODUCT_OPTION_ID left outer join SALESMANAGER.PRODUCT_OPTION_VALUE productopt13_ on attributes10_.OPTION_VALUE_ID=productopt13_.PRODUCT_OPTION_VALUE_ID left outer join SALESMANAGER.PRODUCT_OPTION_VALUE_DESCRIPTION descriptio14_ on productopt13_.PRODUCT_OPTION_VALUE_ID=descriptio14_.PRODUCT_OPTION_VALUE_ID left outer join SALESMANAGER.PRODUCT_RELATIONSHIP relationsh15_ on product0_.PRODUCT_ID=relationsh15_.PRODUCT_ID left outer join SALESMANAGER.MANUFACTURER manufactur16_ on product0_.MANUFACTURER_ID=manufactur16_.MANUFACTURER_ID left outer join SALESMANAGER.MANUFACTURER_DESCRIPTION descriptio17_ on manufactur16_.MANUFACTURER_ID=descriptio17_.MANUFACTURER_ID left outer join SALESMANAGER.PRODUCT_VARIANT variants19_ on product0_.PRODUCT_ID=variants19_.PRODUCT_ID left outer join SALESMANAGER.PRODUCT_VARIATION productvar20_ on variants19_.PRODUCT_VARIATION_ID=productvar20_.PRODUCT_VARIATION_ID left outer join SALESMANAGER.PRODUCT_OPTION productopt21_ on productvar20_.PRODUCT_OPTION_ID=productopt21_.PRODUCT_OPTION_ID left outer join SALESMANAGER.PRODUCT_OPTION_VALUE productopt22_ on productvar20_.OPTION_VALUE_ID=productopt22_.PRODUCT_OPTION_VALUE_ID left outer join SALESMANAGER.PRODUCT_OPTION_DESC descriptio23_ on productopt21_.PRODUCT_OPTION_ID=descriptio23_.PRODUCT_OPTION_ID left outer join SALESMANAGER.PRODUCT_OPTION_VALUE_DESCRIPTION descriptio24_ on productopt22_.PRODUCT_OPTION_VALUE_ID=descriptio24_.PRODUCT_OPTION_VALUE_ID left outer join SALESMANAGER.PRODUCT_VARIATION productvar25_ on variants19_.PRODUCT_VARIATION_VALUE_ID=productvar25_.PRODUCT_VARIATION_ID left outer join SALESMANAGER.PRODUCT_OPTION productopt26_ on productvar25_.PRODUCT_OPTION_ID=productopt26_.PRODUCT_OPTION_ID left outer join SALESMANAGER.PRODUCT_OPTION_VALUE productopt27_ on productvar25_.OPTION_VALUE_ID=productopt27_.PRODUCT_OPTION_VALUE_ID left outer join SALESMANAGER.PRODUCT_OPTION_DESC descriptio28_ on productopt26_.PRODUCT_OPTION_ID=descriptio28_.PRODUCT_OPTION_ID left outer join SALESMANAGER.PRODUCT_OPTION_VALUE_DESCRIPTION descriptio29_ on productopt22_.PRODUCT_OPTION_VALUE_ID=descriptio29_.PRODUCT_OPTION_VALUE_ID left outer join SALESMANAGER.PRODUCT_AVAILABILITY availabili30_ on variants19_.PRODUCT_VARIANT_ID=availabili30_.PRODUCT_VARIANT left outer join SALESMANAGER.PRODUCT_PRICE prices31_ on availabili30_.PRODUCT_AVAIL_ID=prices31_.PRODUCT_AVAIL_ID left outer join SALESMANAGER.PRODUCT_PRICE_DESCRIPTION descriptio32_ on prices31_.PRODUCT_PRICE_ID=descriptio32_.PRODUCT_PRICE_ID left outer join SALESMANAGER.PRODUCT_VARIANT_GROUP productvar33_ on variants19_.PRODUCT_VARIANT_GROUP_ID=productvar33_.PRODUCT_VARIANT_GROUP_ID left outer join SALESMANAGER.PRODUCT_VAR_IMAGE images34_ on productvar33_.PRODUCT_VARIANT_GROUP_ID=images34_.PRODUCT_VARIANT_GROUP_ID left outer join SALESMANAGER.PRODUCT_VAR_IMAGE_DESCRIPTION descriptio35_ on images34_.PRODUCT_VAR_IMAGE_ID=descriptio35_.PRODUCT_VAR_IMAGE_ID where product0_.PRODUCT_ID=? and merchantst2_.MERCHANT_ID=?
2025-12-16 00:14:12.035 DEBUG 28064 --- [io-8080-exec-10] c.s.c.b.s.s.ShoppingCartServiceImpl      : Obsolete item ? false
2025-12-16 00:14:12.203 DEBUG 28064 --- [io-8080-exec-10] org.hibernate.SQL                        : select currency0_.CURRENCY_ID as currency1_8_, currency0_.CURRENCY_CODE as currency2_8_, currency0_.CURRENCY_CURRENCY_CODE as currency3_8_, currency0_.CURRENCY_NAME as currency4_8_, currency0_.CURRENCY_SUPPORTED as currency5_8_ from SALESMANAGER.CURRENCY currency0_ where currency0_.CURRENCY_CODE=?
2025-12-16 00:14:12.435 DEBUG 28064 --- [io-8080-exec-10] org.hibernate.SQL                        : select customer0_.CUSTOMER_ID as customer1_9_0_, merchantst1_.MERCHANT_ID as merchant1_29_1_, language2_.LANGUAGE_ID as language1_23_2_, attributes3_.CUSTOMER_ATTRIBUTE_ID as customer1_10_3_, customerop4_.CUSTOMER_OPTION_ID as customer1_14_4_, customerop5_.CUSTOMER_OPTION_VALUE_ID as customer1_17_5_, descriptio6_.DESCRIPTION_ID as descript1_15_6_, descriptio7_.DESCRIPTION_ID as descript1_12_7_, group9_.GROUP_ID as group_id1_76_8_, customer0_.CUSTOMER_ANONYMOUS as customer2_9_0_, customer0_.DATE_CREATED as date_cre3_9_0_, customer0_.DATE_MODIFIED as date_mod4_9_0_, customer0_.UPDT_ID as updt_id5_9_0_, customer0_.BILLING_STREET_ADDRESS as billing_6_9_0_, customer0_.BILLING_CITY as billing_7_9_0_, customer0_.BILLING_COMPANY as billing_8_9_0_, customer0_.BILLING_COUNTRY_ID as billing35_9_0_, customer0_.BILLING_FIRST_NAME as billing_9_9_0_, customer0_.BILLING_LAST_NAME as billing10_9_0_, customer0_.LATITUDE as latitud11_9_0_, customer0_.LONGITUDE as longitu12_9_0_, customer0_.BILLING_POSTCODE as billing13_9_0_, customer0_.BILLING_STATE as billing14_9_0_, customer0_.BILLING_TELEPHONE as billing15_9_0_, customer0_.BILLING_ZONE_ID as billing36_9_0_, customer0_.CUSTOMER_COMPANY as custome16_9_0_, customer0_.RESET_CREDENTIALS_REQ as reset_c17_9_0_, customer0_.RESET_CREDENTIALS_EXP as reset_c18_9_0_, customer0_.REVIEW_AVG as review_19_9_0_, customer0_.REVIEW_COUNT as review_20_9_0_, customer0_.CUSTOMER_DOB as custome21_9_0_, customer0_.LANGUAGE_ID as languag37_9_0_, customer0_.DELIVERY_STREET_ADDRESS as deliver22_9_0_, customer0_.DELIVERY_CITY as deliver23_9_0_, customer0_.DELIVERY_COMPANY as deliver24_9_0_, customer0_.DELIVERY_COUNTRY_ID as deliver38_9_0_, customer0_.DELIVERY_FIRST_NAME as deliver25_9_0_, customer0_.DELIVERY_LAST_NAME as deliver26_9_0_, customer0_.DELIVERY_POSTCODE as deliver27_9_0_, customer0_.DELIVERY_STATE as deliver28_9_0_, customer0_.DELIVERY_TELEPHONE as deliver29_9_0_, customer0_.DELIVERY_ZONE_ID as deliver39_9_0_, customer0_.CUSTOMER_EMAIL_ADDRESS as custome30_9_0_, customer0_.CUSTOMER_GENDER as custome31_9_0_, customer0_.MERCHANT_ID as merchan40_9_0_, customer0_.CUSTOMER_NICK as custome32_9_0_, customer0_.CUSTOMER_PASSWORD as custome33_9_0_, customer0_.PROVIDER as provide34_9_0_, merchantst1_.DATE_CREATED as date_cre2_29_1_, merchantst1_.DATE_MODIFIED as date_mod3_29_1_, merchantst1_.UPDT_ID as updt_id4_29_1_, merchantst1_.STORE_CODE as store_co5_29_1_, merchantst1_.CONTINUESHOPPINGURL as continue6_29_1_, merchantst1_.COUNTRY_ID as country25_29_1_, merchantst1_.CURRENCY_ID as currenc26_29_1_, merchantst1_.CURRENCY_FORMAT_NATIONAL as currency7_29_1_, merchantst1_.LANGUAGE_ID as languag27_29_1_, merchantst1_.DOMAIN_NAME as domain_n8_29_1_, merchantst1_.IN_BUSINESS_SINCE as in_busin9_29_1_, merchantst1_.INVOICE_TEMPLATE as invoice10_29_1_, merchantst1_.LINEAGE as lineage11_29_1_, merchantst1_.PARENT_ID as parent_28_29_1_, merchantst1_.IS_RETAILER as is_reta12_29_1_, merchantst1_.SEIZEUNITCODE as seizeun13_29_1_, merchantst1_.STORE_EMAIL as store_e14_29_1_, merchantst1_.STORE_LOGO as store_l15_29_1_, merchantst1_.STORE_TEMPLATE as store_t16_29_1_, merchantst1_.STORE_ADDRESS as store_a17_29_1_, merchantst1_.STORE_CITY as store_c18_29_1_, merchantst1_.STORE_NAME as store_n19_29_1_, merchantst1_.STORE_PHONE as store_p20_29_1_, merchantst1_.STORE_POSTAL_CODE as store_p21_29_1_, merchantst1_.STORE_STATE_PROV as store_s22_29_1_, merchantst1_.USE_CACHE as use_cac23_29_1_, merchantst1_.WEIGHTUNITCODE as weightu24_29_1_, merchantst1_.ZONE_ID as zone_id29_29_1_, language2_.DATE_CREATED as date_cre2_23_2_, language2_.DATE_MODIFIED as date_mod3_23_2_, language2_.UPDT_ID as updt_id4_23_2_, language2_.CODE as code5_23_2_, language2_.SORT_ORDER as sort_ord6_23_2_, attributes3_.CUSTOMER_ID as customer3_10_3_, attributes3_.OPTION_ID as option_i4_10_3_, attributes3_.OPTION_VALUE_ID as option_v5_10_3_, attributes3_.CUSTOMER_ATTR_TXT_VAL as customer2_10_3_, attributes3_.CUSTOMER_ID as customer3_10_0__, attributes3_.CUSTOMER_ATTRIBUTE_ID as customer1_10_0__, customerop4_.CUSTOMER_OPT_ACTIVE as customer2_14_4_, customerop4_.CUSTOMER_OPT_CODE as customer3_14_4_, customerop4_.CUSTOMER_OPTION_TYPE as customer4_14_4_, customerop4_.MERCHANT_ID as merchant7_14_4_, customerop4_.CUSTOMER_OPT_PUBLIC as customer5_14_4_, customerop4_.SORT_ORDER as sort_ord6_14_4_, customerop5_.CUSTOMER_OPT_VAL_CODE as customer2_17_5_, customerop5_.CUSTOMER_OPT_VAL_IMAGE as customer3_17_5_, customerop5_.MERCHANT_ID as merchant5_17_5_, customerop5_.SORT_ORDER as sort_ord4_17_5_, descriptio6_.DATE_CREATED as date_cre2_15_6_, descriptio6_.DATE_MODIFIED as date_mod3_15_6_, descriptio6_.UPDT_ID as updt_id4_15_6_, descriptio6_.DESCRIPTION as descript5_15_6_, descriptio6_.LANGUAGE_ID as language9_15_6_, descriptio6_.NAME as name6_15_6_, descriptio6_.TITLE as title7_15_6_, descriptio6_.CUSTOMER_OPTION_ID as custome10_15_6_, descriptio6_.CUSTOMER_OPTION_COMMENT as customer8_15_6_, descriptio6_.CUSTOMER_OPTION_ID as custome10_15_1__, descriptio6_.DESCRIPTION_ID as descript1_15_1__, descriptio7_.DATE_CREATED as date_cre2_12_7_, descriptio7_.DATE_MODIFIED as date_mod3_12_7_, descriptio7_.UPDT_ID as updt_id4_12_7_, descriptio7_.DESCRIPTION as descript5_12_7_, descriptio7_.LANGUAGE_ID as language8_12_7_, descriptio7_.NAME as name6_12_7_, descriptio7_.TITLE as title7_12_7_, descriptio7_.CUSTOMER_OPT_VAL_ID as customer9_12_7_, descriptio7_.CUSTOMER_OPT_VAL_ID as customer9_12_2__, descriptio7_.DESCRIPTION_ID as descript1_12_2__, group9_.DATE_CREATED as date_cre2_76_8_, group9_.DATE_MODIFIED as date_mod3_76_8_, group9_.UPDT_ID as updt_id4_76_8_, group9_.GROUP_NAME as group_na5_76_8_, group9_.GROUP_TYPE as group_ty6_76_8_, groups8_.CUSTOMER_ID as customer1_11_3__, groups8_.GROUP_ID as group_id2_11_3__ from SALESMANAGER.CUSTOMER customer0_ inner join SALESMANAGER.MERCHANT_STORE merchantst1_ on customer0_.MERCHANT_ID=merchantst1_.MERCHANT_ID left outer join SALESMANAGER.LANGUAGE language2_ on customer0_.LANGUAGE_ID=language2_.LANGUAGE_ID left outer join SALESMANAGER.CUSTOMER_ATTRIBUTE attributes3_ on customer0_.CUSTOMER_ID=attributes3_.CUSTOMER_ID left outer join SALESMANAGER.CUSTOMER_OPTION customerop4_ on attributes3_.OPTION_ID=customerop4_.CUSTOMER_OPTION_ID left outer join SALESMANAGER.CUSTOMER_OPTION_VALUE customerop5_ on attributes3_.OPTION_VALUE_ID=customerop5_.CUSTOMER_OPTION_VALUE_ID left outer join SALESMANAGER.CUSTOMER_OPTION_DESC descriptio6_ on customerop4_.CUSTOMER_OPTION_ID=descriptio6_.CUSTOMER_OPTION_ID left outer join SALESMANAGER.CUSTOMER_OPT_VAL_DESCRIPTION descriptio7_ on customerop5_.CUSTOMER_OPTION_VALUE_ID=descriptio7_.CUSTOMER_OPT_VAL_ID left outer join SALESMANAGER.CUSTOMER_GROUP groups8_ on customer0_.CUSTOMER_ID=groups8_.CUSTOMER_ID left outer join SALESMANAGER.SM_GROUP group9_ on groups8_.GROUP_ID=group9_.GROUP_ID where customer0_.CUSTOMER_ID=?
2025-12-16 00:14:12.664 ERROR 28064 --- [io-8080-exec-10] c.s.shop.store.api.v1.order.OrderApi     : Error while processing checkout

com.salesmanager.core.business.exception.ServiceException: java.lang.IllegalArgumentException: No enum constant com.salesmanager.core.model.payments.PaymentType.cod
	at com.salesmanager.shop.store.controller.order.facade.OrderFacadeImpl.processOrder(OrderFacadeImpl.java:1355) ~[classes/:na]
	at java.base/jdk.internal.reflect.DirectMethodHandleAccessor.invoke(DirectMethodHandleAccessor.java:103) ~[na:na]
	at java.base/java.lang.reflect.Method.invoke(Method.java:580) ~[na:na]
	at org.springframework.aop.support.AopUtils.invokeJoinpointUsingReflection(AopUtils.java:344) ~[spring-aop-5.3.18.jar:5.3.18]
	at org.springframework.aop.framework.JdkDynamicAopProxy.invoke(JdkDynamicAopProxy.java:208) ~[spring-aop-5.3.18.jar:5.3.18]
	at jdk.proxy2/jdk.proxy2.$Proxy328.processOrder(Unknown Source) ~[na:na]
	at com.salesmanager.shop.store.api.v1.order.OrderApi.checkout(OrderApi.java:375) ~[classes/:na]
	at java.base/jdk.internal.reflect.DirectMethodHandleAccessor.invoke(DirectMethodHandleAccessor.java:103) ~[na:na]
	at java.base/java.lang.reflect.Method.invoke(Method.java:580) ~[na:na]
	at org.springframework.web.method.support.InvocableHandlerMethod.doInvoke(InvocableHandlerMethod.java:205) ~[spring-web-5.3.18.jar:5.3.18]
	at org.springframework.web.method.support.InvocableHandlerMethod.invokeForRequest(InvocableHandlerMethod.java:150) ~[spring-web-5.3.18.jar:5.3.18]
	at org.springframework.web.servlet.mvc.method.annotation.ServletInvocableHandlerMethod.invokeAndHandle(ServletInvocableHandlerMethod.java:117) ~[spring-webmvc-5.3.18.jar:5.3.18]
	at org.springframework.web.servlet.mvc.method.annotation.RequestMappingHandlerAdapter.invokeHandlerMethod(RequestMappingHandlerAdapter.java:895) ~[spring-webmvc-5.3.18.jar:5.3.18]
	at org.springframework.web.servlet.mvc.method.annotation.RequestMappingHandlerAdapter.handleInternal(RequestMappingHandlerAdapter.java:808) ~[spring-webmvc-5.3.18.jar:5.3.18]
	at org.springframework.web.servlet.mvc.method.AbstractHandlerMethodAdapter.handle(AbstractHandlerMethodAdapter.java:87) ~[spring-webmvc-5.3.18.jar:5.3.18]
	at org.springframework.web.servlet.DispatcherServlet.doDispatch(DispatcherServlet.java:1067) ~[spring-webmvc-5.3.18.jar:5.3.18]
	at org.springframework.web.servlet.DispatcherServlet.doService(DispatcherServlet.java:963) ~[spring-webmvc-5.3.18.jar:5.3.18]
	at org.springframework.web.servlet.FrameworkServlet.processRequest(FrameworkServlet.java:1006) ~[spring-webmvc-5.3.18.jar:5.3.18]
	at org.springframework.web.servlet.FrameworkServlet.doPost(FrameworkServlet.java:909) ~[spring-webmvc-5.3.18.jar:5.3.18]
	at javax.servlet.http.HttpServlet.service(HttpServlet.java:681) ~[tomcat-embed-core-9.0.60.jar:4.0.FR]
	at org.springframework.web.servlet.FrameworkServlet.service(FrameworkServlet.java:883) ~[spring-webmvc-5.3.18.jar:5.3.18]
	at javax.servlet.http.HttpServlet.service(HttpServlet.java:764) ~[tomcat-embed-core-9.0.60.jar:4.0.FR]
	at org.apache.catalina.core.ApplicationFilterChain.internalDoFilter(ApplicationFilterChain.java:227) ~[tomcat-embed-core-9.0.60.jar:9.0.60]
	at org.apache.catalina.core.ApplicationFilterChain.doFilter(ApplicationFilterChain.java:162) ~[tomcat-embed-core-9.0.60.jar:9.0.60]
	at org.apache.tomcat.websocket.server.WsFilter.doFilter(WsFilter.java:53) ~[tomcat-embed-websocket-9.0.60.jar:9.0.60]
	at org.apache.catalina.core.ApplicationFilterChain.internalDoFilter(ApplicationFilterChain.java:189) ~[tomcat-embed-core-9.0.60.jar:9.0.60]
	at org.apache.catalina.core.ApplicationFilterChain.doFilter(ApplicationFilterChain.java:162) ~[tomcat-embed-core-9.0.60.jar:9.0.60]
	at org.springframework.web.filter.OncePerRequestFilter.doFilter(OncePerRequestFilter.java:111) ~[spring-web-5.3.18.jar:5.3.18]
	at org.apache.catalina.core.ApplicationFilterChain.internalDoFilter(ApplicationFilterChain.java:189) ~[tomcat-embed-core-9.0.60.jar:9.0.60]
	at org.apache.catalina.core.ApplicationFilterChain.doFilter(ApplicationFilterChain.java:162) ~[tomcat-embed-core-9.0.60.jar:9.0.60]
	at com.salesmanager.shop.filter.XssFilter.doFilter(XssFilter.java:38) ~[classes/:na]
	at org.apache.catalina.core.ApplicationFilterChain.internalDoFilter(ApplicationFilterChain.java:189) ~[tomcat-embed-core-9.0.60.jar:9.0.60]
	at org.apache.catalina.core.ApplicationFilterChain.doFilter(ApplicationFilterChain.java:162) ~[tomcat-embed-core-9.0.60.jar:9.0.60]
	at org.springframework.security.web.FilterChainProxy$VirtualFilterChain.doFilter(FilterChainProxy.java:327) ~[spring-security-web-5.5.5.jar:5.5.5]
	at org.springframework.security.web.access.intercept.FilterSecurityInterceptor.invoke(FilterSecurityInterceptor.java:115) ~[spring-security-web-5.5.5.jar:5.5.5]
	at org.springframework.security.web.access.intercept.FilterSecurityInterceptor.doFilter(FilterSecurityInterceptor.java:81) ~[spring-security-web-5.5.5.jar:5.5.5]
	at org.springframework.security.web.FilterChainProxy$VirtualFilterChain.doFilter(FilterChainProxy.java:336) ~[spring-security-web-5.5.5.jar:5.5.5]
	at org.springframework.security.web.access.ExceptionTranslationFilter.doFilter(ExceptionTranslationFilter.java:121) ~[spring-security-web-5.5.5.jar:5.5.5]
	at org.springframework.security.web.access.ExceptionTranslationFilter.doFilter(ExceptionTranslationFilter.java:115) ~[spring-security-web-5.5.5.jar:5.5.5]
	at org.springframework.security.web.FilterChainProxy$VirtualFilterChain.doFilter(FilterChainProxy.java:336) ~[spring-security-web-5.5.5.jar:5.5.5]
	at org.springframework.security.web.session.SessionManagementFilter.doFilter(SessionManagementFilter.java:126) ~[spring-security-web-5.5.5.jar:5.5.5]
	at org.springframework.security.web.session.SessionManagementFilter.doFilter(SessionManagementFilter.java:81) ~[spring-security-web-5.5.5.jar:5.5.5]
	at org.springframework.security.web.FilterChainProxy$VirtualFilterChain.doFilter(FilterChainProxy.java:336) ~[spring-security-web-5.5.5.jar:5.5.5]
	at org.springframework.security.web.authentication.AnonymousAuthenticationFilter.doFilter(AnonymousAuthenticationFilter.java:105) ~[spring-security-web-5.5.5.jar:5.5.5]
	at org.springframework.security.web.FilterChainProxy$VirtualFilterChain.doFilter(FilterChainProxy.java:336) ~[spring-security-web-5.5.5.jar:5.5.5]
	at org.springframework.security.web.servletapi.SecurityContextHolderAwareRequestFilter.doFilter(SecurityContextHolderAwareRequestFilter.java:149) ~[spring-security-web-5.5.5.jar:5.5.5]
	at org.springframework.security.web.FilterChainProxy$VirtualFilterChain.doFilter(FilterChainProxy.java:336) ~[spring-security-web-5.5.5.jar:5.5.5]
	at org.springframework.security.web.savedrequest.RequestCacheAwareFilter.doFilter(RequestCacheAwareFilter.java:63) ~[spring-security-web-5.5.5.jar:5.5.5]
	at org.springframework.security.web.FilterChainProxy$VirtualFilterChain.doFilter(FilterChainProxy.java:336) ~[spring-security-web-5.5.5.jar:5.5.5]
	at com.salesmanager.shop.store.security.AuthenticationTokenFilter.doFilterInternal(AuthenticationTokenFilter.java:124) ~[classes/:na]
	at org.springframework.web.filter.OncePerRequestFilter.doFilter(OncePerRequestFilter.java:117) ~[spring-web-5.3.18.jar:5.3.18]
	at org.springframework.security.web.FilterChainProxy$VirtualFilterChain.doFilter(FilterChainProxy.java:336) ~[spring-security-web-5.5.5.jar:5.5.5]
	at org.springframework.security.web.authentication.www.BasicAuthenticationFilter.doFilterInternal(BasicAuthenticationFilter.java:149) ~[spring-security-web-5.5.5.jar:5.5.5]
	at org.springframework.web.filter.OncePerRequestFilter.doFilter(OncePerRequestFilter.java:117) ~[spring-web-5.3.18.jar:5.3.18]
	at org.springframework.security.web.FilterChainProxy$VirtualFilterChain.doFilter(FilterChainProxy.java:336) ~[spring-security-web-5.5.5.jar:5.5.5]
	at org.springframework.security.web.authentication.logout.LogoutFilter.doFilter(LogoutFilter.java:103) ~[spring-security-web-5.5.5.jar:5.5.5]
	at org.springframework.security.web.authentication.logout.LogoutFilter.doFilter(LogoutFilter.java:89) ~[spring-security-web-5.5.5.jar:5.5.5]
	at org.springframework.security.web.FilterChainProxy$VirtualFilterChain.doFilter(FilterChainProxy.java:336) ~[spring-security-web-5.5.5.jar:5.5.5]
	at org.springframework.security.web.header.HeaderWriterFilter.doHeadersAfter(HeaderWriterFilter.java:90) ~[spring-security-web-5.5.5.jar:5.5.5]
	at org.springframework.security.web.header.HeaderWriterFilter.doFilterInternal(HeaderWriterFilter.java:75) ~[spring-security-web-5.5.5.jar:5.5.5]
	at org.springframework.web.filter.OncePerRequestFilter.doFilter(OncePerRequestFilter.java:117) ~[spring-web-5.3.18.jar:5.3.18]
	at org.springframework.security.web.FilterChainProxy$VirtualFilterChain.doFilter(FilterChainProxy.java:336) ~[spring-security-web-5.5.5.jar:5.5.5]
	at org.springframework.security.web.context.SecurityContextPersistenceFilter.doFilter(SecurityContextPersistenceFilter.java:110) ~[spring-security-web-5.5.5.jar:5.5.5]
	at org.springframework.security.web.context.SecurityContextPersistenceFilter.doFilter(SecurityContextPersistenceFilter.java:80) ~[spring-security-web-5.5.5.jar:5.5.5]
	at org.springframework.security.web.FilterChainProxy$VirtualFilterChain.doFilter(FilterChainProxy.java:336) ~[spring-security-web-5.5.5.jar:5.5.5]
	at org.springframework.security.web.context.request.async.WebAsyncManagerIntegrationFilter.doFilterInternal(WebAsyncManagerIntegrationFilter.java:55) ~[spring-security-web-5.5.5.jar:5.5.5]
	at org.springframework.web.filter.OncePerRequestFilter.doFilter(OncePerRequestFilter.java:117) ~[spring-web-5.3.18.jar:5.3.18]
	at org.springframework.security.web.FilterChainProxy$VirtualFilterChain.doFilter(FilterChainProxy.java:336) ~[spring-security-web-5.5.5.jar:5.5.5]
	at org.springframework.security.web.FilterChainProxy.doFilterInternal(FilterChainProxy.java:211) ~[spring-security-web-5.5.5.jar:5.5.5]
	at org.springframework.security.web.FilterChainProxy.doFilter(FilterChainProxy.java:183) ~[spring-security-web-5.5.5.jar:5.5.5]
	at org.springframework.web.filter.DelegatingFilterProxy.invokeDelegate(DelegatingFilterProxy.java:354) ~[spring-web-5.3.18.jar:5.3.18]
	at org.springframework.web.filter.DelegatingFilterProxy.doFilter(DelegatingFilterProxy.java:267) ~[spring-web-5.3.18.jar:5.3.18]
	at org.apache.catalina.core.ApplicationFilterChain.internalDoFilter(ApplicationFilterChain.java:189) ~[tomcat-embed-core-9.0.60.jar:9.0.60]
	at org.apache.catalina.core.ApplicationFilterChain.doFilter(ApplicationFilterChain.java:162) ~[tomcat-embed-core-9.0.60.jar:9.0.60]
	at org.springframework.web.filter.RequestContextFilter.doFilterInternal(RequestContextFilter.java:100) ~[spring-web-5.3.18.jar:5.3.18]
	at org.springframework.web.filter.OncePerRequestFilter.doFilter(OncePerRequestFilter.java:117) ~[spring-web-5.3.18.jar:5.3.18]
	at org.apache.catalina.core.ApplicationFilterChain.internalDoFilter(ApplicationFilterChain.java:189) ~[tomcat-embed-core-9.0.60.jar:9.0.60]
	at org.apache.catalina.core.ApplicationFilterChain.doFilter(ApplicationFilterChain.java:162) ~[tomcat-embed-core-9.0.60.jar:9.0.60]
	at org.springframework.web.filter.FormContentFilter.doFilterInternal(FormContentFilter.java:93) ~[spring-web-5.3.18.jar:5.3.18]
	at org.springframework.web.filter.OncePerRequestFilter.doFilter(OncePerRequestFilter.java:117) ~[spring-web-5.3.18.jar:5.3.18]
	at org.apache.catalina.core.ApplicationFilterChain.internalDoFilter(ApplicationFilterChain.java:189) ~[tomcat-embed-core-9.0.60.jar:9.0.60]
	at org.apache.catalina.core.ApplicationFilterChain.doFilter(ApplicationFilterChain.java:162) ~[tomcat-embed-core-9.0.60.jar:9.0.60]
	at org.springframework.boot.actuate.metrics.web.servlet.WebMvcMetricsFilter.doFilterInternal(WebMvcMetricsFilter.java:96) ~[spring-boot-actuator-2.5.12.jar:2.5.12]
	at org.springframework.web.filter.OncePerRequestFilter.doFilter(OncePerRequestFilter.java:117) ~[spring-web-5.3.18.jar:5.3.18]
	at org.apache.catalina.core.ApplicationFilterChain.internalDoFilter(ApplicationFilterChain.java:189) ~[tomcat-embed-core-9.0.60.jar:9.0.60]
	at org.apache.catalina.core.ApplicationFilterChain.doFilter(ApplicationFilterChain.java:162) ~[tomcat-embed-core-9.0.60.jar:9.0.60]
	at org.springframework.web.filter.CharacterEncodingFilter.doFilterInternal(CharacterEncodingFilter.java:201) ~[spring-web-5.3.18.jar:5.3.18]
	at org.springframework.web.filter.OncePerRequestFilter.doFilter(OncePerRequestFilter.java:117) ~[spring-web-5.3.18.jar:5.3.18]
	at org.apache.catalina.core.ApplicationFilterChain.internalDoFilter(ApplicationFilterChain.java:189) ~[tomcat-embed-core-9.0.60.jar:9.0.60]
	at org.apache.catalina.core.ApplicationFilterChain.doFilter(ApplicationFilterChain.java:162) ~[tomcat-embed-core-9.0.60.jar:9.0.60]
	at org.apache.catalina.core.StandardWrapperValve.invoke(StandardWrapperValve.java:197) ~[tomcat-embed-core-9.0.60.jar:9.0.60]
	at org.apache.catalina.core.StandardContextValve.invoke(StandardContextValve.java:97) ~[tomcat-embed-core-9.0.60.jar:9.0.60]
	at org.apache.catalina.authenticator.AuthenticatorBase.invoke(AuthenticatorBase.java:541) ~[tomcat-embed-core-9.0.60.jar:9.0.60]
	at org.apache.catalina.core.StandardHostValve.invoke(StandardHostValve.java:135) ~[tomcat-embed-core-9.0.60.jar:9.0.60]
	at org.apache.catalina.valves.ErrorReportValve.invoke(ErrorReportValve.java:92) ~[tomcat-embed-core-9.0.60.jar:9.0.60]
	at org.apache.catalina.core.StandardEngineValve.invoke(StandardEngineValve.java:78) ~[tomcat-embed-core-9.0.60.jar:9.0.60]
	at org.apache.catalina.connector.CoyoteAdapter.service(CoyoteAdapter.java:360) ~[tomcat-embed-core-9.0.60.jar:9.0.60]
	at org.apache.coyote.http11.Http11Processor.service(Http11Processor.java:399) ~[tomcat-embed-core-9.0.60.jar:9.0.60]
	at org.apache.coyote.AbstractProcessorLight.process(AbstractProcessorLight.java:65) ~[tomcat-embed-core-9.0.60.jar:9.0.60]
	at org.apache.coyote.AbstractProtocol$ConnectionHandler.process(AbstractProtocol.java:889) ~[tomcat-embed-core-9.0.60.jar:9.0.60]
	at org.apache.tomcat.util.net.NioEndpoint$SocketProcessor.doRun(NioEndpoint.java:1743) ~[tomcat-embed-core-9.0.60.jar:9.0.60]
	at org.apache.tomcat.util.net.SocketProcessorBase.run(SocketProcessorBase.java:49) ~[tomcat-embed-core-9.0.60.jar:9.0.60]
	at org.apache.tomcat.util.threads.ThreadPoolExecutor.runWorker(ThreadPoolExecutor.java:1191) ~[tomcat-embed-core-9.0.60.jar:9.0.60]
	at org.apache.tomcat.util.threads.ThreadPoolExecutor$Worker.run(ThreadPoolExecutor.java:659) ~[tomcat-embed-core-9.0.60.jar:9.0.60]
	at org.apache.tomcat.util.threads.TaskThread$WrappingRunnable.run(TaskThread.java:61) ~[tomcat-embed-core-9.0.60.jar:9.0.60]
	at java.base/java.lang.Thread.run(Thread.java:1583) ~[na:na]
Caused by: com.salesmanager.core.business.exception.ConversionException: java.lang.IllegalArgumentException: No enum constant com.salesmanager.core.model.payments.PaymentType.cod
	at com.salesmanager.shop.populator.order.PersistableOrderApiPopulator.populate(PersistableOrderApiPopulator.java:164) ~[classes/:na]
	at com.salesmanager.shop.populator.order.PersistableOrderApiPopulator$$FastClassBySpringCGLIB$$3bbf370c.invoke(<generated>) ~[classes/:na]
	at org.springframework.cglib.proxy.MethodProxy.invoke(MethodProxy.java:218) ~[spring-core-5.3.18.jar:5.3.18]
	at org.springframework.aop.framework.CglibAopProxy$CglibMethodInvocation.invokeJoinpoint(CglibAopProxy.java:783) ~[spring-aop-5.3.18.jar:5.3.18]
	at org.springframework.aop.framework.ReflectiveMethodInvocation.proceed(ReflectiveMethodInvocation.java:163) ~[spring-aop-5.3.18.jar:5.3.18]
	at org.springframework.aop.framework.CglibAopProxy$CglibMethodInvocation.proceed(CglibAopProxy.java:753) ~[spring-aop-5.3.18.jar:5.3.18]
	at org.springframework.aop.framework.adapter.AfterReturningAdviceInterceptor.invoke(AfterReturningAdviceInterceptor.java:57) ~[spring-aop-5.3.18.jar:5.3.18]
	at org.springframework.aop.framework.ReflectiveMethodInvocation.proceed(ReflectiveMethodInvocation.java:186) ~[spring-aop-5.3.18.jar:5.3.18]
	at org.springframework.aop.framework.CglibAopProxy$CglibMethodInvocation.proceed(CglibAopProxy.java:753) ~[spring-aop-5.3.18.jar:5.3.18]
	at org.springframework.aop.interceptor.ExposeInvocationInterceptor.invoke(ExposeInvocationInterceptor.java:97) ~[spring-aop-5.3.18.jar:5.3.18]
	at org.springframework.aop.framework.ReflectiveMethodInvocation.proceed(ReflectiveMethodInvocation.java:186) ~[spring-aop-5.3.18.jar:5.3.18]
	at org.springframework.aop.framework.CglibAopProxy$CglibMethodInvocation.proceed(CglibAopProxy.java:753) ~[spring-aop-5.3.18.jar:5.3.18]
	at org.springframework.aop.framework.CglibAopProxy$DynamicAdvisedInterceptor.intercept(CglibAopProxy.java:698) ~[spring-aop-5.3.18.jar:5.3.18]
	at com.salesmanager.shop.populator.order.PersistableOrderApiPopulator$$EnhancerBySpringCGLIB$$1a4902dd.populate(<generated>) ~[classes/:na]
	at com.salesmanager.shop.store.controller.order.facade.OrderFacadeImpl.processOrder(OrderFacadeImpl.java:1209) ~[classes/:na]
	... 105 common frames omitted
Caused by: java.lang.IllegalArgumentException: No enum constant com.salesmanager.core.model.payments.PaymentType.cod
	at java.base/java.lang.Enum.valueOf(Enum.java:293) ~[na:na]
	at com.salesmanager.core.model.payments.PaymentType.valueOf(PaymentType.java:3) ~[sm-core-model-3.2.5.jar:3.2.5]
	at com.salesmanager.shop.populator.order.PersistableOrderApiPopulator.populate(PersistableOrderApiPopulator.java:147) ~[classes/:na]
	... 119 common frames omitted

^CTerminate batch job (Y/N)? 